station_id,station_name,lat,lon,capacity,capacity_class,is_charging_station,is_superstation,valet_hours,primary_area_type,context_tags,context_summary,nearest_subway_station,distance_to_subway_m,near_subway,nearest_park_or_recreation,distance_to_park_m,near_park_or_recreation,nearest_tourist_or_event_place,distance_to_tourist_or_event_m,near_tourist_or_event,nearest_major_road,distance_to_major_road_m,near_major_road,is_waterfront,is_downtown_core,is_residential_context,historical_arrivals_per_day,historical_departures_per_day,historical_net_flow_per_day,historical_usage_class,historical_return_risk_class,agent_hint,source,source_notes
7000,Fort York  Blvd / Capreol Ct,43.639832,-79.395954,47,very_large,False,False,,tourist_event,very_large|tourist_event|downtown_core|near_park|near_tourist,"Very large tourist event station in the downtown core, near tourist or event venues and near a park or trail.",University / King Southwest corner (on King),1224,False,Canoe Landing Park,107,True,The Ground Floor: Jumblies Theatre,229,True,Lake Shore Boulevard West,159,False,False,True,False,65.59,71.75,-6.16,very_high,low,Tourist or event-area station; demand may spike around weekends and events.,gbfs|osm|ridership,"base metadata (name, lat/lon, capacity, charging) from GBFS station_information; spatial context (nearest subway, park, tourist, major road) from OpenStreetMap Overpass API; ridership stats from Toronto Open Data 2025–2026 annual ZIPs"
7001,Wellesley Station Green P,43.66496415990742,-79.38355031526893,23,medium,True,False,,transit_hub,medium|transit_hub|downtown_core|near_subway|near_park|charging_station,"Medium transit hub station near subway, in the downtown core and near a park or trail.",Wellesley Street East,28,True,Paul Kane House Parkette,143,True,Police Museum & Discovery Centre,445,False,Yonge Street,82,False,False,True,False,46.85,64.41,-17.56,very_high,medium,"Large capacity helps, but downtown commuter demand can change quickly; check alternatives early.",gbfs|osm|ridership,"base metadata (name, lat/lon, capacity, charging) from GBFS station_information; spatial context (nearest subway, park, tourist, major road) from OpenStreetMap Overpass API; ridership stats from Toronto Open Data 2025–2026 annual ZIPs"
7002,St. George St / Bloor St W,43.66713121831853,-79.3995550638237,19,medium,False,False,,transit_hub,medium|transit_hub|downtown_core|near_subway|near_park|near_tourist|near_major_road,"Medium transit hub station near subway, in the downtown core, near tourist or event venues, near a park or trail and on a major road.",St George Street,126,True,Bloor-Bedford Parkette,167,True,Michael Lee-Chin Crystal,381,True,Bloor Street West,49,True,False,True,False,59.75,64.83,-5.07,very_high,medium,"Large capacity helps, but downtown commuter demand can change quickly; check alternatives early.",gbfs|osm|ridership,"base metadata (name, lat/lon, capacity, charging) from GBFS station_information; spatial context (nearest subway, park, tourist, major road) from OpenStreetMap Overpass API; ridership stats from Toronto Open Data 2025–2026 annual ZIPs"
7003,Madison Ave / Bloor St W,43.66701830465472,-79.4027958687172,15,small,False,False,,transit_hub,small|transit_hub|downtown_core|near_subway|near_park|near_major_road,"Small transit hub station near subway, in the downtown core, near a park or trail and on a major road.",Spadina Road East Entrance,100,True,Paul Martel Park,68,True,"Ukrainian Museum of Canada, Ontario Branch",576,False,Bloor Street West,32,True,False,True,False,13.19,16.41,-3.22,high,low,"Large capacity helps, but downtown commuter demand can change quickly; check alternatives early.",gbfs|osm|ridership,"base metadata (name, lat/lon, capacity, charging) from GBFS station_information; spatial context (nearest subway, park, tourist, major road) from OpenStreetMap Overpass API; ridership stats from Toronto Open Data 2025–2026 annual ZIPs"
7005,King St W / York St,43.6480008,-79.383177,23,medium,False,False,,transit_hub,medium|transit_hub|downtown_core|near_subway|near_park|near_tourist|near_major_road,"Medium transit hub station near subway, in the downtown core, near tourist or event venues, near a park or trail and on a major road.",Entrance from 145 King West (via PATH),110,True,The Pasture,101,True,TD Gallery of Indigenous Art,226,True,King Street West,31,True,False,True,False,11.03,11.2,-0.18,medium,low,"Large capacity helps, but downtown commuter demand can change quickly; check alternatives early.",gbfs|osm|ridership,"base metadata (name, lat/lon, capacity, charging) from GBFS station_information; spatial context (nearest subway, park, tourist, major road) from OpenStreetMap Overpass API; ridership stats from Toronto Open Data 2025–2026 annual ZIPs"
7006,Bay St / College St (East Side),43.660439,-79.385525,31,large,False,False,,transit_hub,large|transit_hub|downtown_core|near_subway|near_park|near_tourist|near_major_road,"Large transit hub station near subway, in the downtown core, near tourist or event venues, near a park or trail and on a major road.",College Park Shops Entrance,202,True,College Park,167,True,Police Museum & Discovery Centre,82,True,Bay Street,13,True,False,True,False,78.39,86.58,-8.19,very_high,medium,"Large capacity helps, but downtown commuter demand can change quickly; check alternatives early.",gbfs|osm|ridership,"base metadata (name, lat/lon, capacity, charging) from GBFS station_information; spatial context (nearest subway, park, tourist, major road) from OpenStreetMap Overpass API; ridership stats from Toronto Open Data 2025–2026 annual ZIPs"
7007,College St / Huron St,43.658148,-79.398167,18,medium,False,False,,tourist_event,medium|tourist_event|downtown_core|near_park|near_tourist|near_major_road,"Medium tourist event station in the downtown core, near tourist or event venues, near a park or trail and on a major road.",University / College Southwest Entrance,614,False,Lillian H. Smith Park,50,True,Wildseed Centre for Art & Activism,206,True,College Street,13,True,False,True,False,61.66,66.12,-4.46,very_high,medium,Tourist or event-area station; demand may spike around weekends and events.,gbfs|osm|ridership,"base metadata (name, lat/lon, capacity, charging) from GBFS station_information; spatial context (nearest subway, park, tourist, major road) from OpenStreetMap Overpass API; ridership stats from Toronto Open Data 2025–2026 annual ZIPs"
7008,Wellesley St W / Queen's Park Cres,43.663376,-79.392125,19,medium,False,False,,transit_hub,medium|transit_hub|downtown_core|near_subway|near_park|near_tourist,"Medium transit hub station near subway, in the downtown core, near tourist or event venues and near a park or trail.",,238,True,Queen's Park,19,True,University of Toronto Art Centre,282,True,Queen's Park Crescent West,90,False,False,True,False,24.25,26.44,-2.19,high,low,"Large capacity helps, but downtown commuter demand can change quickly; check alternatives early.",gbfs|osm|ridership,"base metadata (name, lat/lon, capacity, charging) from GBFS station_information; spatial context (nearest subway, park, tourist, major road) from OpenStreetMap Overpass API; ridership stats from Toronto Open Data 2025–2026 annual ZIPs"
7010,King St W / Spadina Ave,43.64514249449372,-79.39510358283808,19,medium,False,False,,park_trail,medium|park_trail|downtown_core|near_park|near_major_road,"Medium park trail station in the downtown core, near a park or trail and on a major road.",University / King Southwest corner (on King),849,False,Clarence Square,161,True,CBC Museum,610,False,Spadina Avenue,24,True,False,True,False,25.18,25.69,-0.51,high,low,"Small residential or park-adjacent station; if full, alternatives may be farther away.",gbfs|osm|ridership,"base metadata (name, lat/lon, capacity, charging) from GBFS station_information; spatial context (nearest subway, park, tourist, major road) from OpenStreetMap Overpass API; ridership stats from Toronto Open Data 2025–2026 annual ZIPs"
7013,Scott St / The Esplanade,43.64659663170443,-79.37530913867988,19,medium,False,False,,transit_hub,medium|transit_hub|downtown_core|near_subway|near_park|near_tourist,"Medium transit hub station near subway, in the downtown core, near tourist or event venues and near a park or trail.",Yonge / Melinda,280,True,Berczy Park,154,True,The Market Gallery,398,True,Front Street East,102,False,False,True,False,34.77,36.03,-1.25,very_high,low,"Large capacity helps, but downtown commuter demand can change quickly; check alternatives early.",gbfs|osm|ridership,"base metadata (name, lat/lon, capacity, charging) from GBFS station_information; spatial context (nearest subway, park, tourist, major road) from OpenStreetMap Overpass API; ridership stats from Toronto Open Data 2025–2026 annual ZIPs"
7014,Sherbourne St / Carlton St (Allan Gardens),43.663102,-79.373181,17,medium,False,False,,tourist_event,medium|tourist_event|downtown_core|near_park|near_tourist|near_major_road,"Medium tourist event station in the downtown core, near tourist or event venues, near a park or trail and on a major road.",Yonge / Carlton Northeast Corner,792,False,Allan Gardens,163,True,Allan Gardens Conservatory,219,True,Carlton Street,11,True,False,True,False,39.4,41.81,-2.41,very_high,medium,Tourist or event-area station; demand may spike around weekends and events.,gbfs|osm|ridership,"base metadata (name, lat/lon, capacity, charging) from GBFS station_information; spatial context (nearest subway, park, tourist, major road) from OpenStreetMap Overpass API; ridership stats from Toronto Open Data 2025–2026 annual ZIPs"
7015,King St W / Bay St (West Side),43.64852,-79.380576,39,large,False,True,"Mon-Fri 7:00AM-10:00AM, 4:00PM-6:00PM",transit_hub,large|transit_hub|downtown_core|near_subway|near_park|near_tourist|near_major_road|superstation|valet_station,"Large transit hub station staffed superstation, near subway, in the downtown core, near tourist or event venues, near a park or trail and on a major road.",Yonge / King Southwest corner,196,True,The Pasture,179,True,Design Exchange,94,True,King Street West,26,True,False,True,False,122.94,66.68,56.26,very_high,medium,"Superstation: staffed Mon-Fri 7:00AM-10:00AM, 4:00PM-6:00PM with unlimited dock capacity; reliable during those windows, but normal commuter pressure outside them.",gbfs|osm|ridership|superstation_page|valet_page,"base metadata (name, lat/lon, capacity, charging) from GBFS station_information; spatial context (nearest subway, park, tourist, major road) from OpenStreetMap Overpass API; ridership stats from Toronto Open Data 2025–2026 annual ZIPs; superstation flag from bikesharetoronto.com/superstations/; valet hours (Mon-Fri 7:00AM-10:00AM, 4:00PM-6:00PM) from bikesharetoronto.com/valet-stations/"
7016,Bay St / Queens Quay W (Ferry Terminal),43.640978,-79.376785,35,large,False,False,,transit_hub,large|transit_hub|downtown_core|waterfront|near_subway|near_park|near_tourist|near_major_road,"Large transit hub station near subway, in the downtown core, on the waterfront, near tourist or event venues, near a park or trail and on a major road.",Queens Quay - Ferry Docks,43,True,Harbour Square Park,124,True,Giant Park Bench,150,True,Bay Street,24,True,True,True,False,76.44,76.97,-0.53,very_high,medium,"Large capacity helps, but downtown commuter demand can change quickly; check alternatives early.",gbfs|osm|ridership,"base metadata (name, lat/lon, capacity, charging) from GBFS station_information; spatial context (nearest subway, park, tourist, major road) from OpenStreetMap Overpass API; ridership stats from Toronto Open Data 2025–2026 annual ZIPs"
7017,Widmer St / Adelaide St W - SMART,43.647547634759206,-79.39155200496292,12,small,False,False,,tourist_event,small|tourist_event|downtown_core|near_tourist|near_major_road,"Small tourist event station in the downtown core, near tourist or event venues and on a major road.","University / Queen, Southwest Entrance",505,False,St. Patrick's Square,357,False,OCAD Graduate Gallery,292,True,Adelaide Street West,31,True,False,True,False,84.35,90.19,-5.84,very_high,high,Tourist or event-area station; demand may spike around weekends and events.,gbfs|osm|ridership,"base metadata (name, lat/lon, capacity, charging) from GBFS station_information; spatial context (nearest subway, park, tourist, major road) from OpenStreetMap Overpass API; ridership stats from Toronto Open Data 2025–2026 annual ZIPs"
7018,Bremner Blvd / Rees St,43.641529,-79.386741,49,very_large,False,False,,tourist_event,very_large|tourist_event|downtown_core|near_park|near_tourist,"Very large tourist event station in the downtown core, near tourist or event venues and near a park or trail.",Toronto Union Station,611,False,Bobbie Rosenfeld Park,63,True,CN Tower Edge Walk,112,True,Lake Shore Boulevard West,171,False,False,True,False,57.97,53.13,4.84,very_high,low,Tourist or event-area station; demand may spike around weekends and events.,gbfs|osm|ridership,"base metadata (name, lat/lon, capacity, charging) from GBFS station_information; spatial context (nearest subway, park, tourist, major road) from OpenStreetMap Overpass API; ridership stats from Toronto Open Data 2025–2026 annual ZIPs"
7019,Temperance St Station,43.650945,-79.379498,55,very_large,False,True,"Mon-Fri 7:00AM-10:00AM, 4:00PM-6:00PM",transit_hub,very_large|transit_hub|downtown_core|near_subway|near_park|near_tourist|near_major_road|superstation|valet_station,"Very large transit hub station staffed superstation, near subway, in the downtown core, near tourist or event venues, near a park or trail and on a major road.",Entrance from Hudson's Bay (via PATH),143,True,,38,True,Canada's Theatre Museum,230,True,Yonge Street,66,True,False,True,False,92.6,74.73,17.87,very_high,medium,"Superstation: staffed Mon-Fri 7:00AM-10:00AM, 4:00PM-6:00PM with unlimited dock capacity; reliable during those windows, but normal commuter pressure outside them.",gbfs|osm|ridership|superstation_page|valet_page,"base metadata (name, lat/lon, capacity, charging) from GBFS station_information; spatial context (nearest subway, park, tourist, major road) from OpenStreetMap Overpass API; ridership stats from Toronto Open Data 2025–2026 annual ZIPs; superstation flag from bikesharetoronto.com/superstations/; valet hours (Mon-Fri 7:00AM-10:00AM, 4:00PM-6:00PM) from bikesharetoronto.com/valet-stations/"
7020,Phoebe St / Spadina Ave,43.650033,-79.396555,33,large,False,False,,park_trail,large|park_trail|downtown_core|near_park|near_major_road,"Large park trail station in the downtown core, near a park or trail and on a major road.","University / Queen, Southwest Entrance",771,False,,52,True,OCAD Graduate Gallery,622,False,Spadina Avenue,34,True,False,True,False,24.92,21.14,3.79,high,low,"Small residential or park-adjacent station; if full, alternatives may be farther away.",gbfs|osm|ridership,"base metadata (name, lat/lon, capacity, charging) from GBFS station_information; spatial context (nearest subway, park, tourist, major road) from OpenStreetMap Overpass API; ridership stats from Toronto Open Data 2025–2026 annual ZIPs"
7021,Bay St / Albert St,43.653264,-79.382458,63,very_large,False,False,,transit_hub,very_large|transit_hub|downtown_core|near_subway|near_park|near_tourist|near_major_road,"Very large transit hub station near subway, in the downtown core, near tourist or event venues, near a park or trail and on a major road.",North Entrance from Eaton Centre (via PATH),205,True,Trinity Square,130,True,Nathan Phillips Square,132,True,Bay Street,23,True,False,True,False,49.76,49.65,0.11,very_high,low,"Large capacity helps, but downtown commuter demand can change quickly; check alternatives early.",gbfs|osm|ridership,"base metadata (name, lat/lon, capacity, charging) from GBFS station_information; spatial context (nearest subway, park, tourist, major road) from OpenStreetMap Overpass API; ridership stats from Toronto Open Data 2025–2026 annual ZIPs"
7023,College St / Borden St,43.6571,-79.4056,11,small,False,False,,tourist_event,small|tourist_event|downtown_core|near_park|near_tourist|near_major_road,"Small tourist event station in the downtown core, near tourist or event venues, near a park or trail and on a major road.",Markham Street,1078,False,The Doctors' Parkette,139,True,No. 8 Hose Station,74,True,College Street,38,True,False,True,False,38.29,40.92,-2.63,very_high,medium,Tourist or event-area station; demand may spike around weekends and events.,gbfs|osm|ridership,"base metadata (name, lat/lon, capacity, charging) from GBFS station_information; spatial context (nearest subway, park, tourist, major road) from OpenStreetMap Overpass API; ridership stats from Toronto Open Data 2025–2026 annual ZIPs"
7024,Dundonald St / Church St,43.66663,-79.38148,38,large,False,False,,transit_hub,large|transit_hub|downtown_core|near_subway|near_park,"Large transit hub station near subway, in the downtown core and near a park or trail.",Dundonald Street,215,True,Barbara Hall Park,77,True,Police Museum & Discovery Centre,679,False,Jarvis Street,232,False,False,True,False,13.41,33.01,-19.6,high,low,"Large capacity helps, but downtown commuter demand can change quickly; check alternatives early.",gbfs|osm|ridership,"base metadata (name, lat/lon, capacity, charging) from GBFS station_information; spatial context (nearest subway, park, tourist, major road) from OpenStreetMap Overpass API; ridership stats from Toronto Open Data 2025–2026 annual ZIPs"
7025,Ted Rogers Way / Bloor St E,43.671293,-79.380471,27,large,False,False,,park_trail,large|park_trail|near_park|near_major_road,Large park trail station near a park or trail and on a major road.,Sherbourne Street,330,False,Milner Parkette,278,True,TD Gallery,507,False,Ted Rogers Way,36,True,False,False,True,20.91,33.18,-12.27,high,low,"Small residential or park-adjacent station; if full, alternatives may be farther away.",gbfs|osm|ridership,"base metadata (name, lat/lon, capacity, charging) from GBFS station_information; spatial context (nearest subway, park, tourist, major road) from OpenStreetMap Overpass API; ridership stats from Toronto Open Data 2025–2026 annual ZIPs"
7026,Bay St / St. Joseph St,43.665527,-79.387499,15,small,False,False,,transit_hub,small|transit_hub|downtown_core|near_subway|near_park|near_major_road,"Small transit hub station near subway, in the downtown core, near a park or trail and on a major road.",Dundonald Street,290,True,Clover Hill Park,74,True,Police Museum & Discovery Centre,524,False,Bay Street,21,True,False,True,False,34.85,38.71,-3.86,very_high,medium,"Large capacity helps, but downtown commuter demand can change quickly; check alternatives early.",gbfs|osm|ridership,"base metadata (name, lat/lon, capacity, charging) from GBFS station_information; spatial context (nearest subway, park, tourist, major road) from OpenStreetMap Overpass API; ridership stats from Toronto Open Data 2025–2026 annual ZIPs"
7027,Beverley St / Dundas St W,43.652823,-79.393388,31,large,False,False,,tourist_event,large|tourist_event|downtown_core|near_park|near_tourist,"Large tourist event station in the downtown core, near tourist or event venues and near a park or trail.",438 University Avenue Entrance,432,False,Grange Park,114,True,Toronto bicycle tour,314,True,Dundas Street West,116,False,False,True,False,51.83,54.4,-2.57,very_high,low,Tourist or event-area station; demand may spike around weekends and events.,gbfs|osm|ridership,"base metadata (name, lat/lon, capacity, charging) from GBFS station_information; spatial context (nearest subway, park, tourist, major road) from OpenStreetMap Overpass API; ridership stats from Toronto Open Data 2025–2026 annual ZIPs"
7028,Gould St / Mutual St,43.6582,-79.3768,31,large,False,False,,tourist_event,large|tourist_event|downtown_core|near_park|near_tourist,"Large tourist event station in the downtown core, near tourist or event venues and near a park or trail.",Sankofa Square Elevator,360,False,Pitman Quad,96,True,Mackenzie House,301,True,Jarvis Street,140,False,False,True,False,49.27,59.86,-10.59,very_high,low,Tourist or event-area station; demand may spike around weekends and events.,gbfs|osm|ridership,"base metadata (name, lat/lon, capacity, charging) from GBFS station_information; spatial context (nearest subway, park, tourist, major road) from OpenStreetMap Overpass API; ridership stats from Toronto Open Data 2025–2026 annual ZIPs"
7029,Bay St / Bloor St W (East Side),43.66943,-79.38915,15,small,False,False,,transit_hub,small|transit_hub|downtown_core|near_subway|near_park|near_tourist|near_major_road,"Small transit hub station near subway, in the downtown core, near tourist or event venues, near a park or trail and on a major road.",80 Bloor Street West,84,True,Village of Yorkville Park,221,True,The Yorkville Rock,257,True,Bay Street,41,True,False,True,False,39.96,42.47,-2.51,very_high,medium,"Large capacity helps, but downtown commuter demand can change quickly; check alternatives early.",gbfs|osm|ridership,"base metadata (name, lat/lon, capacity, charging) from GBFS station_information; spatial context (nearest subway, park, tourist, major road) from OpenStreetMap Overpass API; ridership stats from Toronto Open Data 2025–2026 annual ZIPs"
7030,Bay St / Wellesley St W,43.664088,-79.387095,35,large,False,False,,transit_hub,large|transit_hub|downtown_core|near_subway|near_park|near_tourist|near_major_road,"Large transit hub station near subway, in the downtown core, near tourist or event venues, near a park or trail and on a major road.",Wellesley Street East,300,True,Breadalbane Park,92,True,Police Museum & Discovery Centre,364,True,Bay Street,23,True,False,True,False,51.68,79.96,-28.28,very_high,low,"Large capacity helps, but downtown commuter demand can change quickly; check alternatives early.",gbfs|osm|ridership,"base metadata (name, lat/lon, capacity, charging) from GBFS station_information; spatial context (nearest subway, park, tourist, major road) from OpenStreetMap Overpass API; ridership stats from Toronto Open Data 2025–2026 annual ZIPs"
7031,Jarvis St / Isabella St,43.668991,-79.379385,39,large,False,False,,park_trail,large|park_trail|downtown_core|near_park|near_major_road,"Large park trail station in the downtown core, near a park or trail and on a major road.",Sherbourne Street,424,False,Barbara Hall Park,273,True,TD Gallery,661,False,Jarvis Street,12,True,False,True,False,17.8,25.27,-7.47,high,low,"Small residential or park-adjacent station; if full, alternatives may be farther away.",gbfs|osm|ridership,"base metadata (name, lat/lon, capacity, charging) from GBFS station_information; spatial context (nearest subway, park, tourist, major road) from OpenStreetMap Overpass API; ridership stats from Toronto Open Data 2025–2026 annual ZIPs"
7032,Augusta Ave / Dundas St W,43.652473,-79.401456,15,small,False,False,,park_trail,small|park_trail|downtown_core|near_park|near_major_road,"Small park trail station in the downtown core, near a park or trail and on a major road.","University / Dundas, Northwest corner",1057,False,Bellevue Square Park,133,True,No. 8 Hose Station,558,False,Dundas Street West,35,True,False,True,False,32.78,34.38,-1.6,very_high,medium,"Small residential or park-adjacent station; if full, alternatives may be farther away.",gbfs|osm|ridership,"base metadata (name, lat/lon, capacity, charging) from GBFS station_information; spatial context (nearest subway, park, tourist, major road) from OpenStreetMap Overpass API; ridership stats from Toronto Open Data 2025–2026 annual ZIPs"
7033,Union Station,43.645609,-79.380386,43,very_large,False,False,,transit_hub,very_large|transit_hub|downtown_core|near_subway|near_park|near_tourist|near_major_road,"Very large transit hub station near subway, in the downtown core, near tourist or event venues, near a park or trail and on a major road.",Union,15,True,The Park at CIBC Square,224,True,TD Gallery of Indigenous Art,123,True,Front Street West,14,True,False,True,False,68.98,65.99,2.98,very_high,low,"Large capacity helps, but downtown commuter demand can change quickly; check alternatives early.",gbfs|osm|ridership,"base metadata (name, lat/lon, capacity, charging) from GBFS station_information; spatial context (nearest subway, park, tourist, major road) from OpenStreetMap Overpass API; ridership stats from Toronto Open Data 2025–2026 annual ZIPs"
7034,Church St / Bloor St E,43.671389,-79.382919,15,small,False,False,,tourist_event,small|tourist_event|near_subway|near_park|near_tourist|near_major_road,"Small tourist event station near subway, near tourist or event venues, near a park or trail and on a major road.",Bloor St East Entrance,189,True,Milner Parkette,113,True,TD Gallery,310,True,Bloor Street East,33,True,False,False,False,35.45,37.88,-2.43,very_high,medium,Tourist or event-area station; demand may spike around weekends and events.,gbfs|osm|ridership,"base metadata (name, lat/lon, capacity, charging) from GBFS station_information; spatial context (nearest subway, park, tourist, major road) from OpenStreetMap Overpass API; ridership stats from Toronto Open Data 2025–2026 annual ZIPs"
7035,Queen St W / Ossington Ave,43.643975,-79.419576,43,very_large,False,False,,tourist_event,very_large|tourist_event|downtown_core|near_park|near_tourist|near_major_road,"Very large tourist event station in the downtown core, near tourist or event venues, near a park or trail and on a major road.",Delaware Avenue,2115,False,Paul E. Garfinkel Park,161,True,Koffler Gallery,366,True,Queen Street West,6,True,False,True,False,34.51,35.11,-0.6,very_high,low,Tourist or event-area station; demand may spike around weekends and events.,gbfs|osm|ridership,"base metadata (name, lat/lon, capacity, charging) from GBFS station_information; spatial context (nearest subway, park, tourist, major road) from OpenStreetMap Overpass API; ridership stats from Toronto Open Data 2025–2026 annual ZIPs"
7036,Trinity St /Front St E,43.651318,-79.36023,19,medium,False,False,,tourist_event,medium|tourist_event|downtown_core|near_park|near_tourist,"Medium tourist event station in the downtown core, near tourist or event venues and near a park or trail.",Yonge / King Southeast corner,1397,False,,239,True,Distillery District,125,True,Eastern Avenue,103,False,False,True,False,19.17,19.15,0.01,high,low,Tourist or event-area station; demand may spike around weekends and events.,gbfs|osm|ridership,"base metadata (name, lat/lon, capacity, charging) from GBFS station_information; spatial context (nearest subway, park, tourist, major road) from OpenStreetMap Overpass API; ridership stats from Toronto Open Data 2025–2026 annual ZIPs"
7037,Bathurst St / Dundas St W,43.65220761646196,-79.4055689857289,41,very_large,False,False,,park_trail,very_large|park_trail|downtown_core|near_park|near_major_road,"Very large park trail station in the downtown core, near a park or trail and on a major road.","University / Dundas, Northwest corner",1386,False,Alexandra Park,200,True,No. 8 Hose Station,526,False,Dundas Street West,21,True,False,True,False,41.42,44.62,-3.2,very_high,low,"Small residential or park-adjacent station; if full, alternatives may be farther away.",gbfs|osm|ridership,"base metadata (name, lat/lon, capacity, charging) from GBFS station_information; spatial context (nearest subway, park, tourist, major road) from OpenStreetMap Overpass API; ridership stats from Toronto Open Data 2025–2026 annual ZIPs"
7038,Dundas St W / Yonge St,43.656094,-79.381484,31,large,False,False,,transit_hub,large|transit_hub|downtown_core|near_subway|near_park|near_tourist|near_major_road,"Large transit hub station near subway, in the downtown core, near tourist or event venues, near a park or trail and on a major road.",Entrance from Atrium on Bay (via PATH),27,True,Trinity Square,195,True,Little Canada,83,True,Dundas Street East,53,True,False,True,False,66.66,69.29,-2.62,very_high,medium,"Large capacity helps, but downtown commuter demand can change quickly; check alternatives early.",gbfs|osm|ridership,"base metadata (name, lat/lon, capacity, charging) from GBFS station_information; spatial context (nearest subway, park, tourist, major road) from OpenStreetMap Overpass API; ridership stats from Toronto Open Data 2025–2026 annual ZIPs"
7039,Simcoe St / Michael Sweet Ave,43.652327224103,-79.3882538196087,19,medium,False,False,,transit_hub,medium|transit_hub|downtown_core|near_subway|near_park|near_tourist|near_major_road,"Medium transit hub station near subway, in the downtown core, near tourist or event venues, near a park or trail and on a major road.","University / Queen, Northwest Entrance",181,True,,81,True,Campbell House,160,True,University Avenue,68,True,False,True,False,16.71,18.49,-1.78,high,low,"Large capacity helps, but downtown commuter demand can change quickly; check alternatives early.",gbfs|osm|ridership,"base metadata (name, lat/lon, capacity, charging) from GBFS station_information; spatial context (nearest subway, park, tourist, major road) from OpenStreetMap Overpass API; ridership stats from Toronto Open Data 2025–2026 annual ZIPs"
7040,Euclid Ave / Bloor St W,43.664467,-79.414783,19,medium,False,False,,transit_hub,medium|transit_hub|downtown_core|near_subway|near_park|near_major_road,"Medium transit hub station near subway, in the downtown core, near a park or trail and on a major road.",Markham Street,218,True,Euclid Avenue Parkette,54,True,"Ukrainian Museum of Canada, Ontario Branch",1055,False,Bloor Street West,57,True,False,True,False,20.91,24.68,-3.77,high,low,"Large capacity helps, but downtown commuter demand can change quickly; check alternatives early.",gbfs|osm|ridership,"base metadata (name, lat/lon, capacity, charging) from GBFS station_information; spatial context (nearest subway, park, tourist, major road) from OpenStreetMap Overpass API; ridership stats from Toronto Open Data 2025–2026 annual ZIPs"
7041,Edward St / Yonge St,43.656729,-79.382736,23,medium,False,False,,transit_hub,medium|transit_hub|downtown_core|near_subway|near_park|near_tourist,"Medium transit hub station near subway, in the downtown core, near tourist or event venues and near a park or trail.",Entrance from Atrium on Bay (via PATH),116,True,Trinity Square,264,True,Little Canada,147,True,Bay Street,108,False,False,True,False,46.29,51.22,-4.93,very_high,medium,"Large capacity helps, but downtown commuter demand can change quickly; check alternatives early.",gbfs|osm|ridership,"base metadata (name, lat/lon, capacity, charging) from GBFS station_information; spatial context (nearest subway, park, tourist, major road) from OpenStreetMap Overpass API; ridership stats from Toronto Open Data 2025–2026 annual ZIPs"
7042,Sherbourne St / Wellesley St E,43.6673,-79.374,31,large,False,False,,park_trail,large|park_trail|downtown_core|near_park,Large park trail station in the downtown core and near a park or trail.,Glen Road,551,False,Wellesley - Magill Park,142,True,Allan Gardens Conservatory,630,False,Jarvis Street,366,False,False,True,False,30.93,47.4,-16.47,very_high,low,"Small residential or park-adjacent station; if full, alternatives may be farther away.",gbfs|osm|ridership,"base metadata (name, lat/lon, capacity, charging) from GBFS station_information; spatial context (nearest subway, park, tourist, major road) from OpenStreetMap Overpass API; ridership stats from Toronto Open Data 2025–2026 annual ZIPs"
7043,Queens Quay W / Lower Simcoe St,43.63951,-79.383717,19,medium,False,False,,tourist_event,medium|tourist_event|downtown_core|waterfront|near_park|near_tourist,"Medium tourist event station in the downtown core, on the waterfront, near tourist or event venues and near a park or trail.",Queens Quay - Ferry Docks,560,False,Rees Street Parkette,74,True,Simcoe Wave Deck,93,True,Lake Shore Boulevard West,111,False,True,True,False,56.13,57.25,-1.12,very_high,medium,Tourist or event-area station; demand may spike around weekends and events.,gbfs|osm|ridership,"base metadata (name, lat/lon, capacity, charging) from GBFS station_information; spatial context (nearest subway, park, tourist, major road) from OpenStreetMap Overpass API; ridership stats from Toronto Open Data 2025–2026 annual ZIPs"
7044,Church St / Alexander St,43.663722,-79.380288,35,large,False,False,,park_trail,large|park_trail|downtown_core|near_park,Large park trail station in the downtown core and near a park or trail.,Wellesley Street East,319,False,,78,True,Allan Gardens Conservatory,476,False,Carlton Street,218,False,False,True,False,38.49,61.02,-22.54,very_high,low,"Small residential or park-adjacent station; if full, alternatives may be farther away.",gbfs|osm|ridership,"base metadata (name, lat/lon, capacity, charging) from GBFS station_information; spatial context (nearest subway, park, tourist, major road) from OpenStreetMap Overpass API; ridership stats from Toronto Open Data 2025–2026 annual ZIPs"
7045,Bond St / Queen St E,43.653236,-79.376716,37,large,False,False,,transit_hub,large|transit_hub|downtown_core|near_subway|near_park|near_tourist|near_major_road,"Large transit hub station near subway, in the downtown core, near tourist or event venues, near a park or trail and on a major road.",Entrance by 2 Queen Street East,180,True,,177,True,Canada's Theatre Museum,209,True,Queen Street East,52,True,False,True,False,47.49,49.05,-1.56,very_high,low,"Large capacity helps, but downtown commuter demand can change quickly; check alternatives early.",gbfs|osm|ridership,"base metadata (name, lat/lon, capacity, charging) from GBFS station_information; spatial context (nearest subway, park, tourist, major road) from OpenStreetMap Overpass API; ridership stats from Toronto Open Data 2025–2026 annual ZIPs"
7046,Niagara St / Richmond St W,43.64534,-79.409597,42,very_large,False,False,,tourist_event,very_large|tourist_event|downtown_core|near_tourist|near_major_road,"Very large tourist event station in the downtown core, near tourist or event venues and on a major road.","University / Queen, Southwest Entrance",1912,False,Stanley Park,317,False,the industREALarts room,234,True,Queen Street West,78,True,False,True,False,36.08,35.6,0.48,very_high,low,Tourist or event-area station; demand may spike around weekends and events.,gbfs|osm|ridership,"base metadata (name, lat/lon, capacity, charging) from GBFS station_information; spatial context (nearest subway, park, tourist, major road) from OpenStreetMap Overpass API; ridership stats from Toronto Open Data 2025–2026 annual ZIPs"
7047,University Ave / Gerrard St W (East Side),43.657763,-79.389165,25,medium,False,True,"Mon-Fri 7:00AM-10:00AM, 4:00PM-6:00PM",transit_hub,medium|transit_hub|downtown_core|near_subway|near_park|near_tourist|near_major_road|superstation|valet_station,"Medium transit hub station staffed superstation, near subway, in the downtown core, near tourist or event venues, near a park or trail and on a major road.",University / College Southeast Entrance,221,True,,40,True,Insulin: Toronto’s Gift to the World,273,True,University Avenue,25,True,False,True,False,71.96,63.82,8.14,very_high,medium,"Superstation: staffed Mon-Fri 7:00AM-10:00AM, 4:00PM-6:00PM with unlimited dock capacity; reliable during those windows, but normal commuter pressure outside them.",gbfs|osm|ridership|superstation_page|valet_page,"base metadata (name, lat/lon, capacity, charging) from GBFS station_information; spatial context (nearest subway, park, tourist, major road) from OpenStreetMap Overpass API; ridership stats from Toronto Open Data 2025–2026 annual ZIPs; superstation flag from bikesharetoronto.com/superstations/; valet hours (Mon-Fri 7:00AM-10:00AM, 4:00PM-6:00PM) from bikesharetoronto.com/valet-stations/"
7048,Front St W / Yonge St (Hockey Hall of Fame),43.646322912152456,-79.37746467249836,47,very_large,False,False,,transit_hub,very_large|transit_hub|downtown_core|near_subway|near_park|near_tourist|near_major_road,"Very large transit hub station near subway, in the downtown core, near tourist or event venues, near a park or trail and on a major road.",Entrance from Brookfield Place (via PATH),123,True,The Park at CIBC Square,188,True,Design Exchange,265,True,Front Street West,22,True,False,True,False,41.64,35.46,6.18,very_high,low,"Large capacity helps, but downtown commuter demand can change quickly; check alternatives early.",gbfs|osm|ridership,"base metadata (name, lat/lon, capacity, charging) from GBFS station_information; spatial context (nearest subway, park, tourist, major road) from OpenStreetMap Overpass API; ridership stats from Toronto Open Data 2025–2026 annual ZIPs"
7049,Portland St / Queen St W,43.6476,-79.4015,15,small,False,False,,park_trail,small|park_trail|downtown_core|near_park|near_major_road,"Small park trail station in the downtown core, near a park or trail and on a major road.","University / Queen, Southwest Entrance",1215,False,The Alex Wilson Community Garden,75,True,the industREALarts room,465,False,Queen Street West,15,True,False,True,False,50.22,53.38,-3.16,very_high,medium,"Small residential or park-adjacent station; if full, alternatives may be farther away.",gbfs|osm|ridership,"base metadata (name, lat/lon, capacity, charging) from GBFS station_information; spatial context (nearest subway, park, tourist, major road) from OpenStreetMap Overpass API; ridership stats from Toronto Open Data 2025–2026 annual ZIPs"
7050,Richmond St E / Jarvis St Green P,43.652634,-79.374222,16,medium,True,False,,tourist_event,medium|tourist_event|downtown_core|near_park|near_tourist|near_major_road|charging_station,"Medium tourist event station in the downtown core, near tourist or event venues, near a park or trail and on a major road.",Entrance by 2 Queen Street East,368,False,,89,True,Toronto's First Post Office,316,True,Richmond Street East,46,True,False,True,False,12.91,17.9,-4.99,high,low,Tourist or event-area station; demand may spike around weekends and events.,gbfs|osm|ridership,"base metadata (name, lat/lon, capacity, charging) from GBFS station_information; spatial context (nearest subway, park, tourist, major road) from OpenStreetMap Overpass API; ridership stats from Toronto Open Data 2025–2026 annual ZIPs"
7052,Wellington St W / Bay St,43.647259,-79.379878,55,very_large,False,False,,transit_hub,very_large|transit_hub|downtown_core|near_subway|near_park|near_tourist|near_major_road,"Very large transit hub station near subway, in the downtown core, near tourist or event venues, near a park or trail and on a major road.",Entrance from Royal Bank Plaza (via PATH),138,True,The Pasture,188,True,Design Exchange,57,True,Bay Street,17,True,False,True,False,43.9,42.0,1.9,very_high,low,"Large capacity helps, but downtown commuter demand can change quickly; check alternatives early.",gbfs|osm|ridership,"base metadata (name, lat/lon, capacity, charging) from GBFS station_information; spatial context (nearest subway, park, tourist, major road) from OpenStreetMap Overpass API; ridership stats from Toronto Open Data 2025–2026 annual ZIPs"
7053,Metro Hall Plaza,43.645859,-79.38783,27,large,False,False,,transit_hub,large|transit_hub|downtown_core|near_subway|near_park|near_tourist,"Large transit hub station near subway, in the downtown core, near tourist or event venues and near a park or trail.",University / King Southwest corner (on King),289,True,Simcoe Park,146,True,CBC Museum,165,True,King Street West,123,False,False,True,False,23.98,26.45,-2.47,high,low,"Large capacity helps, but downtown commuter demand can change quickly; check alternatives early.",gbfs|osm|ridership,"base metadata (name, lat/lon, capacity, charging) from GBFS station_information; spatial context (nearest subway, park, tourist, major road) from OpenStreetMap Overpass API; ridership stats from Toronto Open Data 2025–2026 annual ZIPs"
7054,Navy Wharf Crt / Bremner Blvd,43.640722,-79.391051,11,small,False,False,,tourist_event,small|tourist_event|downtown_core|near_park|near_tourist,"Small tourist event station in the downtown core, near tourist or event venues and near a park or trail.",University / King Southwest corner (on King),897,False,Southern Linear Park,143,True,CN Tower Edge Walk,373,True,Spadina Avenue,147,False,False,True,False,31.1,29.76,1.33,very_high,medium,Tourist or event-area station; demand may spike around weekends and events.,gbfs|osm|ridership,"base metadata (name, lat/lon, capacity, charging) from GBFS station_information; spatial context (nearest subway, park, tourist, major road) from OpenStreetMap Overpass API; ridership stats from Toronto Open Data 2025–2026 annual ZIPs"
7055,Jarvis St / Carlton St,43.66207,-79.37617,15,small,False,False,,tourist_event,small|tourist_event|downtown_core|near_park|near_tourist|near_major_road,"Small tourist event station in the downtown core, near tourist or event venues, near a park or trail and on a major road.",Yonge / Carlton Southeast Corner,533,False,Allan Gardens,143,True,Allan Gardens Conservatory,97,True,Jarvis Street,31,True,False,True,False,40.62,42.9,-2.28,very_high,medium,Tourist or event-area station; demand may spike around weekends and events.,gbfs|osm|ridership,"base metadata (name, lat/lon, capacity, charging) from GBFS station_information; spatial context (nearest subway, park, tourist, major road) from OpenStreetMap Overpass API; ridership stats from Toronto Open Data 2025–2026 annual ZIPs"
7057,Simcoe St / Wellington St W South,43.6458569,-79.3853654,27,large,False,False,,transit_hub,large|transit_hub|downtown_core|near_subway|near_park|near_tourist,"Large transit hub station near subway, in the downtown core, near tourist or event venues and near a park or trail.",University / King Southwest corner (on University),184,True,Simcoe Park,174,True,CBC Museum,243,True,University Avenue,119,False,False,True,False,30.81,32.86,-2.04,very_high,low,"Large capacity helps, but downtown commuter demand can change quickly; check alternatives early.",gbfs|osm|ridership,"base metadata (name, lat/lon, capacity, charging) from GBFS station_information; spatial context (nearest subway, park, tourist, major road) from OpenStreetMap Overpass API; ridership stats from Toronto Open Data 2025–2026 annual ZIPs"
7058,Huron St / Harbord St,43.6637,-79.400053,39,large,False,False,,tourist_event,large|tourist_event|downtown_core|near_park|near_tourist,"Large tourist event station in the downtown core, near tourist or event venues and near a park or trail.",OISE Entrance,490,False,,35,True,"Ukrainian Museum of Canada, Ontario Branch",267,True,Spadina Avenue,170,False,False,True,False,12.3,18.91,-6.62,high,low,Tourist or event-area station; demand may spike around weekends and events.,gbfs|osm|ridership,"base metadata (name, lat/lon, capacity, charging) from GBFS station_information; spatial context (nearest subway, park, tourist, major road) from OpenStreetMap Overpass API; ridership stats from Toronto Open Data 2025–2026 annual ZIPs"
7059,Front St W / Blue Jays Way,43.643473,-79.390477,15,small,False,False,,tourist_event,small|tourist_event|downtown_core|near_park|near_tourist|near_major_road,"Small tourist event station in the downtown core, near tourist or event venues, near a park or trail and on a major road.",University / King Southwest corner (on King),626,False,Isabella Valancy Crawford Park,129,True,CBC Museum,253,True,Front Street West,14,True,False,True,False,30.86,33.81,-2.95,very_high,medium,Tourist or event-area station; demand may spike around weekends and events.,gbfs|osm|ridership,"base metadata (name, lat/lon, capacity, charging) from GBFS station_information; spatial context (nearest subway, park, tourist, major road) from OpenStreetMap Overpass API; ridership stats from Toronto Open Data 2025–2026 annual ZIPs"
7061,Dalton Rd / Bloor St W,43.6662942,-79.4066433,15,small,False,False,,transit_hub,small|transit_hub|downtown_core|near_subway|near_park|near_major_road,"Small transit hub station near subway, in the downtown core, near a park or trail and on a major road.",Walmer Road,104,True,Joseph Burr Tyrell Park,64,True,"Ukrainian Museum of Canada, Ontario Branch",610,False,Bloor Street West,51,True,False,True,False,28.7,31.13,-2.43,very_high,low,"Large capacity helps, but downtown commuter demand can change quickly; check alternatives early.",gbfs|osm|ridership,"base metadata (name, lat/lon, capacity, charging) from GBFS station_information; spatial context (nearest subway, park, tourist, major road) from OpenStreetMap Overpass API; ridership stats from Toronto Open Data 2025–2026 annual ZIPs"
7063,Queen's Park / Bloor St W,43.668456,-79.393899,23,medium,False,False,,transit_hub,medium|transit_hub|downtown_core|near_subway|near_park|near_tourist|near_major_road,"Medium transit hub station near subway, in the downtown core, near tourist or event venues, near a park or trail and on a major road.",Queens Park West Side,133,True,,154,True,Michael Lee-Chin Crystal,97,True,Queen's Park,25,True,False,True,False,44.77,46.82,-2.05,very_high,low,"Large capacity helps, but downtown commuter demand can change quickly; check alternatives early.",gbfs|osm|ridership,"base metadata (name, lat/lon, capacity, charging) from GBFS station_information; spatial context (nearest subway, park, tourist, major road) from OpenStreetMap Overpass API; ridership stats from Toronto Open Data 2025–2026 annual ZIPs"
7064,51 Parliament St,43.652169,-79.362841,19,medium,False,False,,tourist_event,medium|tourist_event|downtown_core|near_park|near_tourist|near_major_road,"Medium tourist event station in the downtown core, near tourist or event venues, near a park or trail and on a major road.",Yonge / King Southeast corner,1212,False,Little Trinity Church Park,97,True,Distillery District,339,True,Parliament Street,28,True,False,True,False,11.14,11.22,-0.08,medium,low,Tourist or event-area station; demand may spike around weekends and events.,gbfs|osm|ridership,"base metadata (name, lat/lon, capacity, charging) from GBFS station_information; spatial context (nearest subway, park, tourist, major road) from OpenStreetMap Overpass API; ridership stats from Toronto Open Data 2025–2026 annual ZIPs"
7065,Dundas St E / Parliament St,43.659575,-79.365769,15,small,False,False,,park_trail,small|park_trail|downtown_core|near_park|near_major_road,"Small park trail station in the downtown core, near a park or trail and on a major road.",Sankofa Square Elevator,1235,False,Ontario Street Parkette,271,True,Allan Gardens Conservatory,785,False,Parliament Street,24,True,False,True,False,40.01,43.08,-3.06,very_high,medium,"Small residential or park-adjacent station; if full, alternatives may be farther away.",gbfs|osm|ridership,"base metadata (name, lat/lon, capacity, charging) from GBFS station_information; spatial context (nearest subway, park, tourist, major road) from OpenStreetMap Overpass API; ridership stats from Toronto Open Data 2025–2026 annual ZIPs"
7066,Willcocks St / St. George St,43.662085,-79.397735,15,small,False,False,,tourist_event,small|tourist_event|downtown_core|near_park|near_tourist,"Small tourist event station in the downtown core, near tourist or event venues and near a park or trail.",,551,False,Front Campus,212,True,University of Toronto Art Centre,216,True,Spadina Crescent,289,False,False,True,False,13.5,14.71,-1.21,high,low,Tourist or event-area station; demand may spike around weekends and events.,gbfs|osm|ridership,"base metadata (name, lat/lon, capacity, charging) from GBFS station_information; spatial context (nearest subway, park, tourist, major road) from OpenStreetMap Overpass API; ridership stats from Toronto Open Data 2025–2026 annual ZIPs"
7067,Yonge St / Lake Shore Blvd E,43.643795,-79.375413,27,large,False,False,,transit_hub,large|transit_hub|downtown_core|waterfront|near_subway|near_park|near_tourist|near_major_road,"Large transit hub station near subway, in the downtown core, on the waterfront, near tourist or event venues, near a park or trail and on a major road.",Queens Quay - Ferry Docks,279,True,The Park at CIBC Square,224,True,Van Gogh Exhibit,155,True,Lake Shore Boulevard West,14,True,True,True,False,0.34,0.41,-0.07,low,low,"Large capacity helps, but downtown commuter demand can change quickly; check alternatives early.",gbfs|osm|ridership,"base metadata (name, lat/lon, capacity, charging) from GBFS station_information; spatial context (nearest subway, park, tourist, major road) from OpenStreetMap Overpass API; ridership stats from Toronto Open Data 2025–2026 annual ZIPs"
7069,Queen St W / Spadina Ave,43.649147,-79.395504,11,small,False,False,,park_trail,small|park_trail|downtown_core|near_park|near_major_road,"Small park trail station in the downtown core, near a park or trail and on a major road.","University / Queen, Southwest Entrance",704,False,,179,True,OCAD Graduate Gallery,533,False,Spadina Avenue,72,True,False,True,False,22.3,23.11,-0.81,high,medium,"Small residential or park-adjacent station; if full, alternatives may be farther away.",gbfs|osm|ridership,"base metadata (name, lat/lon, capacity, charging) from GBFS station_information; spatial context (nearest subway, park, tourist, major road) from OpenStreetMap Overpass API; ridership stats from Toronto Open Data 2025–2026 annual ZIPs"
7070,25 York St – Union Station South,43.643667,-79.380414,11,small,False,False,,transit_hub,small|transit_hub|downtown_core|near_subway|near_park|near_tourist,"Small transit hub station near subway, in the downtown core, near tourist or event venues and near a park or trail.",Toronto Union Station,96,True,The Park at CIBC Square,229,True,TD Gallery of Indigenous Art,324,True,York Street,106,False,False,True,False,17.02,17.63,-0.62,high,low,"Large capacity helps, but downtown commuter demand can change quickly; check alternatives early.",gbfs|osm|ridership,"base metadata (name, lat/lon, capacity, charging) from GBFS station_information; spatial context (nearest subway, park, tourist, major road) from OpenStreetMap Overpass API; ridership stats from Toronto Open Data 2025–2026 annual ZIPs"
7071,161 Bleecker St (South of Wellesley),43.666233,-79.373327,23,medium,False,False,,park_trail,medium|park_trail|downtown_core|near_park,Medium park trail station in the downtown core and near a park or trail.,Glen Road,678,False,Bleecker Parkette,39,True,Allan Gardens Conservatory,525,False,Carlton Street,330,False,False,True,False,8.34,16.41,-8.06,medium,low,"Small residential or park-adjacent station; if full, alternatives may be farther away.",gbfs|osm|ridership,"base metadata (name, lat/lon, capacity, charging) from GBFS station_information; spatial context (nearest subway, park, tourist, major road) from OpenStreetMap Overpass API; ridership stats from Toronto Open Data 2025–2026 annual ZIPs"
7073,Spadina Ave / Fort York Blvd,43.640114,-79.393249,23,medium,False,False,,tourist_event,medium|tourist_event|downtown_core|near_park|near_tourist|near_major_road,"Medium tourist event station in the downtown core, near tourist or event venues, near a park or trail and on a major road.",University / King Southwest corner (on King),1055,False,Northern Linear Park,209,True,"""Poet's Corner"" - Music Garden",355,True,Spadina Avenue,23,True,False,True,False,37.78,39.51,-1.72,very_high,low,Tourist or event-area station; demand may spike around weekends and events.,gbfs|osm|ridership,"base metadata (name, lat/lon, capacity, charging) from GBFS station_information; spatial context (nearest subway, park, tourist, major road) from OpenStreetMap Overpass API; ridership stats from Toronto Open Data 2025–2026 annual ZIPs"
7074,King St E / Church St,43.650204164723476,-79.37335141779099,55,very_large,False,False,,tourist_event,very_large|tourist_event|downtown_core|near_park|near_tourist|near_major_road,"Very large tourist event station in the downtown core, near tourist or event venues, near a park or trail and on a major road.",Yonge / King Southeast corner,340,False,Sculpture Gardens,46,True,The Market Gallery,173,True,King Street East,49,True,False,True,False,10.04,11.03,-1.0,medium,low,Tourist or event-area station; demand may spike around weekends and events.,gbfs|osm|ridership,"base metadata (name, lat/lon, capacity, charging) from GBFS station_information; spatial context (nearest subway, park, tourist, major road) from OpenStreetMap Overpass API; ridership stats from Toronto Open Data 2025–2026 annual ZIPs"
7075,Queens Quay W / Dan Leckie Way,43.636533,-79.395854,27,large,True,False,,tourist_event,large|tourist_event|downtown_core|waterfront|near_park|near_tourist|charging_station,"Large tourist event station in the downtown core, on the waterfront, near tourist or event venues and near a park or trail.",University / King Southwest corner (on King),1499,False,Ireland Park,128,True,"""Poet's Corner"" - Music Garden",129,True,Lake Shore Boulevard West,130,False,True,True,False,33.95,36.49,-2.53,very_high,low,Tourist or event-area station; demand may spike around weekends and events.,gbfs|osm|ridership,"base metadata (name, lat/lon, capacity, charging) from GBFS station_information; spatial context (nearest subway, park, tourist, major road) from OpenStreetMap Overpass API; ridership stats from Toronto Open Data 2025–2026 annual ZIPs"
7076,York St / Queens Quay W,43.640132,-79.380464,57,very_large,False,False,,transit_hub,very_large|transit_hub|downtown_core|waterfront|near_subway|near_park|near_tourist,"Very large transit hub station near subway, in the downtown core, on the waterfront, near tourist or event venues and near a park or trail.",Queens Quay - Ferry Docks,292,True,Love Park,84,True,Mariposa Cruises,114,True,Harbour Street,95,False,True,True,False,112.53,110.03,2.5,very_high,medium,"Large capacity helps, but downtown commuter demand can change quickly; check alternatives early.",gbfs|osm|ridership,"base metadata (name, lat/lon, capacity, charging) from GBFS station_information; spatial context (nearest subway, park, tourist, major road) from OpenStreetMap Overpass API; ridership stats from Toronto Open Data 2025–2026 annual ZIPs"
7077,College Park South,43.65945682499,-79.38236466864778,19,medium,False,False,,transit_hub,medium|transit_hub|downtown_core|near_subway|near_park|near_tourist|near_major_road,"Medium transit hub station near subway, in the downtown core, near tourist or event venues, near a park or trail and on a major road.",College,138,True,McGill Parkette,70,True,Police Museum & Discovery Centre,291,True,Yonge Street,31,True,False,True,False,43.4,46.82,-3.41,very_high,medium,"Large capacity helps, but downtown commuter demand can change quickly; check alternatives early.",gbfs|osm|ridership,"base metadata (name, lat/lon, capacity, charging) from GBFS station_information; spatial context (nearest subway, park, tourist, major road) from OpenStreetMap Overpass API; ridership stats from Toronto Open Data 2025–2026 annual ZIPs"
7078,College St / Major St,43.6576,-79.4032,15,small,False,False,,tourist_event,small|tourist_event|downtown_core|near_park|near_tourist|near_major_road,"Small tourist event station in the downtown core, near tourist or event venues, near a park or trail and on a major road.",University / College Southwest Entrance,1021,False,The Doctors' Parkette,62,True,No. 8 Hose Station,145,True,College Street,27,True,False,True,False,79.94,83.54,-3.59,very_high,high,Tourist or event-area station; demand may spike around weekends and events.,gbfs|osm|ridership,"base metadata (name, lat/lon, capacity, charging) from GBFS station_information; spatial context (nearest subway, park, tourist, major road) from OpenStreetMap Overpass API; ridership stats from Toronto Open Data 2025–2026 annual ZIPs"
7079,McGill St / Church St,43.660694,-79.379052,19,medium,False,False,,tourist_event,medium|tourist_event|downtown_core|near_park|near_tourist,"Medium tourist event station in the downtown core, near tourist or event venues and near a park or trail.",Yonge / Carlton Southeast Corner,300,False,Kerr Hall Quad,216,True,Allan Gardens Conservatory,338,True,Carlton Street,134,False,False,True,False,37.16,40.82,-3.66,very_high,low,Tourist or event-area station; demand may spike around weekends and events.,gbfs|osm|ridership,"base metadata (name, lat/lon, capacity, charging) from GBFS station_information; spatial context (nearest subway, park, tourist, major road) from OpenStreetMap Overpass API; ridership stats from Toronto Open Data 2025–2026 annual ZIPs"
7084,High Park - Grenadier Cafe,43.645599,-79.4657123,11,small,False,False,,tourist_event,small|tourist_event|near_park|near_tourist,Small tourist event station near tourist or event venues and near a park or trail.,Parkview Gardens South,897,False,High Park,251,True,High Park Labyrinth,154,True,Parkside Drive,714,False,False,False,False,8.46,8.47,-0.01,medium,low,Tourist or event-area station; demand may spike around weekends and events.,gbfs|osm|ridership,"base metadata (name, lat/lon, capacity, charging) from GBFS station_information; spatial context (nearest subway, park, tourist, major road) from OpenStreetMap Overpass API; ridership stats from Toronto Open Data 2025–2026 annual ZIPs"
7085,Danforth Ave / Westlake Ave,43.687323,-79.304848,15,small,False,False,,park_trail,small|park_trail|near_subway|near_park|near_major_road,"Small park trail station near subway, near a park or trail and on a major road.",Main Street,293,True,Stephenson Park,180,True,Create Art Studio,1166,False,Danforth Avenue,27,True,False,False,True,5.0,5.96,-0.96,medium,low,"Small residential or park-adjacent station; if full, alternatives may be farther away.",gbfs|osm|ridership,"base metadata (name, lat/lon, capacity, charging) from GBFS station_information; spatial context (nearest subway, park, tourist, major road) from OpenStreetMap Overpass API; ridership stats from Toronto Open Data 2025–2026 annual ZIPs"
7086,High Park - West Rd,43.651922,-79.465693,23,medium,False,False,,park_trail,medium|park_trail|near_subway|near_park,Medium park trail station near subway and near a park or trail.,High Park,236,True,Bennett Park,248,True,High Park Labyrinth,555,False,Bloor Street West,166,False,False,False,True,7.36,7.72,-0.36,medium,low,"Small residential or park-adjacent station; if full, alternatives may be farther away.",gbfs|osm|ridership,"base metadata (name, lat/lon, capacity, charging) from GBFS station_information; spatial context (nearest subway, park, tourist, major road) from OpenStreetMap Overpass API; ridership stats from Toronto Open Data 2025–2026 annual ZIPs"
7087,Danforth Ave / Aldridge Ave,43.684758,-79.316767,11,small,False,False,,tourist_event,small|tourist_event|near_park|near_tourist|near_major_road,"Small tourist event station near tourist or event venues, near a park or trail and on a major road.",Woodbine / Strathmore Northwest Corner,343,False,East Lynn Park,133,True,Create Art Studio,167,True,Danforth Avenue,34,True,False,False,False,4.37,4.54,-0.18,medium,low,Tourist or event-area station; demand may spike around weekends and events.,gbfs|osm|ridership,"base metadata (name, lat/lon, capacity, charging) from GBFS station_information; spatial context (nearest subway, park, tourist, major road) from OpenStreetMap Overpass API; ridership stats from Toronto Open Data 2025–2026 annual ZIPs"
7088,Danforth Ave / Coxwell Ave,43.683378,-79.322961,15,small,False,False,,tourist_event,small|tourist_event|near_subway|near_park|near_tourist|near_major_road,"Small tourist event station near subway, near tourist or event venues, near a park or trail and on a major road.",Coxwell,86,True,Robertson Parkette,98,True,Create Art Studio,355,True,Danforth Avenue,16,True,False,False,False,9.67,10.54,-0.87,medium,low,Tourist or event-area station; demand may spike around weekends and events.,gbfs|osm|ridership,"base metadata (name, lat/lon, capacity, charging) from GBFS station_information; spatial context (nearest subway, park, tourist, major road) from OpenStreetMap Overpass API; ridership stats from Toronto Open Data 2025–2026 annual ZIPs"
7089,Church St  / Wood St,43.662712,-79.379903,27,large,False,False,,transit_hub,large|transit_hub|downtown_core|near_subway|near_park,"Large transit hub station near subway, in the downtown core and near a park or trail.",Yonge / Carlton Northeast Corner,269,True,,89,True,Allan Gardens Conservatory,404,False,Carlton Street,103,False,False,True,False,45.79,63.38,-17.59,very_high,low,"Large capacity helps, but downtown commuter demand can change quickly; check alternatives early.",gbfs|osm|ridership,"base metadata (name, lat/lon, capacity, charging) from GBFS station_information; spatial context (nearest subway, park, tourist, major road) from OpenStreetMap Overpass API; ridership stats from Toronto Open Data 2025–2026 annual ZIPs"
7090,Danforth Ave / Lamb Ave,43.681991,-79.329455,19,medium,False,False,,park_trail,medium|park_trail|near_subway|near_park|near_major_road,"Medium park trail station near subway, near a park or trail and on a major road.",Linnsmore Crescent,84,True,Felstead Park,290,True,Create Art Studio,899,False,Danforth Avenue,17,True,False,False,True,11.31,14.31,-2.99,high,low,"Small residential or park-adjacent station; if full, alternatives may be farther away.",gbfs|osm|ridership,"base metadata (name, lat/lon, capacity, charging) from GBFS station_information; spatial context (nearest subway, park, tourist, major road) from OpenStreetMap Overpass API; ridership stats from Toronto Open Data 2025–2026 annual ZIPs"
7091,Donlands Subway Station,43.681114,-79.3373885,15,small,False,False,,residential,small|residential|near_subway|near_major_road,Small residential station near subway and on a major road.,Donlands Avenue,29,True,Langford Parkette,339,False,The Danforth Art Studio,1463,False,Danforth Avenue,77,True,False,False,True,7.08,8.72,-1.63,medium,low,"Small residential or park-adjacent station; if full, alternatives may be farther away.",gbfs|osm|ridership,"base metadata (name, lat/lon, capacity, charging) from GBFS station_information; spatial context (nearest subway, park, tourist, major road) from OpenStreetMap Overpass API; ridership stats from Toronto Open Data 2025–2026 annual ZIPs"
7093,Danforth Ave / Gough Ave,43.678401,-79.346289,25,medium,False,False,,park_trail,medium|park_trail|near_subway|near_park|near_major_road,"Medium park trail station near subway, near a park or trail and on a major road.",Pape Avenue,191,True,Carlaw Avenue Parkette,116,True,The Danforth Art Studio,693,False,Danforth Avenue,43,True,False,False,True,19.04,23.54,-4.5,high,low,"Small residential or park-adjacent station; if full, alternatives may be farther away.",gbfs|osm|ridership,"base metadata (name, lat/lon, capacity, charging) from GBFS station_information; spatial context (nearest subway, park, tourist, major road) from OpenStreetMap Overpass API; ridership stats from Toronto Open Data 2025–2026 annual ZIPs"
7094,14 Arundel Ave,43.6784834,-79.3513564,25,medium,True,False,,tourist_event,medium|tourist_event|near_subway|near_park|near_tourist|charging_station,"Medium tourist event station near subway, near tourist or event venues and near a park or trail.",Chester East,62,True,Logan Avenue Parkette,84,True,The Danforth Art Studio,309,True,Danforth Avenue,93,False,False,False,False,15.19,21.06,-5.87,high,low,Tourist or event-area station; demand may spike around weekends and events.,gbfs|osm|ridership,"base metadata (name, lat/lon, capacity, charging) from GBFS station_information; spatial context (nearest subway, park, tourist, major road) from OpenStreetMap Overpass API; ridership stats from Toronto Open Data 2025–2026 annual ZIPs"
7095,Danforth Ave / Ellerbeck St,43.677076,-79.35667,15,small,False,False,,tourist_event,small|tourist_event|near_subway|near_park|near_tourist,"Small tourist event station near subway, near tourist or event venues and near a park or trail.",Broadview Avenue,166,True,Broadview Subway Station Parkette,139,True,The Danforth Art Studio,156,True,Danforth Avenue,96,False,False,False,False,13.68,15.03,-1.35,high,low,Tourist or event-area station; demand may spike around weekends and events.,gbfs|osm|ridership,"base metadata (name, lat/lon, capacity, charging) from GBFS station_information; spatial context (nearest subway, park, tourist, major road) from OpenStreetMap Overpass API; ridership stats from Toronto Open Data 2025–2026 annual ZIPs"
7096,Lower Don River Trail and Taylor Creek Trail,43.7027268,-79.33368089999999,19,medium,False,False,,residential,medium|residential,Medium residential station.,Don Valley,1982,False,Cullen Bryant Park,515,False,Create Art Studio,2382,False,Don Mills Road,93,False,False,False,True,3.93,3.92,0.01,medium,low,"Small residential or park-adjacent station; if full, alternatives may be farther away.",gbfs|osm|ridership,"base metadata (name, lat/lon, capacity, charging) from GBFS station_information; spatial context (nearest subway, park, tourist, major road) from OpenStreetMap Overpass API; ridership stats from Toronto Open Data 2025–2026 annual ZIPs"
7097,Riverdale Park North (Broadview Ave),43.671172,-79.354704,15,small,False,False,,park_trail,small|park_trail|near_park|near_major_road,Small park trail station near a park or trail and on a major road.,Broadview Avenue,696,False,Riverdale Park East,174,True,Old Don Jail,584,False,Broadview Avenue,22,True,False,False,True,17.37,17.2,0.16,high,low,"Small residential or park-adjacent station; if full, alternatives may be farther away.",gbfs|osm|ridership,"base metadata (name, lat/lon, capacity, charging) from GBFS station_information; spatial context (nearest subway, park, tourist, major road) from OpenStreetMap Overpass API; ridership stats from Toronto Open Data 2025–2026 annual ZIPs"
7098,Riverdale Park South (Broadview Ave),43.667819,-79.35347,15,small,False,False,,tourist_event,small|tourist_event|near_park|near_tourist|near_major_road,"Small tourist event station near tourist or event venues, near a park or trail and on a major road.",Broadview Avenue,1076,False,Hubbard Park,274,True,Old Don Jail,218,True,Broadview Avenue,10,True,False,False,False,21.71,22.42,-0.71,high,low,Tourist or event-area station; demand may spike around weekends and events.,gbfs|osm|ridership,"base metadata (name, lat/lon, capacity, charging) from GBFS station_information; spatial context (nearest subway, park, tourist, major road) from OpenStreetMap Overpass API; ridership stats from Toronto Open Data 2025–2026 annual ZIPs"
7099,Mill St / Cherry St,43.65141432968699,-79.35680471562972,39,large,False,False,,tourist_event,large|tourist_event|near_park|near_tourist,Large tourist event station near tourist or event venues and near a park or trail.,Yonge / King Southeast corner,1671,False,,290,True,Distillery District,246,True,Lake Shore Boulevard East,236,False,False,False,False,11.72,13.4,-1.68,high,low,Tourist or event-area station; demand may spike around weekends and events.,gbfs|osm|ridership,"base metadata (name, lat/lon, capacity, charging) from GBFS station_information; spatial context (nearest subway, park, tourist, major road) from OpenStreetMap Overpass API; ridership stats from Toronto Open Data 2025–2026 annual ZIPs"
7100,Dundas St E / Regent Park Blvd,43.660207,-79.361275,27,large,False,False,,park_trail,large|park_trail|downtown_core|near_park,Large park trail station in the downtown core and near a park or trail.,Bloor Street,1585,False,Regent Park,114,True,Toronto Chinese Archway,849,False,Gerrard Street East,320,False,False,True,False,63.52,67.1,-3.58,very_high,medium,"Small residential or park-adjacent station; if full, alternatives may be farther away.",gbfs|osm|ridership,"base metadata (name, lat/lon, capacity, charging) from GBFS station_information; spatial context (nearest subway, park, tourist, major road) from OpenStreetMap Overpass API; ridership stats from Toronto Open Data 2025–2026 annual ZIPs"
7101,Lower Sherbourne St / The Esplanade,43.648655,-79.367061,27,large,False,False,,tourist_event,large|tourist_event|downtown_core|near_park|near_tourist,"Large tourist event station in the downtown core, near tourist or event venues and near a park or trail.",Yonge / King Southeast corner,830,False,,51,True,Museum of Illusions,268,True,Front Street East,204,False,False,True,False,43.93,42.45,1.48,very_high,low,Tourist or event-area station; demand may spike around weekends and events.,gbfs|osm|ridership,"base metadata (name, lat/lon, capacity, charging) from GBFS station_information; spatial context (nearest subway, park, tourist, major road) from OpenStreetMap Overpass API; ridership stats from Toronto Open Data 2025–2026 annual ZIPs"
7102,Nelson St / Duncan St,43.648711,-79.389728,31,large,False,False,,tourist_event,large|tourist_event|downtown_core|near_park|near_tourist|near_major_road,"Large tourist event station in the downtown core, near tourist or event venues, near a park or trail and on a major road.","University / Queen, Southwest Entrance",309,False,St. Patrick's Square,233,True,OCAD Graduate Gallery,97,True,Richmond Street West,69,True,False,True,False,70.13,67.64,2.48,very_high,medium,Tourist or event-area station; demand may spike around weekends and events.,gbfs|osm|ridership,"base metadata (name, lat/lon, capacity, charging) from GBFS station_information; spatial context (nearest subway, park, tourist, major road) from OpenStreetMap Overpass API; ridership stats from Toronto Open Data 2025–2026 annual ZIPs"
7103,Jimmie Simpson Park (Queen St E),43.6605603,-79.3437663,32,large,False,False,,park_trail,large|park_trail|near_park|near_major_road,Large park trail station near a park or trail and on a major road.,Chester West,2086,False,Jimmie Simpson Park,132,True,Tchotchke House (Crazy Doll House),761,False,Queen Street East,71,True,False,False,True,21.89,20.38,1.52,high,low,"Small residential or park-adjacent station; if full, alternatives may be farther away.",gbfs|osm|ridership,"base metadata (name, lat/lon, capacity, charging) from GBFS station_information; spatial context (nearest subway, park, tourist, major road) from OpenStreetMap Overpass API; ridership stats from Toronto Open Data 2025–2026 annual ZIPs"
7104,King St E / River St,43.656784782853144,-79.35627385059036,15,small,False,False,,park_trail,small|park_trail|near_park|near_major_road,Small park trail station near a park or trail and on a major road.,Entrance by 2 Queen Street East,1869,False,,61,True,Distillery District,761,False,King Street East,13,True,False,False,True,35.66,37.85,-2.18,very_high,medium,"Small residential or park-adjacent station; if full, alternatives may be farther away.",gbfs|osm|ridership,"base metadata (name, lat/lon, capacity, charging) from GBFS station_information; spatial context (nearest subway, park, tourist, major road) from OpenStreetMap Overpass API; ridership stats from Toronto Open Data 2025–2026 annual ZIPs"
7105,Queen St E / Sackville St,43.6561111,-79.36138888888888,15,small,False,False,,park_trail,small|park_trail|downtown_core|near_park|near_major_road,"Small park trail station in the downtown core, near a park or trail and on a major road.",Entrance by 2 Queen Street East,1452,False,Bright Street Playground,136,True,Distillery District,660,False,Queen Street East,20,True,False,True,False,10.72,11.55,-0.83,medium,low,"Small residential or park-adjacent station; if full, alternatives may be farther away.",gbfs|osm|ridership,"base metadata (name, lat/lon, capacity, charging) from GBFS station_information; spatial context (nearest subway, park, tourist, major road) from OpenStreetMap Overpass API; ridership stats from Toronto Open Data 2025–2026 annual ZIPs"
7106,Mill St / Tannery Rd,43.652151817184,-79.35458218097422,23,medium,False,False,,park_trail,medium|park_trail|near_park,Medium park trail station near a park or trail.,Yonge / King Southeast corner,1860,False,,101,True,Distillery District,442,False,Adelaide Street East,325,False,False,False,True,21.98,22.38,-0.4,high,low,"Small residential or park-adjacent station; if full, alternatives may be farther away.",gbfs|osm|ridership,"base metadata (name, lat/lon, capacity, charging) from GBFS station_information; spatial context (nearest subway, park, tourist, major road) from OpenStreetMap Overpass API; ridership stats from Toronto Open Data 2025–2026 annual ZIPs"
7107,Cherry St / Distillery Ln,43.650279,-79.356832,15,small,False,False,,tourist_event,small|tourist_event|near_tourist,Small tourist event station near tourist or event venues.,Yonge / King Southeast corner,1655,False,,377,False,Distillery District,212,True,Lake Shore Boulevard East,110,False,False,False,False,36.11,36.59,-0.49,very_high,medium,Tourist or event-area station; demand may spike around weekends and events.,gbfs|osm|ridership,"base metadata (name, lat/lon, capacity, charging) from GBFS station_information; spatial context (nearest subway, park, tourist, major road) from OpenStreetMap Overpass API; ridership stats from Toronto Open Data 2025–2026 annual ZIPs"
7109,Seaton St / Dundas St E - SMART,43.658777,-79.369596,32,large,False,False,,park_trail,large|park_trail|downtown_core|near_park|near_major_road,"Large park trail station in the downtown core, near a park or trail and on a major road.",Sankofa Square Elevator,915,False,Ontario Street Parkette,204,True,Allan Gardens Conservatory,547,False,Dundas Street East,59,True,False,True,False,5.26,7.37,-2.11,medium,low,"Small residential or park-adjacent station; if full, alternatives may be farther away.",gbfs|osm|ridership,"base metadata (name, lat/lon, capacity, charging) from GBFS station_information; spatial context (nearest subway, park, tourist, major road) from OpenStreetMap Overpass API; ridership stats from Toronto Open Data 2025–2026 annual ZIPs"
7110,Queen St E / Berkeley St,43.6552778,-79.36583333333333,15,small,False,False,,park_trail,small|park_trail|downtown_core|near_park|near_major_road,"Small park trail station in the downtown core, near a park or trail and on a major road.",Entrance by 2 Queen Street East,1083,False,,220,True,Toronto's First Post Office,521,False,Queen Street East,9,True,False,True,False,17.33,18.52,-1.19,high,low,"Small residential or park-adjacent station; if full, alternatives may be farther away.",gbfs|osm|ridership,"base metadata (name, lat/lon, capacity, charging) from GBFS station_information; spatial context (nearest subway, park, tourist, major road) from OpenStreetMap Overpass API; ridership stats from Toronto Open Data 2025–2026 annual ZIPs"
7111,King St W / Douro St,43.640885,-79.416379,11,small,False,False,,park_trail,small|park_trail|downtown_core|near_park|near_major_road,"Small park trail station in the downtown core, near a park or trail and on a major road.",Ossington Avenue,2519,False,Joseph Workman Park,138,True,InterAccess,569,False,King Street West,32,True,False,True,False,23.72,24.84,-1.12,high,medium,"Small residential or park-adjacent station; if full, alternatives may be farther away.",gbfs|osm|ridership,"base metadata (name, lat/lon, capacity, charging) from GBFS station_information; spatial context (nearest subway, park, tourist, major road) from OpenStreetMap Overpass API; ridership stats from Toronto Open Data 2025–2026 annual ZIPs"
7112,Liberty St / Fraser Ave Green P,43.637981,-79.424146,19,medium,False,False,,tourist_event,medium|tourist_event|near_park|near_tourist,Medium tourist event station near tourist or event venues and near a park or trail.,Russett Avenue - E,2616,False,Allan A. Lamport Stadium Park,134,True,Museum of Television,158,True,King Street West,173,False,False,False,False,23.25,24.2,-0.95,high,low,Tourist or event-area station; demand may spike around weekends and events.,gbfs|osm|ridership,"base metadata (name, lat/lon, capacity, charging) from GBFS station_information; spatial context (nearest subway, park, tourist, major road) from OpenStreetMap Overpass API; ridership stats from Toronto Open Data 2025–2026 annual ZIPs"
7113,Parliament St / Aberdeen Ave,43.665278,-79.368333,15,small,False,False,,park_trail,small|park_trail|downtown_core|near_park|near_major_road,"Small park trail station in the downtown core, near a park or trail and on a major road.",Bloor Street,890,False,Winchester Square Park,273,True,Allan Gardens Conservatory,674,False,Parliament Street,26,True,False,True,False,21.3,22.56,-1.26,high,low,"Small residential or park-adjacent station; if full, alternatives may be farther away.",gbfs|osm|ridership,"base metadata (name, lat/lon, capacity, charging) from GBFS station_information; spatial context (nearest subway, park, tourist, major road) from OpenStreetMap Overpass API; ridership stats from Toronto Open Data 2025–2026 annual ZIPs"
7114,Carlton St / Parliament St,43.664524,-79.36793,27,large,False,False,,park_trail,large|park_trail|downtown_core|near_park|near_major_road,"Large park trail station in the downtown core, near a park or trail and on a major road.",Bloor Street,977,False,Anniversary Park,268,True,Allan Gardens Conservatory,656,False,Parliament Street,11,True,False,True,False,42.08,44.62,-2.54,very_high,low,"Small residential or park-adjacent station; if full, alternatives may be farther away.",gbfs|osm|ridership,"base metadata (name, lat/lon, capacity, charging) from GBFS station_information; spatial context (nearest subway, park, tourist, major road) from OpenStreetMap Overpass API; ridership stats from Toronto Open Data 2025–2026 annual ZIPs"
7115,Howard St / Sherbourne St,43.6712581,-79.376367,31,large,False,False,,park_trail,large|park_trail|near_subway|near_park,Large park trail station near subway and near a park or trail.,Sherbourne Street,108,True,Dr. Gordon Chong park,274,True,TD Gallery,837,False,Bloor Street East,128,False,False,False,True,21.81,34.27,-12.46,high,low,"Small residential or park-adjacent station; if full, alternatives may be farther away.",gbfs|osm|ridership,"base metadata (name, lat/lon, capacity, charging) from GBFS station_information; spatial context (nearest subway, park, tourist, major road) from OpenStreetMap Overpass API; ridership stats from Toronto Open Data 2025–2026 annual ZIPs"
7116,Bloor St E / Parliament St,43.671946102001826,-79.37245115337294,19,medium,False,False,,park_trail,medium|park_trail|near_subway|near_park|near_major_road,"Medium park trail station near subway, near a park or trail and on a major road.",Glen Road,209,True,Dr. Gordon Chong park,59,True,TD Gallery,1151,False,Bloor Street East,23,True,False,False,True,18.22,20.09,-1.87,high,low,"Small residential or park-adjacent station; if full, alternatives may be farther away.",gbfs|osm|ridership,"base metadata (name, lat/lon, capacity, charging) from GBFS station_information; spatial context (nearest subway, park, tourist, major road) from OpenStreetMap Overpass API; ridership stats from Toronto Open Data 2025–2026 annual ZIPs"
7117,Castle Frank Subway Station,43.67418030086386,-79.36795839711793,19,medium,False,False,,park_trail,medium|park_trail|near_subway|near_park|near_major_road,"Medium park trail station near subway, near a park or trail and on a major road.",Castle Frank Road,51,True,Prince Edward Viaduct Parkette,31,True,The Danforth Art Studio,1114,False,Bloor Street East,24,True,False,False,True,7.97,8.55,-0.58,medium,low,"Small residential or park-adjacent station; if full, alternatives may be farther away.",gbfs|osm|ridership,"base metadata (name, lat/lon, capacity, charging) from GBFS station_information; spatial context (nearest subway, park, tourist, major road) from OpenStreetMap Overpass API; ridership stats from Toronto Open Data 2025–2026 annual ZIPs"
7118,King St W / Bay St (East Side),43.648575,-79.380042,19,medium,False,True,"Mon-Fri 7:00AM-10:00AM, 4:00PM-6:00PM",transit_hub,medium|transit_hub|downtown_core|near_subway|near_park|near_tourist|near_major_road|superstation|valet_station,"Medium transit hub station staffed superstation, near subway, in the downtown core, near tourist or event venues, near a park or trail and on a major road.",Yonge / King Southwest corner,153,True,Arnell Plaza,207,True,Design Exchange,93,True,King Street West,20,True,False,True,False,25.67,26.49,-0.82,high,low,"Superstation: staffed Mon-Fri 7:00AM-10:00AM, 4:00PM-6:00PM with unlimited dock capacity; reliable during those windows, but normal commuter pressure outside them.",gbfs|osm|ridership|superstation_page|valet_page,"base metadata (name, lat/lon, capacity, charging) from GBFS station_information; spatial context (nearest subway, park, tourist, major road) from OpenStreetMap Overpass API; ridership stats from Toronto Open Data 2025–2026 annual ZIPs; superstation flag from bikesharetoronto.com/superstations/; valet hours (Mon-Fri 7:00AM-10:00AM, 4:00PM-6:00PM) from bikesharetoronto.com/valet-stations/"
7119,Sumach St / Carlton St (Riverdale Farm),43.665867,-79.362506,15,small,False,False,,park_trail,small|park_trail|downtown_core|near_park,Small park trail station in the downtown core and near a park or trail.,Bloor Street,982,False,Riverdale Park West,206,True,Old Don Jail,667,False,River Street,286,False,False,True,False,19.73,19.98,-0.25,high,low,"Small residential or park-adjacent station; if full, alternatives may be farther away.",gbfs|osm|ridership,"base metadata (name, lat/lon, capacity, charging) from GBFS station_information; spatial context (nearest subway, park, tourist, major road) from OpenStreetMap Overpass API; ridership stats from Toronto Open Data 2025–2026 annual ZIPs"
7120,Gerrard St E / River St,43.663993,-79.358534,11,small,False,False,,park_trail,small|park_trail|near_park|near_major_road,Small park trail station near a park or trail and on a major road.,Bloor Street,1340,False,Oak Street Park,204,True,Old Don Jail,409,False,River Street,61,True,False,False,True,7.89,8.32,-0.42,medium,low,"Small residential or park-adjacent station; if full, alternatives may be farther away.",gbfs|osm|ridership,"base metadata (name, lat/lon, capacity, charging) from GBFS station_information; spatial context (nearest subway, park, tourist, major road) from OpenStreetMap Overpass API; ridership stats from Toronto Open Data 2025–2026 annual ZIPs"
7121,Jarvis St / Dundas St E,43.657266,-79.374756,27,large,False,False,,tourist_event,large|tourist_event|downtown_core|near_park|near_tourist|near_major_road,"Large tourist event station in the downtown core, near tourist or event venues, near a park or trail and on a major road.",Sankofa Square Elevator,470,False,Arena Gardens,168,True,Mackenzie House,331,True,Jarvis Street,19,True,False,True,False,51.84,56.72,-4.88,very_high,low,Tourist or event-area station; demand may spike around weekends and events.,gbfs|osm|ridership,"base metadata (name, lat/lon, capacity, charging) from GBFS station_information; spatial context (nearest subway, park, tourist, major road) from OpenStreetMap Overpass API; ridership stats from Toronto Open Data 2025–2026 annual ZIPs"
7122,Niagara St / Tecumseth St,43.641389,-79.404444,15,small,False,False,,tourist_event,small|tourist_event|downtown_core|near_tourist,Small tourist event station in the downtown core and near tourist or event venues.,University / King Southwest corner (on King),1701,False,,356,False,Fort York,278,True,Bathurst Street,215,False,False,True,False,19.9,21.31,-1.4,high,low,Tourist or event-area station; demand may spike around weekends and events.,gbfs|osm|ridership,"base metadata (name, lat/lon, capacity, charging) from GBFS station_information; spatial context (nearest subway, park, tourist, major road) from OpenStreetMap Overpass API; ridership stats from Toronto Open Data 2025–2026 annual ZIPs"
7123,420 Wellington St W,43.643834,-79.396649,15,small,False,False,,park_trail,small|park_trail|downtown_core|near_park,Small park trail station in the downtown core and near a park or trail.,University / King Southwest corner (on King),1018,False,Draper Park,172,True,The Ground Floor: Jumblies Theatre,519,False,King Street West,146,False,False,True,False,54.91,54.27,0.64,very_high,medium,"Small residential or park-adjacent station; if full, alternatives may be farther away.",gbfs|osm|ridership,"base metadata (name, lat/lon, capacity, charging) from GBFS station_information; spatial context (nearest subway, park, tourist, major road) from OpenStreetMap Overpass API; ridership stats from Toronto Open Data 2025–2026 annual ZIPs"
7124,Dundas St E / Broadview Ave,43.662365,-79.351104,19,medium,False,False,,tourist_event,medium|tourist_event|near_park|near_tourist|near_major_road,"Medium tourist event station near tourist or event venues, near a park or trail and on a major road.",Broadview Avenue,1709,False,Thorogood Gardens,166,True,Toronto Chinese Archway,362,True,Broadview Avenue,22,True,False,False,False,18.98,18.87,0.11,high,low,Tourist or event-area station; demand may spike around weekends and events.,gbfs|osm|ridership,"base metadata (name, lat/lon, capacity, charging) from GBFS station_information; spatial context (nearest subway, park, tourist, major road) from OpenStreetMap Overpass API; ridership stats from Toronto Open Data 2025–2026 annual ZIPs"
7126,Yonge St / Yorkville Ave,43.671944,-79.387778,17,medium,False,False,,tourist_event,medium|tourist_event|near_subway|near_park|near_tourist|near_major_road,"Medium tourist event station near subway, near tourist or event venues, near a park or trail and on a major road.",Yonge St Entrance,151,True,Four Seasons Parkette,113,True,TD Gallery,90,True,Yonge Street,25,True,False,False,False,45.26,48.73,-3.47,very_high,medium,Tourist or event-area station; demand may spike around weekends and events.,gbfs|osm|ridership,"base metadata (name, lat/lon, capacity, charging) from GBFS station_information; spatial context (nearest subway, park, tourist, major road) from OpenStreetMap Overpass API; ridership stats from Toronto Open Data 2025–2026 annual ZIPs"
7127,Bay St / Scollard St,43.672152,-79.39018,15,small,False,False,,tourist_event,small|tourist_event|near_subway|near_park|near_tourist|near_major_road,"Small tourist event station near subway, near tourist or event venues, near a park or trail and on a major road.",Cumberland Terrace,194,True,Four Seasons Parkette,89,True,TD Gallery,282,True,Bay Street,25,True,False,False,False,11.72,13.76,-2.04,high,low,Tourist or event-area station; demand may spike around weekends and events.,gbfs|osm|ridership,"base metadata (name, lat/lon, capacity, charging) from GBFS station_information; spatial context (nearest subway, park, tourist, major road) from OpenStreetMap Overpass API; ridership stats from Toronto Open Data 2025–2026 annual ZIPs"
7128,Yonge St / Aylmer Ave,43.675492,-79.388858,23,medium,False,False,,park_trail,medium|park_trail|near_subway|near_park|near_major_road,"Medium park trail station near subway, near a park or trail and on a major road.",Cresecent Road Entrance,169,True,Budd Sugarman Park,61,True,TD Gallery,463,False,Yonge Street,14,True,False,False,True,9.76,11.68,-1.92,medium,low,"Small residential or park-adjacent station; if full, alternatives may be farther away.",gbfs|osm|ridership,"base metadata (name, lat/lon, capacity, charging) from GBFS station_information; spatial context (nearest subway, park, tourist, major road) from OpenStreetMap Overpass API; ridership stats from Toronto Open Data 2025–2026 annual ZIPs"
7129,Davenport Rd / Avenue Rd,43.674991,-79.396273,11,small,False,False,,park_trail,small|park_trail|near_park|near_major_road,Small park trail station near a park or trail and on a major road.,Cresecent Road Entrance,637,False,Bernard Avenue Road Allowance,114,True,The Yorkville Rock,650,False,Davenport Road,30,True,False,False,True,19.38,20.0,-0.62,high,low,"Small residential or park-adjacent station; if full, alternatives may be farther away.",gbfs|osm|ridership,"base metadata (name, lat/lon, capacity, charging) from GBFS station_information; spatial context (nearest subway, park, tourist, major road) from OpenStreetMap Overpass API; ridership stats from Toronto Open Data 2025–2026 annual ZIPs"
7130,Davenport Rd / Bedford Rd,43.674446,-79.398331,15,small,False,False,,park_trail,small|park_trail|near_park|near_major_road,Small park trail station near a park or trail and on a major road.,Bedford Road Entrance,638,False,Joseph Tough Park,50,True,The Yorkville Rock,701,False,Davenport Road,12,True,False,False,True,19.58,21.33,-1.75,high,low,"Small residential or park-adjacent station; if full, alternatives may be farther away.",gbfs|osm|ridership,"base metadata (name, lat/lon, capacity, charging) from GBFS station_information; spatial context (nearest subway, park, tourist, major road) from OpenStreetMap Overpass API; ridership stats from Toronto Open Data 2025–2026 annual ZIPs"
7131,Taddle Creek Park,43.66986,-79.398443,15,small,False,False,,transit_hub,small|transit_hub|downtown_core|near_subway|near_park|near_tourist,"Small transit hub station near subway, in the downtown core, near tourist or event venues and near a park or trail.",Bedford Road Entrance,136,True,Taddle Creek Park,31,True,Michael Lee-Chin Crystal,330,True,Bloor Street West,219,False,False,True,False,20.67,23.38,-2.71,high,low,"Large capacity helps, but downtown commuter demand can change quickly; check alternatives early.",gbfs|osm|ridership,"base metadata (name, lat/lon, capacity, charging) from GBFS station_information; spatial context (nearest subway, park, tourist, major road) from OpenStreetMap Overpass API; ridership stats from Toronto Open Data 2025–2026 annual ZIPs"
7132,Kendal Ave / Spadina Rd,43.670318,-79.405181,9,tiny,False,False,,park_trail,tiny|park_trail|near_subway|near_park|near_major_road,"Tiny park trail station near subway, near a park or trail and on a major road.",Spadina Road Entrance,5,True,Gwendolyn MacEwen Parkette,198,True,Michael Lee-Chin Crystal,849,False,Spadina Road,9,True,False,False,True,8.87,9.2,-0.32,medium,low,"Small residential or park-adjacent station; if full, alternatives may be farther away.",gbfs|osm|ridership,"base metadata (name, lat/lon, capacity, charging) from GBFS station_information; spatial context (nearest subway, park, tourist, major road) from OpenStreetMap Overpass API; ridership stats from Toronto Open Data 2025–2026 annual ZIPs"
7133,Summerhill Subway Station,43.68201189061227,-79.39130701852416,11,small,False,False,,park_trail,small|park_trail|near_subway|near_park|near_major_road,"Small park trail station near subway, near a park or trail and on a major road.",Shaftesbury Avenue Entrance,60,True,Pricefield Road Playground,212,True,Tunnel of Glam,844,False,Yonge Street,21,True,False,False,True,10.51,10.96,-0.45,medium,low,"Small residential or park-adjacent station; if full, alternatives may be farther away.",gbfs|osm|ridership,"base metadata (name, lat/lon, capacity, charging) from GBFS station_information; spatial context (nearest subway, park, tourist, major road) from OpenStreetMap Overpass API; ridership stats from Toronto Open Data 2025–2026 annual ZIPs"
7135,Hanna Ave / Liberty St,43.638608601636705,-79.41965437361068,35,large,False,False,,tourist_event,large|tourist_event|downtown_core|near_park|near_tourist,"Large tourist event station in the downtown core, near tourist or event venues and near a park or trail.",Delaware Avenue,2685,False,34 Hanna Avenue Park,43,True,Museum of Television,241,True,King Street West,200,False,False,True,False,29.69,29.61,0.07,very_high,low,Tourist or event-area station; demand may spike around weekends and events.,gbfs|osm|ridership,"base metadata (name, lat/lon, capacity, charging) from GBFS station_information; spatial context (nearest subway, park, tourist, major road) from OpenStreetMap Overpass API; ridership stats from Toronto Open Data 2025–2026 annual ZIPs"
7137,Davenport Rd / Bathurst St,43.676667,-79.416111,15,small,False,False,,park_trail,small|park_trail|near_park|near_major_road,Small park trail station near a park or trail and on a major road.,Northwest Entrance,721,False,The Tollkeeper's Park,66,True,Casa Loma,565,False,Bathurst Street,29,True,False,False,True,3.38,3.7,-0.32,medium,low,"Small residential or park-adjacent station; if full, alternatives may be farther away.",gbfs|osm|ridership,"base metadata (name, lat/lon, capacity, charging) from GBFS station_information; spatial context (nearest subway, park, tourist, major road) from OpenStreetMap Overpass API; ridership stats from Toronto Open Data 2025–2026 annual ZIPs"
7138,Davenport Rd / Christie St,43.675278,-79.423889,26,large,False,False,,park_trail,large|park_trail|near_park,Large park trail station near a park or trail.,"St. Clair Av West, South Entrance",1159,False,Hillcrest Park,95,True,Casa Loma,1209,False,Dupont Street,441,False,False,False,True,6.94,9.88,-2.94,medium,low,"Small residential or park-adjacent station; if full, alternatives may be farther away.",gbfs|osm|ridership,"base metadata (name, lat/lon, capacity, charging) from GBFS station_information; spatial context (nearest subway, park, tourist, major road) from OpenStreetMap Overpass API; ridership stats from Toronto Open Data 2025–2026 annual ZIPs"
7139,Glen Edyth Dr / Davenport Rd,43.677778,-79.405556,15,small,False,False,,tourist_event,small|tourist_event|near_park|near_tourist,Small tourist event station near tourist or event venues and near a park or trail.,Northwest Entrance,349,False,Glen Edyth Drive Parkette,121,True,Spadina Museum,242,True,Dupont Street,277,False,False,False,False,6.77,6.98,-0.21,medium,low,Tourist or event-area station; demand may spike around weekends and events.,gbfs|osm|ridership,"base metadata (name, lat/lon, capacity, charging) from GBFS station_information; spatial context (nearest subway, park, tourist, major road) from OpenStreetMap Overpass API; ridership stats from Toronto Open Data 2025–2026 annual ZIPs"
7140,Macpherson Ave / Spadina Rd,43.675791,-79.40698,15,small,False,False,,tourist_event,small|tourist_event|near_subway|near_park|near_tourist,"Small tourist event station near subway, near tourist or event venues and near a park or trail.",Northwest Entrance,100,True,Walmer Road Parkette,157,True,Casa Loma,321,True,Dupont Street,98,False,False,False,False,12.75,13.42,-0.67,high,low,Tourist or event-area station; demand may spike around weekends and events.,gbfs|osm|ridership,"base metadata (name, lat/lon, capacity, charging) from GBFS station_information; spatial context (nearest subway, park, tourist, major road) from OpenStreetMap Overpass API; ridership stats from Toronto Open Data 2025–2026 annual ZIPs"
7141,Bridgman Ave / Kendal Ave,43.675556,-79.410278,15,small,False,False,,tourist_event,small|tourist_event|near_subway|near_park|near_tourist,"Small tourist event station near subway, near tourist or event venues and near a park or trail.",Northwest Entrance,236,True,Walmer Road Parkette,142,True,Casa Loma,292,True,Dupont Street,163,False,False,False,False,8.11,8.78,-0.67,medium,low,Tourist or event-area station; demand may spike around weekends and events.,gbfs|osm|ridership,"base metadata (name, lat/lon, capacity, charging) from GBFS station_information; spatial context (nearest subway, park, tourist, major road) from OpenStreetMap Overpass API; ridership stats from Toronto Open Data 2025–2026 annual ZIPs"
7142,Bridgman Ave / Bathurst St,43.674444,-79.414722,15,small,False,False,,park_trail,small|park_trail|near_park|near_major_road,Small park trail station near a park or trail and on a major road.,Northwest Entrance,586,False,Cawthra Playground,184,True,Casa Loma,592,False,Bathurst Street,46,True,False,False,True,7.84,8.69,-0.85,medium,low,"Small residential or park-adjacent station; if full, alternatives may be farther away.",gbfs|osm|ridership,"base metadata (name, lat/lon, capacity, charging) from GBFS station_information; spatial context (nearest subway, park, tourist, major road) from OpenStreetMap Overpass API; ridership stats from Toronto Open Data 2025–2026 annual ZIPs"
7143,Kendal Ave / Bernard Ave,43.671513,-79.408317,15,small,False,False,,park_trail,small|park_trail|near_subway|near_park,Small park trail station near subway and near a park or trail.,Spadina,265,True,Jean Sibelius Square,40,True,Casa Loma,738,False,Spadina Road,199,False,False,False,True,11.25,12.62,-1.38,medium,low,"Small residential or park-adjacent station; if full, alternatives may be farther away.",gbfs|osm|ridership,"base metadata (name, lat/lon, capacity, charging) from GBFS station_information; spatial context (nearest subway, park, tourist, major road) from OpenStreetMap Overpass API; ridership stats from Toronto Open Data 2025–2026 annual ZIPs"
7144,Palmerston Ave / Vermont Ave,43.671389,-79.416389,15,small,False,False,,park_trail,small|park_trail|near_park,Small park trail station near a park or trail.,Bathurst Street,734,False,Vermont Square Park,101,True,Casa Loma,936,False,Dupont Street,139,False,False,False,True,16.46,16.61,-0.14,high,low,"Small residential or park-adjacent station; if full, alternatives may be farther away.",gbfs|osm|ridership,"base metadata (name, lat/lon, capacity, charging) from GBFS station_information; spatial context (nearest subway, park, tourist, major road) from OpenStreetMap Overpass API; ridership stats from Toronto Open Data 2025–2026 annual ZIPs"
7146,Christie St / Benson Ave (Wychwood Barns),43.68,-79.42500000000001,19,medium,False,False,,park_trail,medium|park_trail|near_park,Medium park trail station near a park or trail.,"St. Clair Av West, South Entrance",883,False,Wychwood Barns Park,106,True,Casa Loma,1274,False,St. Clair Avenue West,190,False,False,False,True,7.42,8.81,-1.39,medium,low,"Small residential or park-adjacent station; if full, alternatives may be farther away.",gbfs|osm|ridership,"base metadata (name, lat/lon, capacity, charging) from GBFS station_information; spatial context (nearest subway, park, tourist, major road) from OpenStreetMap Overpass API; ridership stats from Toronto Open Data 2025–2026 annual ZIPs"
7147,King St W / Fraser Ave,43.6394444,-79.42527777777778,15,small,False,False,,tourist_event,small|tourist_event|near_park|near_tourist|near_major_road,"Small tourist event station near tourist or event venues, near a park or trail and on a major road.",Russett Avenue - E,2431,False,Rita Cox Park,82,True,Museum of Television,320,True,King Street West,37,True,False,False,False,8.96,9.01,-0.05,medium,low,Tourist or event-area station; demand may spike around weekends and events.,gbfs|osm|ridership,"base metadata (name, lat/lon, capacity, charging) from GBFS station_information; spatial context (nearest subway, park, tourist, major road) from OpenStreetMap Overpass API; ridership stats from Toronto Open Data 2025–2026 annual ZIPs"
7148,King St W / Joe Shuster Way,43.639444,-79.423611,23,medium,False,False,,tourist_event,medium|tourist_event|near_park|near_tourist|near_major_road,"Medium tourist event station near tourist or event venues, near a park or trail and on a major road.",Russett Avenue - E,2484,False,Allan A. Lamport Stadium Park,58,True,Museum of Television,235,True,King Street West,30,True,False,False,False,24.46,25.42,-0.96,high,low,Tourist or event-area station; demand may spike around weekends and events.,gbfs|osm|ridership,"base metadata (name, lat/lon, capacity, charging) from GBFS station_information; spatial context (nearest subway, park, tourist, major road) from OpenStreetMap Overpass API; ridership stats from Toronto Open Data 2025–2026 annual ZIPs"
7149,Yarmouth Rd / Christie St,43.67,-79.42083333333333,11,small,False,False,,residential,small|residential,Small residential station.,Christie Street,683,False,Frankel Lambert Park,363,False,Casa Loma,1289,False,Dupont Street,189,False,False,False,True,9.59,10.2,-0.61,medium,low,"Small residential or park-adjacent station; if full, alternatives may be farther away.",gbfs|osm|ridership,"base metadata (name, lat/lon, capacity, charging) from GBFS station_information; spatial context (nearest subway, park, tourist, major road) from OpenStreetMap Overpass API; ridership stats from Toronto Open Data 2025–2026 annual ZIPs"
7150,Dufferin St / Sylvan Av (Dufferin Grove Park),43.6555556,-79.43361111111112,19,medium,False,False,,park_trail,medium|park_trail|near_park|near_major_road,Medium park trail station near a park or trail and on a major road.,Russett Avenue - E,521,False,Dufferin Grove Park,117,True,XPACE Cultural Centre,735,False,Dufferin Street,37,True,False,False,True,23.61,23.99,-0.38,high,low,"Small residential or park-adjacent station; if full, alternatives may be farther away.",gbfs|osm|ridership,"base metadata (name, lat/lon, capacity, charging) from GBFS station_information; spatial context (nearest subway, park, tourist, major road) from OpenStreetMap Overpass API; ridership stats from Toronto Open Data 2025–2026 annual ZIPs"
7151,Essex St / Christie St,43.6686111,-79.42027777777778,19,medium,False,False,,residential,medium|residential,Medium residential station.,Christie Street,522,False,Christie Pits Park,437,False,Casa Loma,1372,False,Dupont Street,350,False,False,False,True,13.08,15.48,-2.4,high,low,"Small residential or park-adjacent station; if full, alternatives may be farther away.",gbfs|osm|ridership,"base metadata (name, lat/lon, capacity, charging) from GBFS station_information; spatial context (nearest subway, park, tourist, major road) from OpenStreetMap Overpass API; ridership stats from Toronto Open Data 2025–2026 annual ZIPs"
7152,Ossington Ave / Bloor St W,43.66171041271702,-79.42559160724657,11,small,False,False,,park_trail,small|park_trail|near_subway|near_park|near_major_road,"Small park trail station near subway, near a park or trail and on a major road.",Ossington Avenue,88,True,Northumberland Playground,136,True,Adventure Alley Toronto,1563,False,Bloor Street West,31,True,False,False,True,1.18,1.79,-0.61,medium,low,"Small residential or park-adjacent station; if full, alternatives may be farther away.",gbfs|osm|ridership,"base metadata (name, lat/lon, capacity, charging) from GBFS station_information; spatial context (nearest subway, park, tourist, major road) from OpenStreetMap Overpass API; ridership stats from Toronto Open Data 2025–2026 annual ZIPs"
7153,Bloor St W / Christie St,43.6638889,-79.41888888888889,19,medium,False,False,,transit_hub,medium|transit_hub|downtown_core|near_subway|near_park|near_major_road,"Medium transit hub station near subway, in the downtown core, near a park or trail and on a major road.",Christie Street,40,True,Christie Pits Park,193,True,"Ukrainian Museum of Canada, Ontario Branch",1363,False,Bloor Street West,45,True,False,True,False,35.78,36.92,-1.14,very_high,low,"Large capacity helps, but downtown commuter demand can change quickly; check alternatives early.",gbfs|osm|ridership,"base metadata (name, lat/lon, capacity, charging) from GBFS station_information; spatial context (nearest subway, park, tourist, major road) from OpenStreetMap Overpass API; ridership stats from Toronto Open Data 2025–2026 annual ZIPs"
7154,Bathurst Subway Station,43.6666667,-79.41166666666668,23,medium,False,False,,transit_hub,medium|transit_hub|downtown_core|near_subway|near_park|near_major_road,"Medium transit hub station near subway, in the downtown core, near a park or trail and on a major road.",Bathurst Street,88,True,Ed & Anne Mirvish Parkette,18,True,"Ukrainian Museum of Canada, Ontario Branch",932,False,Bathurst Street,11,True,False,True,False,13.93,18.12,-4.19,high,low,"Large capacity helps, but downtown commuter demand can change quickly; check alternatives early.",gbfs|osm|ridership,"base metadata (name, lat/lon, capacity, charging) from GBFS station_information; spatial context (nearest subway, park, tourist, major road) from OpenStreetMap Overpass API; ridership stats from Toronto Open Data 2025–2026 annual ZIPs"
7155,Bathurst St / Lennox St,43.663808,-79.410491,19,medium,False,False,,transit_hub,medium|transit_hub|downtown_core|near_subway|near_park|near_major_road,"Medium transit hub station near subway, in the downtown core, near a park or trail and on a major road.",Markham Street,240,True,Honest Ed’s Park,171,True,"Ukrainian Museum of Canada, Ontario Branch",703,False,Bathurst Street,16,True,False,True,False,23.09,25.0,-1.91,high,low,"Large capacity helps, but downtown commuter demand can change quickly; check alternatives early.",gbfs|osm|ridership,"base metadata (name, lat/lon, capacity, charging) from GBFS station_information; spatial context (nearest subway, park, tourist, major road) from OpenStreetMap Overpass API; ridership stats from Toronto Open Data 2025–2026 annual ZIPs"
7156,Salem Ave / Bloor St W,43.6608333,-79.43166666666667,15,small,False,False,,park_trail,small|park_trail|near_subway|near_park|near_major_road,"Small park trail station near subway, near a park or trail and on a major road.",Dufferin Street - East,300,True,Salem Parkette,67,True,Adventure Alley Toronto,1190,False,Bloor Street West,37,True,False,False,True,22.34,23.26,-0.92,high,low,"Small residential or park-adjacent station; if full, alternatives may be farther away.",gbfs|osm|ridership,"base metadata (name, lat/lon, capacity, charging) from GBFS station_information; spatial context (nearest subway, park, tourist, major road) from OpenStreetMap Overpass API; ridership stats from Toronto Open Data 2025–2026 annual ZIPs"
7157,Dufferin St / Bloor St W,43.66083333333333,-79.43583333333333,22,medium,False,False,,suburban_node,medium|suburban_node|near_subway|near_major_road,Medium suburban node station near subway and on a major road.,,72,True,Susan Tibaldi Parkette,318,False,Adventure Alley Toronto,946,False,Dufferin Street,68,True,False,False,True,6.75,9.93,-3.18,medium,low,Suburban or lower-demand area; alternatives may require a longer detour.,gbfs|osm|ridership,"base metadata (name, lat/lon, capacity, charging) from GBFS station_information; spatial context (nearest subway, park, tourist, major road) from OpenStreetMap Overpass API; ridership stats from Toronto Open Data 2025–2026 annual ZIPs"
7158,King St W / Stafford St,43.6422222,-79.41111111111111,15,small,False,False,,park_trail,small|park_trail|downtown_core|near_park|near_major_road,"Small park trail station in the downtown core, near a park or trail and on a major road.","University / Queen, Southwest Entrance",2155,False,Stanley Park,169,True,the industREALarts room,540,False,King Street West,18,True,False,True,False,20.57,21.99,-1.42,high,low,"Small residential or park-adjacent station; if full, alternatives may be farther away.",gbfs|osm|ridership,"base metadata (name, lat/lon, capacity, charging) from GBFS station_information; spatial context (nearest subway, park, tourist, major road) from OpenStreetMap Overpass API; ridership stats from Toronto Open Data 2025–2026 annual ZIPs"
7160,King St W / Tecumseth St,43.64333333333333,-79.40555555555557,19,medium,False,False,,tourist_event,medium|tourist_event|downtown_core|near_park|near_tourist|near_major_road,"Medium tourist event station in the downtown core, near tourist or event venues, near a park or trail and on a major road.","University / Queen, Southwest Entrance",1701,False,Stanley Park,296,True,the industREALarts room,308,True,King Street West,25,True,False,True,False,40.45,42.99,-2.55,very_high,medium,Tourist or event-area station; demand may spike around weekends and events.,gbfs|osm|ridership,"base metadata (name, lat/lon, capacity, charging) from GBFS station_information; spatial context (nearest subway, park, tourist, major road) from OpenStreetMap Overpass API; ridership stats from Toronto Open Data 2025–2026 annual ZIPs"
7161,Beverley St / College St,43.6575,-79.39527777777778,23,medium,False,False,,tourist_event,medium|tourist_event|downtown_core|near_park|near_tourist,"Medium tourist event station in the downtown core, near tourist or event venues and near a park or trail.",University / College Southwest Entrance,431,False,Julius Deutsch Park,171,True,Centre For Inquiry Ontario,33,True,College Street,142,False,False,True,False,27.85,30.3,-2.45,very_high,low,Tourist or event-area station; demand may spike around weekends and events.,gbfs|osm|ridership,"base metadata (name, lat/lon, capacity, charging) from GBFS station_information; spatial context (nearest subway, park, tourist, major road) from OpenStreetMap Overpass API; ridership stats from Toronto Open Data 2025–2026 annual ZIPs"
7162,Hayter St / La Plante Ave,43.6591666666667,-79.3855555555556,21,medium,False,False,,transit_hub,medium|transit_hub|downtown_core|near_subway|near_park|near_tourist|near_major_road,"Medium transit hub station near subway, in the downtown core, near tourist or event venues, near a park or trail and on a major road.",MaRS Discovery District,267,True,Lord and Lady Martonmere Gardens,133,True,Insulin: Toronto’s Gift to the World,204,True,Bay Street,32,True,False,True,False,25.42,28.61,-3.19,high,low,"Large capacity helps, but downtown commuter demand can change quickly; check alternatives early.",gbfs|osm|ridership,"base metadata (name, lat/lon, capacity, charging) from GBFS station_information; spatial context (nearest subway, park, tourist, major road) from OpenStreetMap Overpass API; ridership stats from Toronto Open Data 2025–2026 annual ZIPs"
7164,Gould St / Yonge St (TMU),43.657424,-79.381019,23,medium,False,False,,transit_hub,medium|transit_hub|downtown_core|near_subway|near_park|near_tourist|near_major_road,"Medium transit hub station near subway, in the downtown core, near tourist or event venues, near a park or trail and on a major road.",TMU,99,True,Kerr Hall Quad,205,True,Little Canada,80,True,Yonge Street,27,True,False,True,False,36.97,39.35,-2.38,very_high,low,"Large capacity helps, but downtown commuter demand can change quickly; check alternatives early.",gbfs|osm|ridership,"base metadata (name, lat/lon, capacity, charging) from GBFS station_information; spatial context (nearest subway, park, tourist, major road) from OpenStreetMap Overpass API; ridership stats from Toronto Open Data 2025–2026 annual ZIPs"
7168,Queens Quay / Yonge St,43.641646,-79.375308,47,very_large,False,False,,transit_hub,very_large|transit_hub|downtown_core|waterfront|near_subway|near_park|near_tourist|near_major_road,"Very large transit hub station near subway, in the downtown core, on the waterfront, near tourist or event venues, near a park or trail and on a major road.",Queens Quay - Ferry Docks,132,True,Harbour Square Park,210,True,Van Gogh Exhibit,136,True,Queens Quay West,13,True,True,True,False,62.18,59.53,2.65,very_high,low,"Large capacity helps, but downtown commuter demand can change quickly; check alternatives early.",gbfs|osm|ridership,"base metadata (name, lat/lon, capacity, charging) from GBFS station_information; spatial context (nearest subway, park, tourist, major road) from OpenStreetMap Overpass API; ridership stats from Toronto Open Data 2025–2026 annual ZIPs"
7169,Front St W / Bay St (North Side),43.646162,-79.378912,11,small,False,False,Mon-Fri 7:00AM-10:00AM,transit_hub,small|transit_hub|downtown_core|near_subway|near_park|near_tourist|near_major_road|valet_station,"Small transit hub station valet-served station, near subway, in the downtown core, near tourist or event venues, near a park or trail and on a major road.",Entrance from Brookfield Place (via PATH),6,True,The Park at CIBC Square,184,True,TD Gallery of Indigenous Art,193,True,Front Street West,9,True,False,True,False,23.73,25.0,-1.27,high,medium,"Valet station: extra capacity available Mon-Fri 7:00AM-10:00AM; outside those hours, treated as a regular dock.",gbfs|osm|ridership|valet_page,"base metadata (name, lat/lon, capacity, charging) from GBFS station_information; spatial context (nearest subway, park, tourist, major road) from OpenStreetMap Overpass API; ridership stats from Toronto Open Data 2025–2026 annual ZIPs; valet hours (Mon-Fri 7:00AM-10:00AM) from bikesharetoronto.com/valet-stations/"
7170,Spadina Ave / Willcocks St,43.6616667,-79.40138888888889,15,small,False,False,,tourist_event,small|tourist_event|downtown_core|near_park|near_tourist|near_major_road,"Small tourist event station in the downtown core, near tourist or event venues, near a park or trail and on a major road.",Spadina Road West Entrance,660,False,,240,True,"Ukrainian Museum of Canada, Ontario Branch",67,True,Spadina Avenue,40,True,False,True,False,21.88,23.87,-1.99,high,low,Tourist or event-area station; demand may spike around weekends and events.,gbfs|osm|ridership,"base metadata (name, lat/lon, capacity, charging) from GBFS station_information; spatial context (nearest subway, park, tourist, major road) from OpenStreetMap Overpass API; ridership stats from Toronto Open Data 2025–2026 annual ZIPs"
7171,Ontario Place Blvd / Lake Shore Blvd W,43.6322445,-79.4108105,27,large,False,False,"Event days, 30min pre-show",tourist_event,large|tourist_event|downtown_core|waterfront|near_park|near_tourist|near_major_road|valet_station,"Large tourist event station valet-served station, in the downtown core, on the waterfront, near tourist or event venues, near a park or trail and on a major road.",University / King Southwest corner (on King),2679,False,Inukshuk Park,116,True,Echo Beach,325,True,Lake Shore Boulevard West,19,True,True,True,False,32.69,29.39,3.3,very_high,low,"Valet station: extra capacity available Event days, 30min pre-show; outside those hours, treated as a regular dock.",gbfs|osm|ridership|valet_page,"base metadata (name, lat/lon, capacity, charging) from GBFS station_information; spatial context (nearest subway, park, tourist, major road) from OpenStreetMap Overpass API; ridership stats from Toronto Open Data 2025–2026 annual ZIPs; valet hours (Event days, 30min pre-show) from bikesharetoronto.com/valet-stations/"
7172,Strachan Ave / Princes' Blvd,43.635,-79.4088888888889,19,medium,False,False,,tourist_event,medium|tourist_event|downtown_core|waterfront|near_park|near_tourist|near_major_road,"Medium tourist event station in the downtown core, on the waterfront, near tourist or event venues, near a park or trail and on a major road.",University / King Southwest corner (on King),2369,False,The Gore,68,True,LAV III Monument,200,True,Lake Shore Boulevard West,33,True,True,True,False,15.53,13.57,1.96,high,low,Tourist or event-area station; demand may spike around weekends and events.,gbfs|osm|ridership,"base metadata (name, lat/lon, capacity, charging) from GBFS station_information; spatial context (nearest subway, park, tourist, major road) from OpenStreetMap Overpass API; ridership stats from Toronto Open Data 2025–2026 annual ZIPs"
7173,Cariboo Ave / Railpath Trail,43.66666667,-79.45833333333334,19,medium,False,False,,park_trail,medium|park_trail|near_park,Medium park trail station near a park or trail.,Dundas West,1163,False,Carlton Park,233,True,Fly on the Wall Gallery,734,False,Dundas Street West,232,False,False,False,True,5.02,5.2,-0.18,medium,low,"Small residential or park-adjacent station; if full, alternatives may be farther away.",gbfs|osm|ridership,"base metadata (name, lat/lon, capacity, charging) from GBFS station_information; spatial context (nearest subway, park, tourist, major road) from OpenStreetMap Overpass API; ridership stats from Toronto Open Data 2025–2026 annual ZIPs"
7174,Bloor St W / Dundas St W,43.6563889,-79.45166666666667,15,small,False,False,,tourist_event,small|tourist_event|near_subway|near_park|near_tourist|near_major_road,"Small tourist event station near subway, near tourist or event venues, near a park or trail and on a major road.",Dundas St West,111,True,West Toronto Railpath,273,True,Ukrainian Canadian Shevchenko,289,True,Bloor Street West,12,True,False,False,False,21.81,22.6,-0.79,high,low,Tourist or event-area station; demand may spike around weekends and events.,gbfs|osm|ridership,"base metadata (name, lat/lon, capacity, charging) from GBFS station_information; spatial context (nearest subway, park, tourist, major road) from OpenStreetMap Overpass API; ridership stats from Toronto Open Data 2025–2026 annual ZIPs"
7175,HTO Park (Queens Quay W),43.63796,-79.387502,27,large,False,False,,tourist_event,large|tourist_event|downtown_core|waterfront|near_park|near_tourist,"Large tourist event station in the downtown core, on the waterfront, near tourist or event venues and near a park or trail.",Queens Quay - Ferry Docks,907,False,HTO Park,55,True,Rees Wave Deck,61,True,Lake Shore Boulevard West,162,False,True,True,False,51.6,45.9,5.7,very_high,medium,Tourist or event-area station; demand may spike around weekends and events.,gbfs|osm|ridership,"base metadata (name, lat/lon, capacity, charging) from GBFS station_information; spatial context (nearest subway, park, tourist, major road) from OpenStreetMap Overpass API; ridership stats from Toronto Open Data 2025–2026 annual ZIPs"
7176,Bathurst St / Fort York Blvd,43.639179,-79.399595,19,medium,False,False,,tourist_event,medium|tourist_event|downtown_core|near_park|near_tourist,"Medium tourist event station in the downtown core, near tourist or event venues and near a park or trail.",University / King Southwest corner (on King),1492,False,Canoe Landing Park,246,True,The Ground Floor: Jumblies Theatre,73,True,Bathurst Street,91,False,False,True,False,31.7,33.14,-1.43,very_high,low,Tourist or event-area station; demand may spike around weekends and events.,gbfs|osm|ridership,"base metadata (name, lat/lon, capacity, charging) from GBFS station_information; spatial context (nearest subway, park, tourist, major road) from OpenStreetMap Overpass API; ridership stats from Toronto Open Data 2025–2026 annual ZIPs"
7178,Dundas St W / Edna Ave,43.657192,-79.452559,15,small,False,False,,tourist_event,small|tourist_event|near_subway|near_park|near_tourist|near_major_road,"Small tourist event station near subway, near tourist or event venues, near a park or trail and on a major road.",Dundas St West,29,True,West Toronto Railpath,216,True,Ukrainian Canadian Shevchenko,257,True,Dundas Street West,10,True,False,False,False,16.01,16.73,-0.72,high,low,Tourist or event-area station; demand may spike around weekends and events.,gbfs|osm|ridership,"base metadata (name, lat/lon, capacity, charging) from GBFS station_information; spatial context (nearest subway, park, tourist, major road) from OpenStreetMap Overpass API; ridership stats from Toronto Open Data 2025–2026 annual ZIPs"
7180,Lansdowne Subway Station,43.65922918158098,-79.44320901022282,23,medium,False,False,,park_trail,medium|park_trail|near_subway|near_park,Medium park trail station near subway and near a park or trail.,Wade Avenue,17,True,Erwin Krickhahn Park,244,True,213 Sterling Road,478,False,Bloor Street West,105,False,False,False,True,7.75,10.86,-3.12,medium,low,"Small residential or park-adjacent station; if full, alternatives may be farther away.",gbfs|osm|ridership,"base metadata (name, lat/lon, capacity, charging) from GBFS station_information; spatial context (nearest subway, park, tourist, major road) from OpenStreetMap Overpass API; ridership stats from Toronto Open Data 2025–2026 annual ZIPs"
7181,Lansdowne Ave / Whytock Ave,43.6538888888889,-79.4413888888889,15,small,False,False,,tourist_event,small|tourist_event|near_park|near_tourist,Small tourist event station near tourist or event venues and near a park or trail.,Lansdowne Avenue,584,False,MacGregor Playground,98,True,XPACE Cultural Centre,391,True,College Street,335,False,False,False,False,6.14,6.41,-0.27,medium,low,Tourist or event-area station; demand may spike around weekends and events.,gbfs|osm|ridership,"base metadata (name, lat/lon, capacity, charging) from GBFS station_information; spatial context (nearest subway, park, tourist, major road) from OpenStreetMap Overpass API; ridership stats from Toronto Open Data 2025–2026 annual ZIPs"
7182,Sterling Rd / Dundas St W,43.6508333333333,-79.4430555555556,19,medium,False,False,,tourist_event,medium|tourist_event|near_park|near_tourist|near_major_road,"Medium tourist event station near tourist or event venues, near a park or trail and on a major road.",Lansdowne Avenue,913,False,Sorauren Park,243,True,XPACE Cultural Centre,275,True,Dundas Street West,17,True,False,False,False,3.35,4.15,-0.8,medium,low,Tourist or event-area station; demand may spike around weekends and events.,gbfs|osm|ridership,"base metadata (name, lat/lon, capacity, charging) from GBFS station_information; spatial context (nearest subway, park, tourist, major road) from OpenStreetMap Overpass API; ridership stats from Toronto Open Data 2025–2026 annual ZIPs"
7183,St Clarens Ave / College St,43.651238,-79.43868,15,small,False,False,,tourist_event,small|tourist_event|near_park|near_tourist|near_major_road,"Small tourist event station near tourist or event venues, near a park or trail and on a major road.",Emerson Avenue (Lansdowne Station),928,False,Dundas-St. Clarens Parkette,161,True,XPACE Cultural Centre,105,True,College Street,76,True,False,False,False,11.76,11.9,-0.15,high,low,Tourist or event-area station; demand may spike around weekends and events.,gbfs|osm|ridership,"base metadata (name, lat/lon, capacity, charging) from GBFS station_information; spatial context (nearest subway, park, tourist, major road) from OpenStreetMap Overpass API; ridership stats from Toronto Open Data 2025–2026 annual ZIPs"
7184,Ossington Ave / College St,43.6544915,-79.422634,11,small,False,False,,park_trail,small|park_trail|near_park|near_major_road,Small park trail station near a park or trail and on a major road.,Ossington Avenue,925,False,George Ben Park,261,True,Small World Music Centre,917,False,College Street,11,True,False,False,True,3.74,5.61,-1.87,medium,low,"Small residential or park-adjacent station; if full, alternatives may be farther away.",gbfs|osm|ridership,"base metadata (name, lat/lon, capacity, charging) from GBFS station_information; spatial context (nearest subway, park, tourist, major road) from OpenStreetMap Overpass API; ridership stats from Toronto Open Data 2025–2026 annual ZIPs"
7188,Atlantic Ave / Liberty St,43.637695491830144,-79.42023184193503,35,large,False,False,Game days Jun-Jul 2026,tourist_event,large|tourist_event|near_park|near_tourist|valet_station,"Large tourist event station valet-served station, near tourist or event venues and near a park or trail.",Delaware Avenue,2772,False,34 Hanna Avenue Park,72,True,Museum of Television,165,True,King Street West,285,False,False,False,False,19.71,20.35,-0.64,high,low,"Valet station: extra capacity available Game days Jun-Jul 2026; outside those hours, treated as a regular dock.",gbfs|osm|ridership|valet_page,"base metadata (name, lat/lon, capacity, charging) from GBFS station_information; spatial context (nearest subway, park, tourist, major road) from OpenStreetMap Overpass API; ridership stats from Toronto Open Data 2025–2026 annual ZIPs; valet hours (Game days Jun-Jul 2026) from bikesharetoronto.com/valet-stations/"
7189,Augusta Ave / Denison Sq,43.653766,-79.4016759,15,small,False,False,,park_trail,small|park_trail|downtown_core|near_park,Small park trail station in the downtown core and near a park or trail.,"University / Dundas, Northwest corner",1046,False,Bellevue Square Park,60,True,No. 8 Hose Station,426,False,Dundas Street West,171,False,False,True,False,33.27,34.88,-1.61,very_high,medium,"Small residential or park-adjacent station; if full, alternatives may be farther away.",gbfs|osm|ridership,"base metadata (name, lat/lon, capacity, charging) from GBFS station_information; spatial context (nearest subway, park, tourist, major road) from OpenStreetMap Overpass API; ridership stats from Toronto Open Data 2025–2026 annual ZIPs"
7190,St. George St / Hoskin Ave,43.6637403,-79.39806449999999,15,small,False,False,,tourist_event,small|tourist_event|downtown_core|near_park|near_tourist,"Small tourist event station in the downtown core, near tourist or event venues and near a park or trail.",OISE Entrance,468,False,,195,True,University of Toronto Art Centre,202,True,Spadina Avenue,324,False,False,True,False,36.54,39.74,-3.2,very_high,medium,Tourist or event-area station; demand may spike around weekends and events.,gbfs|osm|ridership,"base metadata (name, lat/lon, capacity, charging) from GBFS station_information; spatial context (nearest subway, park, tourist, major road) from OpenStreetMap Overpass API; ridership stats from Toronto Open Data 2025–2026 annual ZIPs"
7191,Central Tech  (Harbord St),43.661975,-79.407896,11,small,False,False,,park_trail,small|park_trail|downtown_core|near_park,Small park trail station in the downtown core and near a park or trail.,Bathurst,516,False,Margaret Fairley Park,262,True,"Ukrainian Museum of Canada, Ontario Branch",460,False,Bathurst Street,158,False,False,True,False,29.62,31.78,-2.16,very_high,medium,"Small residential or park-adjacent station; if full, alternatives may be farther away.",gbfs|osm|ridership,"base metadata (name, lat/lon, capacity, charging) from GBFS station_information; spatial context (nearest subway, park, tourist, major road) from OpenStreetMap Overpass API; ridership stats from Toronto Open Data 2025–2026 annual ZIPs"
7192,Harbord St / Clinton St,43.660414,-79.415646,15,small,False,False,,park_trail,small|park_trail|downtown_core|near_park,Small park trail station in the downtown core and near a park or trail.,Christie,466,False,Healey Willan Park,236,True,No. 8 Hose Station,962,False,Bloor Street West,401,False,False,True,False,12.72,13.79,-1.07,high,low,"Small residential or park-adjacent station; if full, alternatives may be farther away.",gbfs|osm|ridership,"base metadata (name, lat/lon, capacity, charging) from GBFS station_information; spatial context (nearest subway, park, tourist, major road) from OpenStreetMap Overpass API; ridership stats from Toronto Open Data 2025–2026 annual ZIPs"
7193,Dufferin St / Queen St W,43.64309687937765,-79.42875613770637,15,small,False,False,,park_trail,small|park_trail|near_park|near_major_road,Small park trail station near a park or trail and on a major road.,Russett Avenue - E,1952,False,Pessoa Park,21,True,InterAccess,458,False,Dufferin Street,15,True,False,False,True,7.23,7.4,-0.18,medium,low,"Small residential or park-adjacent station; if full, alternatives may be farther away.",gbfs|osm|ridership,"base metadata (name, lat/lon, capacity, charging) from GBFS station_information; spatial context (nearest subway, park, tourist, major road) from OpenStreetMap Overpass API; ridership stats from Toronto Open Data 2025–2026 annual ZIPs"
7195,Ulster St / Bathurst St,43.66,-79.4088888888889,11,small,False,False,,park_trail,small|park_trail|downtown_core|near_park|near_major_road,"Small park trail station in the downtown core, near a park or trail and on a major road.",Markham Street,669,False,Margaret Fairley Park,266,True,No. 8 Hose Station,481,False,Bathurst Street,24,True,False,True,False,18.75,19.85,-1.1,high,low,"Small residential or park-adjacent station; if full, alternatives may be farther away.",gbfs|osm|ridership,"base metadata (name, lat/lon, capacity, charging) from GBFS station_information; spatial context (nearest subway, park, tourist, major road) from OpenStreetMap Overpass API; ridership stats from Toronto Open Data 2025–2026 annual ZIPs"
7196,Roxton Rd / Harbord St,43.65905,-79.422988,11,small,False,False,,residential,small|residential,Small residential station.,Ossington Avenue,448,False,Art Eggleton Park,373,False,Small World Music Centre,1397,False,Bloor Street West,376,False,False,False,True,10.2,10.6,-0.4,medium,low,"Small residential or park-adjacent station; if full, alternatives may be farther away.",gbfs|osm|ridership,"base metadata (name, lat/lon, capacity, charging) from GBFS station_information; spatial context (nearest subway, park, tourist, major road) from OpenStreetMap Overpass API; ridership stats from Toronto Open Data 2025–2026 annual ZIPs"
7197,Queen St W / Dovercourt Rd,43.6438602,-79.4227573,11,small,False,False,,tourist_event,small|tourist_event|near_park|near_tourist|near_major_road,"Small tourist event station near tourist or event venues, near a park or trail and on a major road.",Delaware Avenue,2059,False,Paul E. Garfinkel Park,122,True,InterAccess,217,True,Queen Street West,56,True,False,False,False,26.48,26.52,-0.04,very_high,medium,Tourist or event-area station; demand may spike around weekends and events.,gbfs|osm|ridership,"base metadata (name, lat/lon, capacity, charging) from GBFS station_information; spatial context (nearest subway, park, tourist, major road) from OpenStreetMap Overpass API; ridership stats from Toronto Open Data 2025–2026 annual ZIPs"
7198,Queen St W / Cowan Ave,43.64089724173822,-79.43283582518329,19,medium,False,False,,park_trail,medium|park_trail|near_park|near_major_road,Medium park trail station near a park or trail and on a major road.,Russett Avenue - E,2115,False,Masaryk Park,87,True,InterAccess,777,False,Queen Street West,71,True,False,False,True,19.14,19.93,-0.78,high,low,"Small residential or park-adjacent station; if full, alternatives may be farther away.",gbfs|osm|ridership,"base metadata (name, lat/lon, capacity, charging) from GBFS station_information; spatial context (nearest subway, park, tourist, major road) from OpenStreetMap Overpass API; ridership stats from Toronto Open Data 2025–2026 annual ZIPs"
7199,College St / Markham St,43.6563888888889,-79.4091666666667,19,medium,False,False,,tourist_event,medium|tourist_event|downtown_core|near_tourist|near_major_road,"Medium tourist event station in the downtown core, near tourist or event venues and on a major road.",Markham Street,1040,False,The Doctors' Parkette,437,False,No. 8 Hose Station,362,True,College Street,67,True,False,True,False,73.69,76.93,-3.23,very_high,medium,Tourist or event-area station; demand may spike around weekends and events.,gbfs|osm|ridership,"base metadata (name, lat/lon, capacity, charging) from GBFS station_information; spatial context (nearest subway, park, tourist, major road) from OpenStreetMap Overpass API; ridership stats from Toronto Open Data 2025–2026 annual ZIPs"
7202,York St / Queen St W (City Hall),43.65160619179464,-79.38404693334348,26,large,False,False,,transit_hub,large|transit_hub|downtown_core|near_subway|near_park|near_tourist|near_major_road,"Large transit hub station near subway, in the downtown core, near tourist or event venues, near a park or trail and on a major road.",Four Seasons Entrance,185,True,,118,True,Nathan Phillips Square,116,True,Queen Street West,45,True,False,True,False,25.5,25.68,-0.18,high,low,"Large capacity helps, but downtown commuter demand can change quickly; check alternatives early.",gbfs|osm|ridership,"base metadata (name, lat/lon, capacity, charging) from GBFS station_information; spatial context (nearest subway, park, tourist, major road) from OpenStreetMap Overpass API; ridership stats from Toronto Open Data 2025–2026 annual ZIPs"
7203,Bathurst St/Queens Quay(Billy Bishop Airport),43.635492,-79.398253,34,large,False,False,,tourist_event,large|tourist_event|downtown_core|waterfront|near_park|near_tourist,"Large tourist event station in the downtown core, on the waterfront, near tourist or event venues and near a park or trail.",University / King Southwest corner (on King),1708,False,Little Norway Park,118,True,Arcadia,114,True,Lake Shore Boulevard West,147,False,True,True,False,58.16,56.8,1.35,very_high,low,Tourist or event-area station; demand may spike around weekends and events.,gbfs|osm|ridership,"base metadata (name, lat/lon, capacity, charging) from GBFS station_information; spatial context (nearest subway, park, tourist, major road) from OpenStreetMap Overpass API; ridership stats from Toronto Open Data 2025–2026 annual ZIPs"
7204,College St / Crawford St,43.655,-79.418889,19,medium,False,False,,park_trail,medium|park_trail|downtown_core|near_park|near_major_road,"Medium park trail station in the downtown core, near a park or trail and on a major road.",Ossington Avenue,1006,False,,49,True,Small World Music Centre,883,False,College Street,20,True,False,True,False,43.93,45.92,-1.99,very_high,medium,"Small residential or park-adjacent station; if full, alternatives may be farther away.",gbfs|osm|ridership,"base metadata (name, lat/lon, capacity, charging) from GBFS station_information; spatial context (nearest subway, park, tourist, major road) from OpenStreetMap Overpass API; ridership stats from Toronto Open Data 2025–2026 annual ZIPs"
7205,Rusholme Park Cres / College St,43.65277778,-79.42972222,15,small,False,False,,residential,small|residential|near_major_road,Small residential station on a major road.,Dufferin Street - East,935,False,Dufferin Grove Park,441,False,XPACE Cultural Centre,835,False,College Street,17,True,False,False,True,28.46,29.68,-1.23,very_high,low,"Small residential or park-adjacent station; if full, alternatives may be farther away.",gbfs|osm|ridership,"base metadata (name, lat/lon, capacity, charging) from GBFS station_information; spatial context (nearest subway, park, tourist, major road) from OpenStreetMap Overpass API; ridership stats from Toronto Open Data 2025–2026 annual ZIPs"
7206,Claremont St / Dundas St W,43.651281,-79.411717,13,small,False,False,,downtown_core,small|downtown_core|near_major_road,Small downtown core station in the downtown core and on a major road.,Christie,1524,False,Trinity Bellwoods Park,468,False,Small World Music Centre,656,False,Dundas Street West,16,True,False,True,False,33.48,35.56,-2.09,very_high,medium,Downtown station with variable demand; check live dock counts before arriving.,gbfs|osm|ridership,"base metadata (name, lat/lon, capacity, charging) from GBFS station_information; spatial context (nearest subway, park, tourist, major road) from OpenStreetMap Overpass API; ridership stats from Toronto Open Data 2025–2026 annual ZIPs"
7207,Dundas St W / Crawford St,43.649722,-79.416944,47,very_large,False,False,,tourist_event,very_large|tourist_event|downtown_core|near_park|near_tourist|near_major_road,"Very large tourist event station in the downtown core, near tourist or event venues, near a park or trail and on a major road.",Ossington Avenue,1591,False,Roxton Road Parkette,240,True,Small World Music Centre,292,True,Dundas Street West,39,True,False,True,False,70.49,70.87,-0.39,very_high,low,Tourist or event-area station; demand may spike around weekends and events.,gbfs|osm|ridership,"base metadata (name, lat/lon, capacity, charging) from GBFS station_information; spatial context (nearest subway, park, tourist, major road) from OpenStreetMap Overpass API; ridership stats from Toronto Open Data 2025–2026 annual ZIPs"
7208,80 Clinton St,43.656296,-79.414663,15,small,False,False,,park_trail,small|park_trail|downtown_core|near_park,Small park trail station in the downtown core and near a park or trail.,Christie,919,False,,187,True,No. 8 Hose Station,803,False,College Street,137,False,False,True,False,36.27,37.52,-1.25,very_high,medium,"Small residential or park-adjacent station; if full, alternatives may be farther away.",gbfs|osm|ridership,"base metadata (name, lat/lon, capacity, charging) from GBFS station_information; spatial context (nearest subway, park, tourist, major road) from OpenStreetMap Overpass API; ridership stats from Toronto Open Data 2025–2026 annual ZIPs"
7209,Ossington Ave / Harrison St,43.651111111111106,-79.4213888888889,19,medium,False,False,,park_trail,medium|park_trail|near_park,Medium park trail station near a park or trail.,Ossington Avenue,1314,False,George Ben Park,141,True,Small World Music Centre,542,False,Dundas Street West,203,False,False,False,True,19.97,20.73,-0.76,high,low,"Small residential or park-adjacent station; if full, alternatives may be farther away.",gbfs|osm|ridership,"base metadata (name, lat/lon, capacity, charging) from GBFS station_information; spatial context (nearest subway, park, tourist, major road) from OpenStreetMap Overpass API; ridership stats from Toronto Open Data 2025–2026 annual ZIPs"
7210,Mary McCormick Rec Centre (Sheridan Ave),43.6475,-79.43305555555555,15,small,False,False,,park_trail,small|park_trail|near_park,Small park trail station near a park or trail.,Russett Avenue - E,1388,False,McCormick Park,62,True,XPACE Cultural Centre,633,False,Dufferin Street,197,False,False,False,True,13.09,13.41,-0.32,high,low,"Small residential or park-adjacent station; if full, alternatives may be farther away.",gbfs|osm|ridership,"base metadata (name, lat/lon, capacity, charging) from GBFS station_information; spatial context (nearest subway, park, tourist, major road) from OpenStreetMap Overpass API; ridership stats from Toronto Open Data 2025–2026 annual ZIPs"
7216,Wellington St W / Stafford St,43.6409957,-79.40966630000001,23,medium,False,False,Game days Jun-Jul 2026,park_trail,medium|park_trail|downtown_core|near_park|valet_station,"Medium park trail station valet-served station, in the downtown core and near a park or trail.",University / King Southwest corner (on King),2108,False,,56,True,The Bentway,436,False,King Street West,162,False,False,True,False,37.35,37.53,-0.18,very_high,low,"Valet station: extra capacity available Game days Jun-Jul 2026; outside those hours, treated as a regular dock.",gbfs|osm|ridership|valet_page,"base metadata (name, lat/lon, capacity, charging) from GBFS station_information; spatial context (nearest subway, park, tourist, major road) from OpenStreetMap Overpass API; ridership stats from Toronto Open Data 2025–2026 annual ZIPs; valet hours (Game days Jun-Jul 2026) from bikesharetoronto.com/valet-stations/"
7217,Soho St / Queen St W,43.649649714291584,-79.39372141352654,15,small,False,False,,tourist_event,small|tourist_event|downtown_core|near_park|near_tourist|near_major_road,"Small tourist event station in the downtown core, near tourist or event venues, near a park or trail and on a major road.","University / Queen, Southwest Entrance",552,False,,261,True,OCAD Graduate Gallery,391,True,Queen Street West,36,True,False,True,False,67.48,69.57,-2.1,very_high,medium,Tourist or event-area station; demand may spike around weekends and events.,gbfs|osm|ridership,"base metadata (name, lat/lon, capacity, charging) from GBFS station_information; spatial context (nearest subway, park, tourist, major road) from OpenStreetMap Overpass API; ridership stats from Toronto Open Data 2025–2026 annual ZIPs"
7220,Lake Shore Blvd W / Ellis Ave,43.635932,-79.465083,19,medium,False,False,,waterfront,medium|waterfront|near_park|near_major_road,"Medium waterfront station on the waterfront, near a park or trail and on a major road.",Kennedy Avenue,1957,False,Sir Casimir Gzowski Park,139,True,Colborne Lodge,641,False,Lake Shore Boulevard West,24,True,True,False,False,18.0,17.1,0.91,high,low,Waterfront station; expect higher demand on warm-weather weekends.,gbfs|osm|ridership,"base metadata (name, lat/lon, capacity, charging) from GBFS station_information; spatial context (nearest subway, park, tourist, major road) from OpenStreetMap Overpass API; ridership stats from Toronto Open Data 2025–2026 annual ZIPs"
7221,High Park Subway Station,43.6543604,-79.4655296,11,small,False,False,,park_trail,small|park_trail|near_subway|near_park,Small park trail station near subway and near a park or trail.,High Park Avenue,102,True,Bennett Park,170,True,High Park Labyrinth,827,False,Bloor Street West,92,False,False,False,True,7.6,7.82,-0.23,medium,low,"Small residential or park-adjacent station; if full, alternatives may be farther away.",gbfs|osm|ridership,"base metadata (name, lat/lon, capacity, charging) from GBFS station_information; spatial context (nearest subway, park, tourist, major road) from OpenStreetMap Overpass API; ridership stats from Toronto Open Data 2025–2026 annual ZIPs"
7222,Sunnyside - Gus Ryder Pool,43.637894,-79.454823,27,large,False,False,,park_trail,large|park_trail|near_park|near_major_road,Large park trail station near a park or trail and on a major road.,Keele Street,1996,False,Sunnyside Park,112,True,Colborne Lodge,499,False,Lake Shore Boulevard West,29,True,False,False,True,22.45,21.58,0.87,high,low,"Small residential or park-adjacent station; if full, alternatives may be farther away.",gbfs|osm|ridership,"base metadata (name, lat/lon, capacity, charging) from GBFS station_information; spatial context (nearest subway, park, tourist, major road) from OpenStreetMap Overpass API; ridership stats from Toronto Open Data 2025–2026 annual ZIPs"
7223,Parkside Dr / Bloor St W - SMART,43.654501,-79.460053,12,small,False,False,,park_trail,small|park_trail|near_subway|near_park|near_major_road,"Small park trail station near subway, near a park or trail and on a major road.",Keele Street,104,True,Indian Mound Traffic Island,227,True,Ukrainian Canadian Shevchenko,421,False,Keele Street,24,True,False,False,True,13.11,13.32,-0.21,high,low,"Small residential or park-adjacent station; if full, alternatives may be farther away.",gbfs|osm|ridership,"base metadata (name, lat/lon, capacity, charging) from GBFS station_information; spatial context (nearest subway, park, tourist, major road) from OpenStreetMap Overpass API; ridership stats from Toronto Open Data 2025–2026 annual ZIPs"
7224,Bloor St W / High Park Ave (High Park),43.6535269,-79.4650569,23,medium,False,False,,park_trail,medium|park_trail|near_subway|near_park|near_major_road,"Medium park trail station near subway, near a park or trail and on a major road.",High Park Avenue,136,True,Bennett Park,196,True,High Park Labyrinth,738,False,Bloor Street West,17,True,False,False,True,8.45,9.26,-0.81,medium,low,"Small residential or park-adjacent station; if full, alternatives may be farther away.",gbfs|osm|ridership,"base metadata (name, lat/lon, capacity, charging) from GBFS station_information; spatial context (nearest subway, park, tourist, major road) from OpenStreetMap Overpass API; ridership stats from Toronto Open Data 2025–2026 annual ZIPs"
7225,Lake Shore Blvd W / Windermere Ave,43.634896,-79.467763,19,medium,False,False,,waterfront,medium|waterfront|near_park|near_major_road,"Medium waterfront station on the waterfront, near a park or trail and on a major road.",Runnymede,1983,False,Sir Casimir Gzowski Park,164,True,Colborne Lodge,872,False,Lake Shore Boulevard West,20,True,True,False,False,12.8,12.92,-0.11,high,low,Waterfront station; expect higher demand on warm-weather weekends.,gbfs|osm|ridership,"base metadata (name, lat/lon, capacity, charging) from GBFS station_information; spatial context (nearest subway, park, tourist, major road) from OpenStreetMap Overpass API; ridership stats from Toronto Open Data 2025–2026 annual ZIPs"
7226,Lake Shore Blvd W / The Boulevard Club,43.636731,-79.444966,19,medium,False,False,,waterfront,medium|waterfront|near_park|near_major_road,"Medium waterfront station on the waterfront, near a park or trail and on a major road.",Dundas St West,2338,False,Beaty Boulevard Parkette,113,True,Colborne Lodge,1275,False,Lake Shore Boulevard West,40,True,True,False,False,18.63,18.7,-0.07,high,low,Waterfront station; expect higher demand on warm-weather weekends.,gbfs|osm|ridership,"base metadata (name, lat/lon, capacity, charging) from GBFS station_information; spatial context (nearest subway, park, tourist, major road) from OpenStreetMap Overpass API; ridership stats from Toronto Open Data 2025–2026 annual ZIPs"
7227,Martin Goodman Trail (Marilyn Bell Park),43.6314,-79.4304,31,large,False,False,,waterfront,large|waterfront|near_park|near_major_road,"Large waterfront station on the waterfront, near a park or trail and on a major road.",Russett Avenue - E,3188,False,Marilyn Bell Park,148,True,Scadding Cabin,522,False,Lake Shore Boulevard West,25,True,True,False,False,17.62,17.91,-0.29,high,low,Waterfront station; expect higher demand on warm-weather weekends.,gbfs|osm|ridership,"base metadata (name, lat/lon, capacity, charging) from GBFS station_information; spatial context (nearest subway, park, tourist, major road) from OpenStreetMap Overpass API; ridership stats from Toronto Open Data 2025–2026 annual ZIPs"
7228,King St W / Wilson Park Blvd,43.6372958,-79.4423237,19,medium,False,False,,park_trail,medium|park_trail|near_park|near_major_road,Medium park trail station near a park or trail and on a major road.,Dundas St West,2345,False,Beaty Boulevard Parkette,156,True,Colborne Lodge,1462,False,King Street West,24,True,False,False,True,5.97,5.98,-0.01,medium,low,"Small residential or park-adjacent station; if full, alternatives may be farther away.",gbfs|osm|ridership,"base metadata (name, lat/lon, capacity, charging) from GBFS station_information; spatial context (nearest subway, park, tourist, major road) from OpenStreetMap Overpass API; ridership stats from Toronto Open Data 2025–2026 annual ZIPs"
7229,2201 Dundas St W ,43.6534268,-79.4512787,11,small,True,False,,park_trail,small|park_trail|near_park|near_major_road|charging_station,Small park trail station near a park or trail and on a major road.,Dundas St West,413,False,Dundas Roncesvalles Peace Garden,28,True,Ukrainian Canadian Shevchenko,417,False,Dundas Street West,14,True,False,False,True,10.07,9.7,0.37,medium,low,"Small residential or park-adjacent station; if full, alternatives may be farther away.",gbfs|osm|ridership,"base metadata (name, lat/lon, capacity, charging) from GBFS station_information; spatial context (nearest subway, park, tourist, major road) from OpenStreetMap Overpass API; ridership stats from Toronto Open Data 2025–2026 annual ZIPs"
7230,Garden Ave / Roncesvalles Ave,43.643769,-79.447915,18,medium,False,False,,residential,medium|residential,Medium residential station.,Dundas St West,1520,False,Grafton Avenue Park,501,False,XPACE Cultural Centre,1010,False,The Queensway,549,False,False,False,True,14.45,14.63,-0.18,high,low,"Small residential or park-adjacent station; if full, alternatives may be farther away.",gbfs|osm|ridership,"base metadata (name, lat/lon, capacity, charging) from GBFS station_information; spatial context (nearest subway, park, tourist, major road) from OpenStreetMap Overpass API; ridership stats from Toronto Open Data 2025–2026 annual ZIPs"
7231,Wright Ave / Sorauren Ave - SMART,43.646677,-79.442741,18,medium,False,False,,park_trail,medium|park_trail|near_park,Medium park trail station near a park or trail.,Lansdowne Avenue,1375,False,Charles G. Williams Park,70,True,XPACE Cultural Centre,502,False,Dundas Street West,418,False,False,False,True,11.05,11.29,-0.24,medium,low,"Small residential or park-adjacent station; if full, alternatives may be farther away.",gbfs|osm|ridership,"base metadata (name, lat/lon, capacity, charging) from GBFS station_information; spatial context (nearest subway, park, tourist, major road) from OpenStreetMap Overpass API; ridership stats from Toronto Open Data 2025–2026 annual ZIPs"
7232,Queen St W  /  Fuller Ave - SMART,43.640255,-79.439223,16,medium,False,False,,park_trail,medium|park_trail|near_park|near_major_road,Medium park trail station near a park or trail and on a major road.,Lansdowne Avenue,2109,False,Albert Crosland Park,80,True,XPACE Cultural Centre,1151,False,Queen Street West,24,True,False,False,True,11.74,12.18,-0.44,high,low,"Small residential or park-adjacent station; if full, alternatives may be farther away.",gbfs|osm|ridership,"base metadata (name, lat/lon, capacity, charging) from GBFS station_information; spatial context (nearest subway, park, tourist, major road) from OpenStreetMap Overpass API; ridership stats from Toronto Open Data 2025–2026 annual ZIPs"
7233,King St W / Cowan Ave - SMART,43.637922,-79.431734,16,medium,False,False,,park_trail,medium|park_trail|near_park|near_major_road,Medium park trail station near a park or trail and on a major road.,Russett Avenue - E,2455,False,Spencer Cowan Parkette,189,True,Museum of Television,762,False,King Street West,15,True,False,False,True,14.3,14.54,-0.24,high,low,"Small residential or park-adjacent station; if full, alternatives may be farther away.",gbfs|osm|ridership,"base metadata (name, lat/lon, capacity, charging) from GBFS station_information; spatial context (nearest subway, park, tourist, major road) from OpenStreetMap Overpass API; ridership stats from Toronto Open Data 2025–2026 annual ZIPs"
7234,Roncesvalles Ave / Marmaduke St,43.650492,-79.450842,19,medium,False,False,,residential,medium|residential,Medium residential station.,Dundas West,738,False,Dundas Roncesvalles Peace Garden,349,False,213 Sterling Road,672,False,Dundas Street West,275,False,False,False,True,14.12,14.75,-0.63,high,low,"Small residential or park-adjacent station; if full, alternatives may be farther away.",gbfs|osm|ridership,"base metadata (name, lat/lon, capacity, charging) from GBFS station_information; spatial context (nearest subway, park, tourist, major road) from OpenStreetMap Overpass API; ridership stats from Toronto Open Data 2025–2026 annual ZIPs"
7235,Bay St / College St (West Side) - SMART,43.660087,-79.385655,16,medium,False,False,,transit_hub,medium|transit_hub|downtown_core|near_subway|near_park|near_tourist|near_major_road,"Medium transit hub station near subway, in the downtown core, near tourist or event venues, near a park or trail and on a major road.",College Park Shops Entrance,229,True,College Park,157,True,Police Museum & Discovery Centre,123,True,Bay Street,32,True,False,True,False,38.27,40.9,-2.63,very_high,medium,"Large capacity helps, but downtown commuter demand can change quickly; check alternatives early.",gbfs|osm|ridership,"base metadata (name, lat/lon, capacity, charging) from GBFS station_information; spatial context (nearest subway, park, tourist, major road) from OpenStreetMap Overpass API; ridership stats from Toronto Open Data 2025–2026 annual ZIPs"
7236,Thompson St / Broadview Ave - SMART,43.659471,-79.350325,24,medium,False,False,,park_trail,medium|park_trail|near_park|near_major_road,Medium park trail station near a park or trail and on a major road.,Broadview Avenue,2033,False,Thompson Street Parkette,30,True,Toronto Chinese Archway,681,False,Broadview Avenue,37,True,False,False,True,21.33,18.76,2.57,high,low,"Small residential or park-adjacent station; if full, alternatives may be farther away.",gbfs|osm|ridership,"base metadata (name, lat/lon, capacity, charging) from GBFS station_information; spatial context (nearest subway, park, tourist, major road) from OpenStreetMap Overpass API; ridership stats from Toronto Open Data 2025–2026 annual ZIPs"
7237,Ward St / Wallace Ave,43.662857,-79.44618,15,small,False,False,,park_trail,small|park_trail|near_park,Small park trail station near a park or trail.,Wade Avenue,478,False,Campbell Avenue Park,193,True,Adventure Alley Toronto,547,False,Dupont Street,421,False,False,False,True,17.22,17.55,-0.33,high,low,"Small residential or park-adjacent station; if full, alternatives may be farther away.",gbfs|osm|ridership,"base metadata (name, lat/lon, capacity, charging) from GBFS station_information; spatial context (nearest subway, park, tourist, major road) from OpenStreetMap Overpass API; ridership stats from Toronto Open Data 2025–2026 annual ZIPs"
7238,Sorauren Ave / Geoffrey St - SMART,43.649172,-79.4445087,16,medium,False,False,,park_trail,medium|park_trail|near_park,Medium park trail station near a park or trail.,Dundas St West,1094,False,Sorauren Park,108,True,XPACE Cultural Centre,422,False,Dundas Street West,197,False,False,False,True,9.8,10.21,-0.41,medium,low,"Small residential or park-adjacent station; if full, alternatives may be farther away.",gbfs|osm|ridership,"base metadata (name, lat/lon, capacity, charging) from GBFS station_information; spatial context (nearest subway, park, tourist, major road) from OpenStreetMap Overpass API; ridership stats from Toronto Open Data 2025–2026 annual ZIPs"
7239,Bloor St W / Manning Ave - SMART,43.663912,-79.416124,42,very_large,False,False,,transit_hub,very_large|transit_hub|downtown_core|near_subway|near_park|near_major_road,"Very large transit hub station near subway, in the downtown core, near a park or trail and on a major road.",Christie,184,True,Euclid Avenue Parkette,163,True,"Ukrainian Museum of Canada, Ontario Branch",1145,False,Bloor Street West,19,True,False,True,False,43.67,58.79,-15.12,very_high,low,"Large capacity helps, but downtown commuter demand can change quickly; check alternatives early.",gbfs|osm|ridership,"base metadata (name, lat/lon, capacity, charging) from GBFS station_information; spatial context (nearest subway, park, tourist, major road) from OpenStreetMap Overpass API; ridership stats from Toronto Open Data 2025–2026 annual ZIPs"
7240,Bloor St W / Shaw St - SMART,43.662403,-79.423098,34,large,False,False,,park_trail,large|park_trail|near_subway|near_park|near_major_road,"Large park trail station near subway, near a park or trail and on a major road.",Ossington Avenue,232,True,Irene Avenue Parkette,87,True,No. 8 Hose Station,1600,False,Bloor Street West,16,True,False,False,True,41.31,53.26,-11.95,very_high,low,"Small residential or park-adjacent station; if full, alternatives may be farther away.",gbfs|osm|ridership,"base metadata (name, lat/lon, capacity, charging) from GBFS station_information; spatial context (nearest subway, park, tourist, major road) from OpenStreetMap Overpass API; ridership stats from Toronto Open Data 2025–2026 annual ZIPs"
7241,519 Church St ,43.6668334195837,-79.38120391054117,11,small,False,False,,transit_hub,small|transit_hub|downtown_core|near_subway|near_park,"Small transit hub station near subway, in the downtown core and near a park or trail.",Dundonald Street,244,True,Barbara Hall Park,57,True,TD Gallery,695,False,Jarvis Street,205,False,False,True,False,8.23,8.94,-0.71,medium,low,"Large capacity helps, but downtown commuter demand can change quickly; check alternatives early.",gbfs|osm|ridership,"base metadata (name, lat/lon, capacity, charging) from GBFS station_information; spatial context (nearest subway, park, tourist, major road) from OpenStreetMap Overpass API; ridership stats from Toronto Open Data 2025–2026 annual ZIPs"
7242,Lake Shore Blvd W / Ontario Dr,43.630254,-79.420317,35,large,False,False,,tourist_event,large|tourist_event|waterfront|near_tourist|near_major_road,"Large tourist event station on the waterfront, near tourist or event venues and on a major road.",University / King Southwest corner (on King),3425,False,Centennial Park,467,False,Scadding Cabin,300,True,Lake Shore Boulevard West,25,True,True,False,False,20.36,21.33,-0.97,high,low,Tourist or event-area station; demand may spike around weekends and events.,gbfs|osm|ridership,"base metadata (name, lat/lon, capacity, charging) from GBFS station_information; spatial context (nearest subway, park, tourist, major road) from OpenStreetMap Overpass API; ridership stats from Toronto Open Data 2025–2026 annual ZIPs"
7244,Dufferin Gate - SMART,43.633473,-79.425679,16,medium,False,False,,tourist_event,medium|tourist_event|waterfront|near_park|near_tourist,"Medium tourist event station on the waterfront, near tourist or event venues and near a park or trail.",Russett Avenue - E,3047,False,Centennial Park,114,True,Scadding Cabin,338,True,Lake Shore Boulevard West,340,False,True,False,False,11.12,11.27,-0.16,medium,low,Tourist or event-area station; demand may spike around weekends and events.,gbfs|osm|ridership,"base metadata (name, lat/lon, capacity, charging) from GBFS station_information; spatial context (nearest subway, park, tourist, major road) from OpenStreetMap Overpass API; ridership stats from Toronto Open Data 2025–2026 annual ZIPs"
7246,Yonge St / Bloor St,43.669969,-79.386532,19,medium,False,False,,transit_hub,medium|transit_hub|downtown_core|near_subway|near_park|near_tourist|near_major_road,"Medium transit hub station near subway, in the downtown core, near tourist or event venues, near a park or trail and on a major road.",1 Bloor Street East Entrance,20,True,George Hislop Park,226,True,TD Gallery,184,True,Yonge Street,35,True,False,True,False,56.23,59.55,-3.32,very_high,medium,"Large capacity helps, but downtown commuter demand can change quickly; check alternatives early.",gbfs|osm|ridership,"base metadata (name, lat/lon, capacity, charging) from GBFS station_information; spatial context (nearest subway, park, tourist, major road) from OpenStreetMap Overpass API; ridership stats from Toronto Open Data 2025–2026 annual ZIPs"
7247,Howard Park Ave / Dundas St W - SMART,43.6521,-79.4486,12,small,False,False,,park_trail,small|park_trail|near_park|near_major_road,Small park trail station near a park or trail and on a major road.,Dundas St West,638,False,Ritchie Avenue Parkette,200,True,213 Sterling Road,426,False,Dundas Street West,30,True,False,False,True,10.64,10.99,-0.35,medium,low,"Small residential or park-adjacent station; if full, alternatives may be farther away.",gbfs|osm|ridership,"base metadata (name, lat/lon, capacity, charging) from GBFS station_information; spatial context (nearest subway, park, tourist, major road) from OpenStreetMap Overpass API; ridership stats from Toronto Open Data 2025–2026 annual ZIPs"
7248,Baldwin St / Spadina Ave - SMART,43.654905,-79.398448,20,medium,False,False,,tourist_event,medium|tourist_event|downtown_core|near_park|near_tourist|near_major_road,"Medium tourist event station in the downtown core, near tourist or event venues, near a park or trail and on a major road.","University / Dundas, Northwest corner",777,False,Glasgow Street Parkette,206,True,George Brown House,294,True,Spadina Avenue,22,True,False,True,False,58.38,61.82,-3.44,very_high,medium,Tourist or event-area station; demand may spike around weekends and events.,gbfs|osm|ridership,"base metadata (name, lat/lon, capacity, charging) from GBFS station_information; spatial context (nearest subway, park, tourist, major road) from OpenStreetMap Overpass API; ridership stats from Toronto Open Data 2025–2026 annual ZIPs"
7249,144 Harrison St,43.651145,-79.423742,51,very_large,True,False,,park_trail,very_large|park_trail|near_park|charging_station,Very large park trail station near a park or trail.,Delaware Avenue,1254,False,Harrison-Dovercourt Parkette,111,True,Small World Music Centre,672,False,Dundas Street West,193,False,False,False,True,17.95,28.57,-10.63,high,low,"Small residential or park-adjacent station; if full, alternatives may be farther away.",gbfs|osm|ridership,"base metadata (name, lat/lon, capacity, charging) from GBFS station_information; spatial context (nearest subway, park, tourist, major road) from OpenStreetMap Overpass API; ridership stats from Toronto Open Data 2025–2026 annual ZIPs"
7250,Ursula Franklin St / St. George St - SMART,43.660296,-79.397107,16,medium,False,False,,tourist_event,medium|tourist_event|downtown_core|near_park|near_tourist,"Medium tourist event station in the downtown core, near tourist or event venues and near a park or trail.",University / College Northwest Entrance,509,False,Front Campus,226,True,Centre For Inquiry Ontario,347,True,College Street,199,False,False,True,False,31.22,35.0,-3.77,very_high,low,Tourist or event-area station; demand may spike around weekends and events.,gbfs|osm|ridership,"base metadata (name, lat/lon, capacity, charging) from GBFS station_information; spatial context (nearest subway, park, tourist, major road) from OpenStreetMap Overpass API; ridership stats from Toronto Open Data 2025–2026 annual ZIPs"
7252,Robert St / Bloor St W - SMART,43.665846,-79.404998,18,medium,False,False,,transit_hub,medium|transit_hub|downtown_core|near_subway|near_park|near_major_road,"Medium transit hub station near subway, in the downtown core, near a park or trail and on a major road.",Walmer Road,131,True,Robert Street Playground,94,True,"Ukrainian Museum of Canada, Ontario Branch",498,False,Bloor Street West,64,True,False,True,False,48.22,53.13,-4.91,very_high,medium,"Large capacity helps, but downtown commuter demand can change quickly; check alternatives early.",gbfs|osm|ridership,"base metadata (name, lat/lon, capacity, charging) from GBFS station_information; spatial context (nearest subway, park, tourist, major road) from OpenStreetMap Overpass API; ridership stats from Toronto Open Data 2025–2026 annual ZIPs"
7253,John St  / Mercer St - SMART,43.6461,-79.3895,12,small,False,False,,tourist_event,small|tourist_event|downtown_core|near_park|near_tourist|near_major_road,"Small tourist event station in the downtown core, near tourist or event venues, near a park or trail and on a major road.",University / King Southwest corner (on King),390,False,,211,True,CBC Museum,244,True,King Street West,59,True,False,True,False,64.87,69.05,-4.19,very_high,high,Tourist or event-area station; demand may spike around weekends and events.,gbfs|osm|ridership,"base metadata (name, lat/lon, capacity, charging) from GBFS station_information; spatial context (nearest subway, park, tourist, major road) from OpenStreetMap Overpass API; ridership stats from Toronto Open Data 2025–2026 annual ZIPs"
7256,Vanauley St / Queen St W - SMART,43.648437,-79.39838,12,small,False,False,,park_trail,small|park_trail|downtown_core|near_park|near_major_road,"Small park trail station in the downtown core, near a park or trail and on a major road.","University / Queen, Southwest Entrance",948,False,The Alex Wilson Community Garden,224,True,the industREALarts room,733,False,Queen Street West,18,True,False,True,False,25.64,27.22,-1.58,high,medium,"Small residential or park-adjacent station; if full, alternatives may be farther away.",gbfs|osm|ridership,"base metadata (name, lat/lon, capacity, charging) from GBFS station_information; spatial context (nearest subway, park, tourist, major road) from OpenStreetMap Overpass API; ridership stats from Toronto Open Data 2025–2026 annual ZIPs"
7257,Dundas St W / St. Patrick St,43.6545174,-79.3895315,19,medium,False,False,,transit_hub,medium|transit_hub|downtown_core|near_subway|near_park|near_tourist|near_major_road,"Medium transit hub station near subway, in the downtown core, near tourist or event venues, near a park or trail and on a major road.","University / Dundas, Northwest corner",81,True,,112,True,Toronto bicycle tour,85,True,Dundas Street West,45,True,False,True,False,49.61,53.27,-3.66,very_high,medium,"Large capacity helps, but downtown commuter demand can change quickly; check alternatives early.",gbfs|osm|ridership,"base metadata (name, lat/lon, capacity, charging) from GBFS station_information; spatial context (nearest subway, park, tourist, major road) from OpenStreetMap Overpass API; ridership stats from Toronto Open Data 2025–2026 annual ZIPs"
7258,Queen St E / Rushbrooke Ave,43.6626628,-79.3323698,15,small,False,False,,tourist_event,small|tourist_event|near_park|near_tourist|near_major_road,"Small tourist event station near tourist or event venues, near a park or trail and on a major road.",Donlands Avenue,2083,False,Leslie Grove Park,112,True,Tchotchke House (Crazy Doll House),237,True,Queen Street East,36,True,False,False,False,11.65,11.3,0.35,high,low,Tourist or event-area station; demand may spike around weekends and events.,gbfs|osm|ridership,"base metadata (name, lat/lon, capacity, charging) from GBFS station_information; spatial context (nearest subway, park, tourist, major road) from OpenStreetMap Overpass API; ridership stats from Toronto Open Data 2025–2026 annual ZIPs"
7259,Lower Spadina Ave / Lake Shore Blvd W,43.638497,-79.39192,19,medium,False,False,,tourist_event,medium|tourist_event|downtown_core|waterfront|near_park|near_tourist|near_major_road,"Medium tourist event station in the downtown core, on the waterfront, near tourist or event venues, near a park or trail and on a major road.",University / King Southwest corner (on King),1146,False,Spadina Quay Wetland,147,True,Empire Sandy,187,True,Spadina Avenue,17,True,True,True,False,27.76,29.28,-1.52,very_high,low,Tourist or event-area station; demand may spike around weekends and events.,gbfs|osm|ridership,"base metadata (name, lat/lon, capacity, charging) from GBFS station_information; spatial context (nearest subway, park, tourist, major road) from OpenStreetMap Overpass API; ridership stats from Toronto Open Data 2025–2026 annual ZIPs"
7260,Spadina Ave / Adelaide St W,43.6472019,-79.3953394,15,small,False,False,,park_trail,small|park_trail|downtown_core|near_park|near_major_road,"Small park trail station in the downtown core, near a park or trail and on a major road.","University / Queen, Southwest Entrance",774,False,,208,True,OCAD Graduate Gallery,571,False,Spadina Avenue,48,True,False,True,False,64.36,68.3,-3.94,very_high,medium,"Small residential or park-adjacent station; if full, alternatives may be farther away.",gbfs|osm|ridership,"base metadata (name, lat/lon, capacity, charging) from GBFS station_information; spatial context (nearest subway, park, tourist, major road) from OpenStreetMap Overpass API; ridership stats from Toronto Open Data 2025–2026 annual ZIPs"
7261,Queens Quay E / Lower Sherbourne St,43.645215,-79.364898,24,medium,False,False,,waterfront,medium|waterfront|downtown_core|near_park|near_major_road,"Medium waterfront station in the downtown core, on the waterfront, near a park or trail and on a major road.",Queens Quay - Ferry Docks,1052,False,Sherbourne Common,25,True,Museum of Illusions,669,False,Queens Quay East,44,True,True,True,False,51.97,53.98,-2.02,very_high,medium,Waterfront station; expect higher demand on warm-weather weekends.,gbfs|osm|ridership,"base metadata (name, lat/lon, capacity, charging) from GBFS station_information; spatial context (nearest subway, park, tourist, major road) from OpenStreetMap Overpass API; ridership stats from Toronto Open Data 2025–2026 annual ZIPs"
7262,Wychwood Ave / Benson Ave - SMART,43.6809164,-79.4229684,16,medium,False,False,,park_trail,medium|park_trail|near_park,Medium park trail station near a park or trail.,"St. Clair Av West, South Entrance",691,False,Wychwood Parkette,33,True,Casa Loma,1137,False,St. Clair Avenue West,135,False,False,False,True,4.34,5.08,-0.73,medium,low,"Small residential or park-adjacent station; if full, alternatives may be farther away.",gbfs|osm|ridership,"base metadata (name, lat/lon, capacity, charging) from GBFS station_information; spatial context (nearest subway, park, tourist, major road) from OpenStreetMap Overpass API; ridership stats from Toronto Open Data 2025–2026 annual ZIPs"
7264,Bloor St E / Huntley St - SMART,43.671535,-79.379173,20,medium,False,False,,residential,medium|residential|near_subway|near_major_road,Medium residential station near subway and on a major road.,Sherbourne Street,223,True,Molesworth Square,358,False,TD Gallery,610,False,Mount Pleasant Road,17,True,False,False,True,35.0,36.86,-1.86,very_high,low,"Small residential or park-adjacent station; if full, alternatives may be farther away.",gbfs|osm|ridership,"base metadata (name, lat/lon, capacity, charging) from GBFS station_information; spatial context (nearest subway, park, tourist, major road) from OpenStreetMap Overpass API; ridership stats from Toronto Open Data 2025–2026 annual ZIPs"
7265,Wallace Ave / Symington Ave - SMART,43.661324,-79.449534,12,small,False,False,,tourist_event,small|tourist_event|near_park|near_tourist,Small tourist event station near tourist or event venues and near a park or trail.,Dundas St West,548,False,Campbell Avenue Park,273,True,Fly on the Wall Gallery,312,True,Dundas Street West,364,False,False,False,False,6.77,7.01,-0.24,medium,low,Tourist or event-area station; demand may spike around weekends and events.,gbfs|osm|ridership,"base metadata (name, lat/lon, capacity, charging) from GBFS station_information; spatial context (nearest subway, park, tourist, major road) from OpenStreetMap Overpass API; ridership stats from Toronto Open Data 2025–2026 annual ZIPs"
7266,Victoria Park Subway Station - SMART,43.695101521988285,-79.28970303201599,12,small,False,False,,residential,small|residential|near_subway|near_major_road,Small residential station near subway and on a major road.,North Walkway,41,True,Dentonia Park,331,False,Bell Estate,1628,False,Victoria Park Avenue,21,True,False,False,True,2.1,1.99,0.11,medium,low,"Small residential or park-adjacent station; if full, alternatives may be farther away.",gbfs|osm|ridership,"base metadata (name, lat/lon, capacity, charging) from GBFS station_information; spatial context (nearest subway, park, tourist, major road) from OpenStreetMap Overpass API; ridership stats from Toronto Open Data 2025–2026 annual ZIPs"
7267,Dundas St E / Pembroke St ,43.658295,-79.372346,15,small,False,False,,downtown_core,small|downtown_core|near_major_road,Small downtown core station in the downtown core and on a major road.,Sankofa Square Elevator,688,False,Moss Park,350,False,Allan Gardens Conservatory,437,False,Dundas Street East,12,True,False,True,False,15.64,17.38,-1.74,high,low,Downtown station with variable demand; check live dock counts before arriving.,gbfs|osm|ridership,"base metadata (name, lat/lon, capacity, charging) from GBFS station_information; spatial context (nearest subway, park, tourist, major road) from OpenStreetMap Overpass API; ridership stats from Toronto Open Data 2025–2026 annual ZIPs"
7268,111 Bond St (North of Dundas St E)  - SMART,43.656927,-79.378497,16,medium,False,False,,transit_hub,medium|transit_hub|downtown_core|near_subway|near_park|near_tourist|near_major_road,"Medium transit hub station near subway, in the downtown core, near tourist or event venues, near a park or trail and on a major road.",Sankofa Square Elevator,171,True,Kerr Hall Quad,213,True,Mackenzie House,136,True,Dundas Street East,76,True,False,True,False,10.37,11.14,-0.77,medium,low,"Large capacity helps, but downtown commuter demand can change quickly; check alternatives early.",gbfs|osm|ridership,"base metadata (name, lat/lon, capacity, charging) from GBFS station_information; spatial context (nearest subway, park, tourist, major road) from OpenStreetMap Overpass API; ridership stats from Toronto Open Data 2025–2026 annual ZIPs"
7269,Toronto Eaton Centre (Yonge St) - SMART,43.655431,-79.380653,20,medium,False,False,,transit_hub,medium|transit_hub|downtown_core|near_subway|near_park|near_tourist|near_major_road,"Medium transit hub station near subway, in the downtown core, near tourist or event venues, near a park or trail and on a major road.",Entrance from Eaton Centre L1 (via PATH),85,True,Trinity Square,163,True,Sankofa Square,78,True,Yonge Street,32,True,False,True,False,43.3,46.04,-2.73,very_high,medium,"Large capacity helps, but downtown commuter demand can change quickly; check alternatives early.",gbfs|osm|ridership,"base metadata (name, lat/lon, capacity, charging) from GBFS station_information; spatial context (nearest subway, park, tourist, major road) from OpenStreetMap Overpass API; ridership stats from Toronto Open Data 2025–2026 annual ZIPs"
7270,Church St / Dundas St E - SMART,43.657024,-79.377257,20,medium,False,False,,transit_hub,medium|transit_hub|downtown_core|near_subway|near_park|near_tourist|near_major_road,"Medium transit hub station near subway, in the downtown core, near tourist or event venues, near a park or trail and on a major road.",Sankofa Square Elevator,268,True,Arena Gardens,186,True,Mackenzie House,167,True,Dundas Street East,58,True,False,True,False,23.27,27.32,-4.05,high,low,"Large capacity helps, but downtown commuter demand can change quickly; check alternatives early.",gbfs|osm|ridership,"base metadata (name, lat/lon, capacity, charging) from GBFS station_information; spatial context (nearest subway, park, tourist, major road) from OpenStreetMap Overpass API; ridership stats from Toronto Open Data 2025–2026 annual ZIPs"
7271,Yonge St / Alexander St - SMART,43.662862,-79.383572,18,medium,False,False,,transit_hub,medium|transit_hub|downtown_core|near_subway|near_park|near_tourist|near_major_road,"Medium transit hub station near subway, in the downtown core, near tourist or event venues, near a park or trail and on a major road.",Yonge / Carlton Northeast Corner,168,True,Alexander Street Parkette,85,True,Police Museum & Discovery Centre,231,True,Yonge Street,10,True,False,True,False,52.59,56.64,-4.05,very_high,medium,"Large capacity helps, but downtown commuter demand can change quickly; check alternatives early.",gbfs|osm|ridership,"base metadata (name, lat/lon, capacity, charging) from GBFS station_information; spatial context (nearest subway, park, tourist, major road) from OpenStreetMap Overpass API; ridership stats from Toronto Open Data 2025–2026 annual ZIPs"
7272,Yonge St / Dundonald St ,43.66596010067729,-79.38461360978698,27,large,False,False,,transit_hub,large|transit_hub|downtown_core|near_subway|near_park|near_major_road,"Large transit hub station near subway, in the downtown core, near a park or trail and on a major road.",Dundonald Street,56,True,James Canning Gardens,58,True,Police Museum & Discovery Centre,539,False,Yonge Street,29,True,False,True,False,35.77,40.99,-5.22,very_high,low,"Large capacity helps, but downtown commuter demand can change quickly; check alternatives early.",gbfs|osm|ridership,"base metadata (name, lat/lon, capacity, charging) from GBFS station_information; spatial context (nearest subway, park, tourist, major road) from OpenStreetMap Overpass API; ridership stats from Toronto Open Data 2025–2026 annual ZIPs"
7273,Bay St / Charles St W - SMART,43.668153,-79.38891,20,medium,False,False,,transit_hub,medium|transit_hub|downtown_core|near_subway|near_park|near_tourist|near_major_road,"Medium transit hub station near subway, in the downtown core, near tourist or event venues, near a park or trail and on a major road.",80 Bloor Street West,202,True,,251,True,The Yorkville Rock,334,True,Bay Street,7,True,False,True,False,28.56,37.69,-9.13,very_high,low,"Large capacity helps, but downtown commuter demand can change quickly; check alternatives early.",gbfs|osm|ridership,"base metadata (name, lat/lon, capacity, charging) from GBFS station_information; spatial context (nearest subway, park, tourist, major road) from OpenStreetMap Overpass API; ridership stats from Toronto Open Data 2025–2026 annual ZIPs"
7276,Bloor St W / Balmuto St,43.66981064282057,-79.38801106873031,11,small,False,False,,transit_hub,small|transit_hub|downtown_core|near_subway|near_park|near_tourist|near_major_road,"Small transit hub station near subway, in the downtown core, near tourist or event venues, near a park or trail and on a major road.",1 Bloor Street East Entrance,126,True,Four Seasons Parkette,243,True,TD Gallery,224,True,Bloor Street West,24,True,False,True,False,21.15,22.85,-1.7,high,low,"Large capacity helps, but downtown commuter demand can change quickly; check alternatives early.",gbfs|osm|ridership,"base metadata (name, lat/lon, capacity, charging) from GBFS station_information; spatial context (nearest subway, park, tourist, major road) from OpenStreetMap Overpass API; ridership stats from Toronto Open Data 2025–2026 annual ZIPs"
7277,Chorley Park - SMART,43.6856,-79.3718,20,medium,False,False,,park_trail,medium|park_trail|near_park,Medium park trail station near a park or trail.,Castle Frank Road,1329,False,Chorley Park,167,True,Don Valley Brick Works,524,False,Bayview Avenue,543,False,False,False,True,5.29,5.53,-0.24,medium,low,"Small residential or park-adjacent station; if full, alternatives may be farther away.",gbfs|osm|ridership,"base metadata (name, lat/lon, capacity, charging) from GBFS station_information; spatial context (nearest subway, park, tourist, major road) from OpenStreetMap Overpass API; ridership stats from Toronto Open Data 2025–2026 annual ZIPs"
7278,Mallon Ave / Jones Ave -SMART,43.66587,-79.33443,15,small,False,False,,tourist_event,small|tourist_event|near_tourist,Small tourist event station near tourist or event venues.,Donlands Avenue,1703,False,Leslie Grove Park,307,False,Tchotchke House (Crazy Doll House),283,True,Queen Street East,378,False,False,False,False,10.53,10.23,0.3,medium,low,Tourist or event-area station; demand may spike around weekends and events.,gbfs|osm|ridership,"base metadata (name, lat/lon, capacity, charging) from GBFS station_information; spatial context (nearest subway, park, tourist, major road) from OpenStreetMap Overpass API; ridership stats from Toronto Open Data 2025–2026 annual ZIPs"
7279,Rosehill Ave / Avoca Ave - SMART,43.687999,-79.38906,16,medium,False,False,,park_trail,medium|park_trail|near_park,Medium park trail station near a park or trail.,St. Clair,311,False,Inglewood Parkette,192,True,Tunnel of Glam,442,False,St. Clair Avenue East,124,False,False,False,True,2.88,2.73,0.15,medium,low,"Small residential or park-adjacent station; if full, alternatives may be farther away.",gbfs|osm|ridership,"base metadata (name, lat/lon, capacity, charging) from GBFS station_information; spatial context (nearest subway, park, tourist, major road) from OpenStreetMap Overpass API; ridership stats from Toronto Open Data 2025–2026 annual ZIPs"
7281,Charles St W / Balmuto St - SMART,43.668427,-79.38725,24,medium,False,False,,transit_hub,medium|transit_hub|downtown_core|near_subway|near_park|near_tourist,"Medium transit hub station near subway, in the downtown core, near tourist or event venues and near a park or trail.",,154,True,George Hislop Park,187,True,TD Gallery,357,True,Yonge Street,95,False,False,True,False,45.91,62.46,-16.55,very_high,low,"Large capacity helps, but downtown commuter demand can change quickly; check alternatives early.",gbfs|osm|ridership,"base metadata (name, lat/lon, capacity, charging) from GBFS station_information; spatial context (nearest subway, park, tourist, major road) from OpenStreetMap Overpass API; ridership stats from Toronto Open Data 2025–2026 annual ZIPs"
7282,Adelaide St W / Bay St,43.650152,-79.379856,23,medium,False,False,Mon-Fri 7:00AM-10:00AM,transit_hub,medium|transit_hub|downtown_core|near_subway|near_park|near_tourist|near_major_road|valet_station,"Medium transit hub station valet-served station, near subway, in the downtown core, near tourist or event venues, near a park or trail and on a major road.",Entrance from Scotia Plaza (via PATH),167,True,Arnell Plaza,33,True,Design Exchange,269,True,Adelaide Street West,24,True,False,True,False,49.36,36.38,12.98,very_high,medium,"Valet station: extra capacity available Mon-Fri 7:00AM-10:00AM; outside those hours, treated as a regular dock.",gbfs|osm|ridership|valet_page,"base metadata (name, lat/lon, capacity, charging) from GBFS station_information; spatial context (nearest subway, park, tourist, major road) from OpenStreetMap Overpass API; ridership stats from Toronto Open Data 2025–2026 annual ZIPs; valet hours (Mon-Fri 7:00AM-10:00AM) from bikesharetoronto.com/valet-stations/"
7283,Front St W / Bay St (South Side),43.64595,-79.378761,19,medium,False,False,Mon-Fri 7:00AM-10:00AM,transit_hub,medium|transit_hub|downtown_core|near_subway|near_park|near_tourist|near_major_road|valet_station,"Medium transit hub station valet-served station, near subway, in the downtown core, near tourist or event venues, near a park or trail and on a major road.",Entrance from Brookfield Place (via PATH),26,True,The Park at CIBC Square,158,True,TD Gallery of Indigenous Art,211,True,Front Street West,17,True,False,True,False,54.96,41.73,13.23,very_high,medium,"Valet station: extra capacity available Mon-Fri 7:00AM-10:00AM; outside those hours, treated as a regular dock.",gbfs|osm|ridership|valet_page,"base metadata (name, lat/lon, capacity, charging) from GBFS station_information; spatial context (nearest subway, park, tourist, major road) from OpenStreetMap Overpass API; ridership stats from Toronto Open Data 2025–2026 annual ZIPs; valet hours (Mon-Fri 7:00AM-10:00AM) from bikesharetoronto.com/valet-stations/"
7284,University Ave / King St W - SMART,43.6477785,-79.3847928,24,medium,False,False,,transit_hub,medium|transit_hub|downtown_core|near_subway|near_park|near_tourist|near_major_road,"Medium transit hub station near subway, in the downtown core, near tourist or event venues, near a park or trail and on a major road.",Entrance from 150 King West (via PATH),5,True,The Pasture,212,True,TD Gallery of Indigenous Art,317,True,King Street West,13,True,False,True,False,22.33,25.54,-3.21,high,low,"Large capacity helps, but downtown commuter demand can change quickly; check alternatives early.",gbfs|osm|ridership,"base metadata (name, lat/lon, capacity, charging) from GBFS station_information; spatial context (nearest subway, park, tourist, major road) from OpenStreetMap Overpass API; ridership stats from Toronto Open Data 2025–2026 annual ZIPs"
7285,Spadina Ave / Harbord St - SMART,43.6629228,-79.4018451,36,large,False,False,,tourist_event,large|tourist_event|downtown_core|near_park|near_tourist|near_major_road,"Large tourist event station in the downtown core, near tourist or event venues, near a park or trail and on a major road.",Spadina Road East Entrance,517,False,,141,True,"Ukrainian Museum of Canada, Ontario Branch",121,True,Spadina Avenue,23,True,False,True,False,54.29,68.57,-14.27,very_high,low,Tourist or event-area station; demand may spike around weekends and events.,gbfs|osm|ridership,"base metadata (name, lat/lon, capacity, charging) from GBFS station_information; spatial context (nearest subway, park, tourist, major road) from OpenStreetMap Overpass API; ridership stats from Toronto Open Data 2025–2026 annual ZIPs"
7286,Gerrard St E / Broadview Ave  - SMART,43.665656,-79.352055,18,medium,False,False,,tourist_event,medium|tourist_event|near_park|near_tourist|near_major_road,"Medium tourist event station near tourist or event venues, near a park or trail and on a major road.",Broadview Avenue,1341,False,Hubbard Park,183,True,Toronto Chinese Archway,112,True,Gerrard Street East,38,True,False,False,False,22.57,22.88,-0.31,high,low,Tourist or event-area station; demand may spike around weekends and events.,gbfs|osm|ridership,"base metadata (name, lat/lon, capacity, charging) from GBFS station_information; spatial context (nearest subway, park, tourist, major road) from OpenStreetMap Overpass API; ridership stats from Toronto Open Data 2025–2026 annual ZIPs"
7287,Queen St E / Pape Ave - SMART,43.661673,-79.337789,16,medium,False,False,,tourist_event,medium|tourist_event|near_tourist|near_major_road,Medium tourist event station near tourist or event venues and on a major road.,Lipton Avenue,2091,False,Hideaway Park,349,False,Tchotchke House (Crazy Doll House),285,True,Queen Street East,11,True,False,False,False,11.35,10.94,0.42,high,low,Tourist or event-area station; demand may spike around weekends and events.,gbfs|osm|ridership,"base metadata (name, lat/lon, capacity, charging) from GBFS station_information; spatial context (nearest subway, park, tourist, major road) from OpenStreetMap Overpass API; ridership stats from Toronto Open Data 2025–2026 annual ZIPs"
7288,Humber Bay Shores Park West,43.6224434,-79.480284,31,large,False,False,,waterfront,large|waterfront,Large waterfront station on the waterfront.,Bloor St W,3034,False,Flora Voisey Park,385,False,Lakeshore Arts,1133,False,Lake Shore Boulevard West,99,False,True,False,False,21.92,19.94,1.98,high,low,Waterfront station; expect higher demand on warm-weather weekends.,gbfs|osm|ridership,"base metadata (name, lat/lon, capacity, charging) from GBFS station_information; spatial context (nearest subway, park, tourist, major road) from OpenStreetMap Overpass API; ridership stats from Toronto Open Data 2025–2026 annual ZIPs"
7289,Humber Bay Shores Park East,43.6308933,-79.4722622,23,medium,False,False,,waterfront,medium|waterfront|near_park,Medium waterfront station on the waterfront and near a park or trail.,Bloor St W,2279,False,Palace Pier Park,186,True,Colborne Lodge,1443,False,Lake Shore Boulevard West,231,False,True,False,False,21.92,21.25,0.66,high,low,Waterfront station; expect higher demand on warm-weather weekends.,gbfs|osm|ridership,"base metadata (name, lat/lon, capacity, charging) from GBFS station_information; spatial context (nearest subway, park, tourist, major road) from OpenStreetMap Overpass API; ridership stats from Toronto Open Data 2025–2026 annual ZIPs"
7291,190 Queens Quay E,43.64542671204133,-79.36520838800558,15,small,False,False,,waterfront,small|waterfront|downtown_core|near_park|near_major_road,"Small waterfront station in the downtown core, on the waterfront, near a park or trail and on a major road.",Queens Quay - Ferry Docks,1038,False,Sherbourne Common,55,True,Museum of Illusions,635,False,Queens Quay East,33,True,True,True,False,20.24,21.23,-0.99,high,low,Waterfront station; expect higher demand on warm-weather weekends.,gbfs|osm|ridership,"base metadata (name, lat/lon, capacity, charging) from GBFS station_information; spatial context (nearest subway, park, tourist, major road) from OpenStreetMap Overpass API; ridership stats from Toronto Open Data 2025–2026 annual ZIPs"
7292,Granby St / Church St - SMART,43.6614605,-79.37894570000002,24,medium,False,False,,tourist_event,medium|tourist_event|downtown_core|near_park|near_tourist|near_major_road,"Medium tourist event station in the downtown core, near tourist or event venues, near a park or trail and on a major road.",Yonge / Carlton Southeast Corner,303,False,,241,True,Allan Gardens Conservatory,312,True,Carlton Street,57,True,False,True,False,41.07,50.75,-9.68,very_high,low,Tourist or event-area station; demand may spike around weekends and events.,gbfs|osm|ridership,"base metadata (name, lat/lon, capacity, charging) from GBFS station_information; spatial context (nearest subway, park, tourist, major road) from OpenStreetMap Overpass API; ridership stats from Toronto Open Data 2025–2026 annual ZIPs"
7296,Westmoreland Ave / Fernbank Ave,43.665327,-79.43235,19,medium,False,False,,park_trail,medium|park_trail|near_park,Medium park trail station near a park or trail.,Delaware Avenue,506,False,Dovercourt Park,96,True,Adventure Alley Toronto,917,False,Dufferin Street,411,False,False,False,True,14.5,14.9,-0.41,high,low,"Small residential or park-adjacent station; if full, alternatives may be farther away.",gbfs|osm|ridership,"base metadata (name, lat/lon, capacity, charging) from GBFS station_information; spatial context (nearest subway, park, tourist, major road) from OpenStreetMap Overpass API; ridership stats from Toronto Open Data 2025–2026 annual ZIPs"
7297,Havelock St / Dufferin Park,43.657343,-79.43112,19,medium,False,False,,park_trail,medium|park_trail|near_park,Medium park trail station near a park or trail.,Dufferin Street - East,458,False,Dufferin Grove Park,167,True,XPACE Cultural Centre,1016,False,Dufferin Street,254,False,False,False,True,10.23,11.45,-1.23,medium,low,"Small residential or park-adjacent station; if full, alternatives may be farther away.",gbfs|osm|ridership,"base metadata (name, lat/lon, capacity, charging) from GBFS station_information; spatial context (nearest subway, park, tourist, major road) from OpenStreetMap Overpass API; ridership stats from Toronto Open Data 2025–2026 annual ZIPs"
7298,Bathurst St / Adelaide St W,43.645324,-79.40345,25,medium,False,False,,tourist_event,medium|tourist_event|downtown_core|near_park|near_tourist|near_major_road,"Medium tourist event station in the downtown core, near tourist or event venues, near a park or trail and on a major road.","University / Queen, Southwest Entrance",1450,False,Adelaide Place Parkette,136,True,the industREALarts room,280,True,Bathurst Street,23,True,False,True,False,47.78,50.69,-2.91,very_high,low,Tourist or event-area station; demand may spike around weekends and events.,gbfs|osm|ridership,"base metadata (name, lat/lon, capacity, charging) from GBFS station_information; spatial context (nearest subway, park, tourist, major road) from OpenStreetMap Overpass API; ridership stats from Toronto Open Data 2025–2026 annual ZIPs"
7299,Mill St / Parliament St,43.650256,-79.36163,15,small,False,False,,tourist_event,small|tourist_event|downtown_core|near_park|near_tourist|near_major_road,"Small tourist event station in the downtown core, near tourist or event venues, near a park or trail and on a major road.",Yonge / King Southeast corner,1270,False,Parliament Square Park,99,True,Distillery District,174,True,Parliament Street,41,True,False,True,False,46.25,48.66,-2.41,very_high,medium,Tourist or event-area station; demand may spike around weekends and events.,gbfs|osm|ridership,"base metadata (name, lat/lon, capacity, charging) from GBFS station_information; spatial context (nearest subway, park, tourist, major road) from OpenStreetMap Overpass API; ridership stats from Toronto Open Data 2025–2026 annual ZIPs"
7301,Primrose Ave / Davenport Rd,43.67142,-79.445947,15,small,False,False,,park_trail,small|park_trail|near_park,Small park trail station near a park or trail.,Wade Avenue,1387,False,Primrose Avenue Parkette,42,True,Adventure Alley Toronto,497,False,Dufferin Street,434,False,False,False,True,2.75,2.75,0.0,medium,low,"Small residential or park-adjacent station; if full, alternatives may be farther away.",gbfs|osm|ridership,"base metadata (name, lat/lon, capacity, charging) from GBFS station_information; spatial context (nearest subway, park, tourist, major road) from OpenStreetMap Overpass API; ridership stats from Toronto Open Data 2025–2026 annual ZIPs"
7302,Winona Dr / Davenport Rd,43.674923,-79.430465,11,small,False,False,,park_trail,small|park_trail|near_park,Small park trail station near a park or trail.,Ossington Avenue,1433,False,Mount Royal Parkette,253,True,Adventure Alley Toronto,1339,False,Dupont Street,518,False,False,False,True,8.46,8.26,0.2,medium,low,"Small residential or park-adjacent station; if full, alternatives may be farther away.",gbfs|osm|ridership,"base metadata (name, lat/lon, capacity, charging) from GBFS station_information; spatial context (nearest subway, park, tourist, major road) from OpenStreetMap Overpass API; ridership stats from Toronto Open Data 2025–2026 annual ZIPs"
7303,Queen St E / Woodward Ave,43.665269,-79.319796,19,medium,False,False,,park_trail,medium|park_trail|near_park|near_major_road,Medium park trail station near a park or trail and on a major road.,Linnsmore Crescent,2096,False,Jonathan Ashbridge Park,68,True,Tchotchke House (Crazy Doll House),1253,False,Queen Street East,40,True,False,False,True,9.73,9.55,0.18,medium,low,"Small residential or park-adjacent station; if full, alternatives may be farther away.",gbfs|osm|ridership,"base metadata (name, lat/lon, capacity, charging) from GBFS station_information; spatial context (nearest subway, park, tourist, major road) from OpenStreetMap Overpass API; ridership stats from Toronto Open Data 2025–2026 annual ZIPs"
7309,Queen St E / Rhodes Ave,43.666224,-79.317693,23,medium,False,False,,park_trail,medium|park_trail|near_park|near_major_road,Medium park trail station near a park or trail and on a major road.,Coxwell,2039,False,Jonathan Ashbridge Park,250,True,Tchotchke House (Crazy Doll House),1439,False,Queen Street East,50,True,False,False,True,7.24,7.01,0.23,medium,low,"Small residential or park-adjacent station; if full, alternatives may be farther away.",gbfs|osm|ridership,"base metadata (name, lat/lon, capacity, charging) from GBFS station_information; spatial context (nearest subway, park, tourist, major road) from OpenStreetMap Overpass API; ridership stats from Toronto Open Data 2025–2026 annual ZIPs"
7311,Sherbourne St / Isabella St,43.669576,-79.375961,19,medium,False,False,,transit_hub,medium|transit_hub|downtown_core|near_subway|near_park,"Medium transit hub station near subway, in the downtown core and near a park or trail.",Sherbourne Street,298,True,Wellesley - Magill Park,223,True,Allan Gardens Conservatory,880,False,Jarvis Street,289,False,False,True,False,36.94,40.25,-3.31,very_high,low,"Large capacity helps, but downtown commuter demand can change quickly; check alternatives early.",gbfs|osm|ridership,"base metadata (name, lat/lon, capacity, charging) from GBFS station_information; spatial context (nearest subway, park, tourist, major road) from OpenStreetMap Overpass API; ridership stats from Toronto Open Data 2025–2026 annual ZIPs"
7312,Amelia St / Sumach St,43.66852,-79.363525,11,small,False,False,,park_trail,small|park_trail|downtown_core|near_park,Small park trail station in the downtown core and near a park or trail.,Bloor Street,696,False,Wellesley Park,156,True,Old Don Jail,802,False,Bayview Avenue,326,False,False,True,False,10.32,10.86,-0.54,medium,low,"Small residential or park-adjacent station; if full, alternatives may be farther away.",gbfs|osm|ridership,"base metadata (name, lat/lon, capacity, charging) from GBFS station_information; spatial context (nearest subway, park, tourist, major road) from OpenStreetMap Overpass API; ridership stats from Toronto Open Data 2025–2026 annual ZIPs"
7313,Emdaabiimok Ave / Lake Shore Blvd E,43.662771,-79.315223,15,small,False,False,,waterfront,small|waterfront|near_park|near_major_road,"Small waterfront station on the waterfront, near a park or trail and on a major road.",Coxwell,2459,False,Main Sewage Treatment Playground,159,True,Tchotchke House (Crazy Doll House),1604,False,Emdaabiimok Avenue,17,True,True,False,False,7.38,7.34,0.04,medium,low,Waterfront station; expect higher demand on warm-weather weekends.,gbfs|osm|ridership,"base metadata (name, lat/lon, capacity, charging) from GBFS station_information; spatial context (nearest subway, park, tourist, major road) from OpenStreetMap Overpass API; ridership stats from Toronto Open Data 2025–2026 annual ZIPs"
7314,Queen St. E / Eastern Ave,43.667208,-79.312315,15,small,False,False,,park_trail,small|park_trail|near_park|near_major_road,Small park trail station near a park or trail and on a major road.,Coxwell,2072,False,Orchard Park,218,True,Tchotchke House (Crazy Doll House),1885,False,Kingston Road,22,True,False,False,True,6.28,6.19,0.09,medium,low,"Small residential or park-adjacent station; if full, alternatives may be farther away.",gbfs|osm|ridership,"base metadata (name, lat/lon, capacity, charging) from GBFS station_information; spatial context (nearest subway, park, tourist, major road) from OpenStreetMap Overpass API; ridership stats from Toronto Open Data 2025–2026 annual ZIPs"
7315,Queen St E / Hammersmith Ave,43.671349,-79.29451,11,small,False,False,,park_trail,small|park_trail|near_park,Small park trail station near a park or trail.,Main Street,2049,False,Ivan Forrest Gardens,194,True,Create Art Studio,2417,False,Kingston Road,887,False,False,False,True,2.86,2.27,0.59,medium,low,"Small residential or park-adjacent station; if full, alternatives may be farther away.",gbfs|osm|ridership,"base metadata (name, lat/lon, capacity, charging) from GBFS station_information; spatial context (nearest subway, park, tourist, major road) from OpenStreetMap Overpass API; ridership stats from Toronto Open Data 2025–2026 annual ZIPs"
7316,Queen St. E / Spruce Hill Rd.,43.672571,-79.289,15,small,False,False,,park_trail,small|park_trail|near_park,Small park trail station near a park or trail.,Main Street,2094,False,Ivan Forrest Gardens,295,True,Create Art Studio,2719,False,Kingston Road,864,False,False,False,True,4.44,3.48,0.96,medium,low,"Small residential or park-adjacent station; if full, alternatives may be farther away.",gbfs|osm|ridership,"base metadata (name, lat/lon, capacity, charging) from GBFS station_information; spatial context (nearest subway, park, tourist, major road) from OpenStreetMap Overpass API; ridership stats from Toronto Open Data 2025–2026 annual ZIPs"
7317,Hubbard Blvd / Balsam Av,43.669328,-79.288949,39,large,False,False,,park_trail,large|park_trail|near_park,Large park trail station near a park or trail.,Main Street,2418,False,Balmy Beach Park,188,True,Create Art Studio,2912,False,Kingston Road,1224,False,False,False,True,6.47,5.61,0.86,medium,low,"Small residential or park-adjacent station; if full, alternatives may be farther away.",gbfs|osm|ridership,"base metadata (name, lat/lon, capacity, charging) from GBFS station_information; spatial context (nearest subway, park, tourist, major road) from OpenStreetMap Overpass API; ridership stats from Toronto Open Data 2025–2026 annual ZIPs"
7318,Hubbard Blvd / Glen Manor Dr,43.668633,-79.291162,27,large,False,False,,suburban_node,large|suburban_node,Large suburban node station.,Main Street,2420,False,Balmy Beach Park,374,False,Create Art Studio,2815,False,Woodbine Avenue,1124,False,False,False,True,7.39,6.24,1.14,medium,low,Suburban or lower-demand area; alternatives may require a longer detour.,gbfs|osm|ridership,"base metadata (name, lat/lon, capacity, charging) from GBFS station_information; spatial context (nearest subway, park, tourist, major road) from OpenStreetMap Overpass API; ridership stats from Toronto Open Data 2025–2026 annual ZIPs"
7319,Lake Shore Blvd E / Knox Ave,43.660206,-79.3244,11,small,False,False,,waterfront,small|waterfront|near_park|near_major_road,"Small waterfront station on the waterfront, near a park or trail and on a major road.",Linnsmore Crescent,2529,False,Leslie Barns Park,203,True,Tchotchke House (Crazy Doll House),934,False,Lake Shore Boulevard East,25,True,True,False,False,3.69,3.15,0.54,medium,low,Waterfront station; expect higher demand on warm-weather weekends.,gbfs|osm|ridership,"base metadata (name, lat/lon, capacity, charging) from GBFS station_information; spatial context (nearest subway, park, tourist, major road) from OpenStreetMap Overpass API; ridership stats from Toronto Open Data 2025–2026 annual ZIPs"
7320,Front St W / University Ave (1),43.6451635,-79.3831757,19,medium,False,False,,transit_hub,medium|transit_hub|downtown_core|near_subway|near_park|near_tourist|near_major_road,"Medium transit hub station near subway, in the downtown core, near tourist or event venues, near a park or trail and on a major road.",Toronto Union Station,235,True,,47,True,TD Gallery of Indigenous Art,215,True,Front Street West,22,True,False,True,False,27.99,27.81,0.18,very_high,low,"Large capacity helps, but downtown commuter demand can change quickly; check alternatives early.",gbfs|osm|ridership,"base metadata (name, lat/lon, capacity, charging) from GBFS station_information; spatial context (nearest subway, park, tourist, major road) from OpenStreetMap Overpass API; ridership stats from Toronto Open Data 2025–2026 annual ZIPs"
7321,Front St W / University Ave (2),43.6452972,-79.3827914,19,medium,False,False,,transit_hub,medium|transit_hub|downtown_core|near_subway|near_park|near_tourist|near_major_road,"Medium transit hub station near subway, in the downtown core, near tourist or event venues, near a park or trail and on a major road.",Union,211,True,,78,True,TD Gallery of Indigenous Art,183,True,University Avenue,12,True,False,True,False,42.88,44.59,-1.7,very_high,medium,"Large capacity helps, but downtown commuter demand can change quickly; check alternatives early.",gbfs|osm|ridership,"base metadata (name, lat/lon, capacity, charging) from GBFS station_information; spatial context (nearest subway, park, tourist, major road) from OpenStreetMap Overpass API; ridership stats from Toronto Open Data 2025–2026 annual ZIPs"
7322,East Liberty St / Western Battery Rd,43.6392777,-79.4115736,19,medium,False,False,,tourist_event,medium|tourist_event|downtown_core|near_park|near_tourist,"Medium tourist event station in the downtown core, near tourist or event venues and near a park or trail.",University / King Southwest corner (on King),2321,False,Gateway Park,28,True,The Queen's York Rangers Museum,396,True,King Street West,305,False,False,True,False,43.58,46.8,-3.22,very_high,medium,Tourist or event-area station; demand may spike around weekends and events.,gbfs|osm|ridership,"base metadata (name, lat/lon, capacity, charging) from GBFS station_information; spatial context (nearest subway, park, tourist, major road) from OpenStreetMap Overpass API; ridership stats from Toronto Open Data 2025–2026 annual ZIPs"
7323,457 King St W,43.6452091,-79.3960744,19,medium,False,False,,park_trail,medium|park_trail|downtown_core|near_park|near_major_road,"Medium park trail station in the downtown core, near a park or trail and on a major road.",University / King Southwest corner (on King),922,False,,107,True,The Ground Floor: Jumblies Theatre,679,False,King Street West,13,True,False,True,False,15.32,16.67,-1.35,high,low,"Small residential or park-adjacent station; if full, alternatives may be farther away.",gbfs|osm|ridership,"base metadata (name, lat/lon, capacity, charging) from GBFS station_information; spatial context (nearest subway, park, tourist, major road) from OpenStreetMap Overpass API; ridership stats from Toronto Open Data 2025–2026 annual ZIPs"
7324,King St W / Charlotte St,43.645572,-79.39399,23,medium,False,False,,park_trail,medium|park_trail|downtown_core|near_park|near_major_road,"Medium park trail station in the downtown core, near a park or trail and on a major road.",University / King Southwest corner (on King),749,False,Clarence Square,163,True,CBC Museum,531,False,King Street West,39,True,False,True,False,68.52,73.97,-5.45,very_high,medium,"Small residential or park-adjacent station; if full, alternatives may be farther away.",gbfs|osm|ridership,"base metadata (name, lat/lon, capacity, charging) from GBFS station_information; spatial context (nearest subway, park, tourist, major road) from OpenStreetMap Overpass API; ridership stats from Toronto Open Data 2025–2026 annual ZIPs"
7326,Davenport Rd / Lansdowne Ave,43.671526,-79.44874,19,medium,False,False,,park_trail,medium|park_trail|near_park,Medium park trail station near a park or trail.,Wade Avenue,1450,False,Primrose Avenue Parkette,184,True,MUSE Arts Creative Labs,562,False,St. Clair Avenue West,541,False,False,False,True,6.15,6.13,0.03,medium,low,"Small residential or park-adjacent station; if full, alternatives may be farther away.",gbfs|osm|ridership,"base metadata (name, lat/lon, capacity, charging) from GBFS station_information; spatial context (nearest subway, park, tourist, major road) from OpenStreetMap Overpass API; ridership stats from Toronto Open Data 2025–2026 annual ZIPs"
7329,Crawford St / Queen St W,43.645665,-79.415345,19,medium,False,False,,tourist_event,medium|tourist_event|downtown_core|near_park|near_tourist,"Medium tourist event station in the downtown core, near tourist or event venues and near a park or trail.",Ossington Avenue,2053,False,Shaw Park,204,True,Koffler Gallery,219,True,Queen Street West,82,False,False,True,False,17.58,17.76,-0.18,high,low,Tourist or event-area station; demand may spike around weekends and events.,gbfs|osm|ridership,"base metadata (name, lat/lon, capacity, charging) from GBFS station_information; spatial context (nearest subway, park, tourist, major road) from OpenStreetMap Overpass API; ridership stats from Toronto Open Data 2025–2026 annual ZIPs"
7331,Coxwell Ave / Plains Rd,43.69595,-79.328535,19,medium,False,False,,residential,medium|residential|near_major_road,Medium residential station on a major road.,Strathmore Boulevard,1374,False,True Davidson Park,445,False,Create Art Studio,1523,False,Coxwell Avenue,17,True,False,False,True,2.56,2.7,-0.14,medium,low,"Small residential or park-adjacent station; if full, alternatives may be farther away.",gbfs|osm|ridership,"base metadata (name, lat/lon, capacity, charging) from GBFS station_information; spatial context (nearest subway, park, tourist, major road) from OpenStreetMap Overpass API; ridership stats from Toronto Open Data 2025–2026 annual ZIPs"
7332,200 Bloor St E,43.671561,-79.38117,23,medium,False,False,,park_trail,medium|park_trail|near_park|near_major_road,Medium park trail station near a park or trail and on a major road.,Bloor St East Entrance,328,False,Milner Parkette,214,True,TD Gallery,450,False,Bloor Street East,12,True,False,False,True,6.93,10.53,-3.6,medium,low,"Small residential or park-adjacent station; if full, alternatives may be farther away.",gbfs|osm|ridership,"base metadata (name, lat/lon, capacity, charging) from GBFS station_information; spatial context (nearest subway, park, tourist, major road) from OpenStreetMap Overpass API; ridership stats from Toronto Open Data 2025–2026 annual ZIPs"
7333,King St E / Victoria St,43.6495789,-79.3762096,19,medium,False,False,,transit_hub,medium|transit_hub|downtown_core|near_subway|near_park|near_tourist|near_major_road,"Medium transit hub station near subway, in the downtown core, near tourist or event venues, near a park or trail and on a major road.",Yonge / King Southeast corner,100,True,Courthouse Square,116,True,The Market Gallery,358,True,King Street East,22,True,False,True,False,44.62,47.42,-2.8,very_high,medium,"Large capacity helps, but downtown commuter demand can change quickly; check alternatives early.",gbfs|osm|ridership,"base metadata (name, lat/lon, capacity, charging) from GBFS station_information; spatial context (nearest subway, park, tourist, major road) from OpenStreetMap Overpass API; ridership stats from Toronto Open Data 2025–2026 annual ZIPs"
7334,Simcoe St / Wellington St W (North),43.646460210460226,-79.38557721964341,15,small,False,False,,transit_hub,small|transit_hub|downtown_core|near_subway|near_park|near_tourist,"Small transit hub station near subway, in the downtown core, near tourist or event venues and near a park or trail.",University / King Southwest corner (on King),126,True,Simcoe Park,218,True,CBC Museum,282,True,King Street West,111,False,False,True,False,14.98,15.59,-0.61,high,low,"Large capacity helps, but downtown commuter demand can change quickly; check alternatives early.",gbfs|osm|ridership,"base metadata (name, lat/lon, capacity, charging) from GBFS station_information; spatial context (nearest subway, park, tourist, major road) from OpenStreetMap Overpass API; ridership stats from Toronto Open Data 2025–2026 annual ZIPs"
7335,Bay St / Bloor St W (West Side),43.669244,-79.3894,19,medium,False,False,,transit_hub,medium|transit_hub|downtown_core|near_subway|near_park|near_tourist|near_major_road,"Medium transit hub station near subway, in the downtown core, near tourist or event venues, near a park or trail and on a major road.",80 Bloor Street West,80,True,Village of Yorkville Park,209,True,The Yorkville Rock,243,True,Bay Street,26,True,False,True,False,16.8,20.35,-3.55,high,low,"Large capacity helps, but downtown commuter demand can change quickly; check alternatives early.",gbfs|osm|ridership,"base metadata (name, lat/lon, capacity, charging) from GBFS station_information; spatial context (nearest subway, park, tourist, major road) from OpenStreetMap Overpass API; ridership stats from Toronto Open Data 2025–2026 annual ZIPs"
7336,Queen St E / Alton Av,43.663912,-79.327987,19,medium,False,False,,park_trail,medium|park_trail|near_park|near_major_road,Medium park trail station near a park or trail and on a major road.,Donlands Avenue,2054,False,,83,True,Tchotchke House (Crazy Doll House),579,False,Queen Street East,50,True,False,False,True,12.36,11.52,0.84,high,low,"Small residential or park-adjacent station; if full, alternatives may be farther away.",gbfs|osm|ridership,"base metadata (name, lat/lon, capacity, charging) from GBFS station_information; spatial context (nearest subway, park, tourist, major road) from OpenStreetMap Overpass API; ridership stats from Toronto Open Data 2025–2026 annual ZIPs"
7337,Gerrard Square Mall (1010 Gerrard St E),43.668553,-79.338673,23,medium,False,False,,park_trail,medium|park_trail|near_park|near_major_road,Medium park trail station near a park or trail and on a major road.,Lipton Avenue,1336,False,Matty Eckler Playground,61,True,Tchotchke House (Crazy Doll House),642,False,Gerrard Street East,44,True,False,False,True,23.22,23.22,-0.0,high,low,"Small residential or park-adjacent station; if full, alternatives may be farther away.",gbfs|osm|ridership,"base metadata (name, lat/lon, capacity, charging) from GBFS station_information; spatial context (nearest subway, park, tourist, major road) from OpenStreetMap Overpass API; ridership stats from Toronto Open Data 2025–2026 annual ZIPs"
7338,Logan Ave / Bain Ave,43.6720273,-79.3470557,19,medium,False,False,,park_trail,medium|park_trail|near_park,Medium park trail station near a park or trail.,Chester West,815,False,Erica Stark Parkette,123,True,The Danforth Art Studio,841,False,Riverdale Avenue,283,False,False,False,True,10.3,10.83,-0.54,medium,low,"Small residential or park-adjacent station; if full, alternatives may be farther away.",gbfs|osm|ridership,"base metadata (name, lat/lon, capacity, charging) from GBFS station_information; spatial context (nearest subway, park, tourist, major road) from OpenStreetMap Overpass API; ridership stats from Toronto Open Data 2025–2026 annual ZIPs"
7339,Carlaw Ave / Strathcona Ave,43.6753188,-79.3462789,15,small,False,False,,park_trail,small|park_trail|near_park,Small park trail station near a park or trail.,Pape Avenue,517,False,Withrow Park,125,True,The Danforth Art Studio,710,False,Pape Avenue,223,False,False,False,True,11.38,11.6,-0.22,high,low,"Small residential or park-adjacent station; if full, alternatives may be farther away.",gbfs|osm|ridership,"base metadata (name, lat/lon, capacity, charging) from GBFS station_information; spatial context (nearest subway, park, tourist, major road) from OpenStreetMap Overpass API; ridership stats from Toronto Open Data 2025–2026 annual ZIPs"
7340,Blake St / Boultbee Ave,43.672453,-79.338259,15,small,False,False,,residential,small|residential,Small residential station.,Donlands Avenue,951,False,Kempton Howard Park,411,False,Tchotchke House (Crazy Doll House),1040,False,Pape Avenue,308,False,False,False,True,7.36,7.41,-0.05,medium,low,"Small residential or park-adjacent station; if full, alternatives may be farther away.",gbfs|osm|ridership,"base metadata (name, lat/lon, capacity, charging) from GBFS station_information; spatial context (nearest subway, park, tourist, major road) from OpenStreetMap Overpass API; ridership stats from Toronto Open Data 2025–2026 annual ZIPs"
7341,Eastern Ave / Winnifred Ave,43.6592088,-79.3348396,14,small,False,False,,residential,small|residential,Small residential station.,Lipton Avenue,2420,False,Leslie Grove Park,454,False,Tchotchke House (Crazy Doll House),464,False,Lake Shore Boulevard East,270,False,False,False,True,3.52,2.99,0.53,medium,low,"Small residential or park-adjacent station; if full, alternatives may be farther away.",gbfs|osm|ridership,"base metadata (name, lat/lon, capacity, charging) from GBFS station_information; spatial context (nearest subway, park, tourist, major road) from OpenStreetMap Overpass API; ridership stats from Toronto Open Data 2025–2026 annual ZIPs"
7342,Morse St / Eastern Ave,43.657991,-79.340075,11,small,False,False,,park_trail,small|park_trail|near_park,Small park trail station near a park or trail.,Lipton Avenue,2460,False,Morse Street Playground,127,True,Tchotchke House (Crazy Doll House),718,False,Carlaw Avenue,100,False,False,False,True,5.62,5.47,0.15,medium,low,"Small residential or park-adjacent station; if full, alternatives may be farther away.",gbfs|osm|ridership,"base metadata (name, lat/lon, capacity, charging) from GBFS station_information; spatial context (nearest subway, park, tourist, major road) from OpenStreetMap Overpass API; ridership stats from Toronto Open Data 2025–2026 annual ZIPs"
7343,Alton Ave / Dundas St E (Greenwood Park),43.66745,-79.329408,42,very_large,False,False,,park_trail,very_large|park_trail|near_park,Very large park trail station near a park or trail.,Donlands Avenue,1648,False,Greenwood Park,172,True,Tchotchke House (Crazy Doll House),647,False,Gerrard Street East,336,False,False,False,True,9.26,7.81,1.45,medium,low,"Small residential or park-adjacent station; if full, alternatives may be farther away.",gbfs|osm|ridership,"base metadata (name, lat/lon, capacity, charging) from GBFS station_information; spatial context (nearest subway, park, tourist, major road) from OpenStreetMap Overpass API; ridership stats from Toronto Open Data 2025–2026 annual ZIPs"
7344,Cherry Beach,43.637764,-79.345359,49,very_large,False,False,,waterfront,very_large|waterfront,Very large waterfront station on the waterfront.,Queens Quay - Ferry Docks,2576,False,Cherry Beach Sports Fields,454,False,Distillery District,1801,False,Lake Shore Boulevard East,1355,False,True,False,False,31.48,29.75,1.73,very_high,low,Waterfront station; expect higher demand on warm-weather weekends.,gbfs|osm|ridership,"base metadata (name, lat/lon, capacity, charging) from GBFS station_information; spatial context (nearest subway, park, tourist, major road) from OpenStreetMap Overpass API; ridership stats from Toronto Open Data 2025–2026 annual ZIPs"
7345,Cherry Beach Sports Fields (55 Unwin Ave),43.6408346,-79.3429074,30,large,False,False,,waterfront,large|waterfront|near_park,Large waterfront station on the waterfront and near a park or trail.,Queens Quay - Ferry Docks,2740,False,Cherry Beach Sports Fields,121,True,Distillery District,1701,False,Lake Shore Boulevard East,1151,False,True,False,False,11.99,11.19,0.8,high,low,Waterfront station; expect higher demand on warm-weather weekends.,gbfs|osm|ridership,"base metadata (name, lat/lon, capacity, charging) from GBFS station_information; spatial context (nearest subway, park, tourist, major road) from OpenStreetMap Overpass API; ridership stats from Toronto Open Data 2025–2026 annual ZIPs"
7346,Logan Ave / Gerrard St E,43.6672144,-79.3452697,23,medium,False,False,,park_trail,medium|park_trail|near_park|near_major_road,Medium park trail station near a park or trail and on a major road.,Chester West,1355,False,Caroline Huebner Parkette,260,True,Toronto Chinese Archway,683,False,Gerrard Street East,15,True,False,False,True,20.82,21.47,-0.64,high,low,"Small residential or park-adjacent station; if full, alternatives may be farther away.",gbfs|osm|ridership,"base metadata (name, lat/lon, capacity, charging) from GBFS station_information; spatial context (nearest subway, park, tourist, major road) from OpenStreetMap Overpass API; ridership stats from Toronto Open Data 2025–2026 annual ZIPs"
7347,Regal Rd / Dufferin St,43.673939,-79.441159,15,small,False,False,,residential,small|residential|near_major_road,Small residential station on a major road.,,1588,False,Chandos Park North,340,False,Adventure Alley Toronto,755,False,Dufferin Street,21,True,False,False,True,2.64,2.59,0.05,medium,low,"Small residential or park-adjacent station; if full, alternatives may be farther away.",gbfs|osm|ridership,"base metadata (name, lat/lon, capacity, charging) from GBFS station_information; spatial context (nearest subway, park, tourist, major road) from OpenStreetMap Overpass API; ridership stats from Toronto Open Data 2025–2026 annual ZIPs"
7348,Pape Ave / Gamble Ave,43.690237,-79.350119,19,medium,False,False,,park_trail,medium|park_trail|near_park,Medium park trail station near a park or trail.,Pape Avenue,1220,False,Gamble Playground,267,True,Todmorden Mills,923,False,Pape Avenue,130,False,False,False,True,7.38,8.37,-0.99,medium,low,"Small residential or park-adjacent station; if full, alternatives may be farther away.",gbfs|osm|ridership,"base metadata (name, lat/lon, capacity, charging) from GBFS station_information; spatial context (nearest subway, park, tourist, major road) from OpenStreetMap Overpass API; ridership stats from Toronto Open Data 2025–2026 annual ZIPs"
7349,Gamble Ave / Broadview Ave,43.689211,-79.35438,23,medium,False,False,,park_trail,medium|park_trail|near_park|near_major_road,Medium park trail station near a park or trail and on a major road.,Chester East,1216,False,Livingstone Park,229,True,Todmorden Mills,579,False,Broadview Avenue,47,True,False,False,True,7.22,8.38,-1.16,medium,low,"Small residential or park-adjacent station; if full, alternatives may be farther away.",gbfs|osm|ridership,"base metadata (name, lat/lon, capacity, charging) from GBFS station_information; spatial context (nearest subway, park, tourist, major road) from OpenStreetMap Overpass API; ridership stats from Toronto Open Data 2025–2026 annual ZIPs"
7350,Broadview Ave / Westwood Ave,43.6848652,-79.356602,23,medium,False,False,,tourist_event,medium|tourist_event|near_park|near_tourist|near_major_road,"Medium tourist event station near tourist or event venues, near a park or trail and on a major road.",Chester East,805,False,Charles Sauriol Parkette,91,True,Todmorden Mills,276,True,Broadview Avenue,42,True,False,False,False,8.41,9.28,-0.87,medium,low,Tourist or event-area station; demand may spike around weekends and events.,gbfs|osm|ridership,"base metadata (name, lat/lon, capacity, charging) from GBFS station_information; spatial context (nearest subway, park, tourist, major road) from OpenStreetMap Overpass API; ridership stats from Toronto Open Data 2025–2026 annual ZIPs"
7351,Pretoria Ave / Broadview Ave,43.6783213,-79.35822,19,medium,False,False,,tourist_event,medium|tourist_event|near_subway|near_park|near_tourist|near_major_road,"Medium tourist event station near subway, near tourist or event venues, near a park or trail and on a major road.",Broadview Avenue,181,True,Broadview Subway Station Parkette,123,True,The Danforth Art Studio,309,True,Broadview Avenue,19,True,False,False,False,7.97,10.94,-2.96,medium,low,Tourist or event-area station; demand may spike around weekends and events.,gbfs|osm|ridership,"base metadata (name, lat/lon, capacity, charging) from GBFS station_information; spatial context (nearest subway, park, tourist, major road) from OpenStreetMap Overpass API; ridership stats from Toronto Open Data 2025–2026 annual ZIPs"
7352,Cosburn Ave / Donlands Ave,43.690537,-79.341307,19,medium,False,False,,park_trail,medium|park_trail|near_park,Medium park trail station near a park or trail.,Donlands,1095,False,East York Rotary Commons,50,True,Todmorden Mills,1578,False,O'Connor Drive,487,False,False,False,True,5.93,6.81,-0.88,medium,low,"Small residential or park-adjacent station; if full, alternatives may be farther away.",gbfs|osm|ridership,"base metadata (name, lat/lon, capacity, charging) from GBFS station_information; spatial context (nearest subway, park, tourist, major road) from OpenStreetMap Overpass API; ridership stats from Toronto Open Data 2025–2026 annual ZIPs"
7353,Fulton Ave / Pape Ave,43.68395,-79.347046,19,medium,False,False,,park_trail,medium|park_trail|near_park|near_major_road,Medium park trail station near a park or trail and on a major road.,Pape Avenue,478,False,Agnes Macphail Square,184,True,The Danforth Art Studio,976,False,Pape Avenue,24,True,False,False,True,4.48,5.59,-1.1,medium,low,"Small residential or park-adjacent station; if full, alternatives may be farther away.",gbfs|osm|ridership,"base metadata (name, lat/lon, capacity, charging) from GBFS station_information; spatial context (nearest subway, park, tourist, major road) from OpenStreetMap Overpass API; ridership stats from Toronto Open Data 2025–2026 annual ZIPs"
7354,Tommy Thompson Park (Leslie Street Spit),43.65222662225532,-79.32295440954084,31,large,False,False,,park_trail,large|park_trail|near_park,Large park trail station near a park or trail.,Donlands Avenue,3412,False,Leslie Lookout Park,217,True,Tchotchke House (Crazy Doll House),1581,False,Lake Shore Boulevard East,854,False,False,False,True,44.05,44.47,-0.42,very_high,low,"Small residential or park-adjacent station; if full, alternatives may be farther away.",gbfs|osm|ridership,"base metadata (name, lat/lon, capacity, charging) from GBFS station_information; spatial context (nearest subway, park, tourist, major road) from OpenStreetMap Overpass API; ridership stats from Toronto Open Data 2025–2026 annual ZIPs"
7356,King St E / Berkeley St,43.651885,-79.3649,31,large,False,False,,park_trail,large|park_trail|downtown_core|near_park|near_major_road,"Large park trail station in the downtown core, near a park or trail and on a major road.",Yonge / King Southeast corner,1044,False,Little Trinity Church Park,244,True,Museum of Illusions,432,False,King Street East,50,True,False,True,False,33.53,33.4,0.14,very_high,low,"Small residential or park-adjacent station; if full, alternatives may be farther away.",gbfs|osm|ridership,"base metadata (name, lat/lon, capacity, charging) from GBFS station_information; spatial context (nearest subway, park, tourist, major road) from OpenStreetMap Overpass API; ridership stats from Toronto Open Data 2025–2026 annual ZIPs"
7357,Lake Shore Blvd E / Leslie St,43.659195,-79.329196,19,medium,False,False,,waterfront,medium|waterfront|near_major_road,Medium waterfront station on the waterfront and on a major road.,Donlands Avenue,2519,False,Leslie Barns Park,316,False,Tchotchke House (Crazy Doll House),667,False,Lake Shore Boulevard East,41,True,True,False,False,14.86,14.64,0.22,high,low,Waterfront station; expect higher demand on warm-weather weekends.,gbfs|osm|ridership,"base metadata (name, lat/lon, capacity, charging) from GBFS station_information; spatial context (nearest subway, park, tourist, major road) from OpenStreetMap Overpass API; ridership stats from Toronto Open Data 2025–2026 annual ZIPs"
7358,Galbraith Rd / King's College Rd,43.6603874468082,-79.39537831814152,17,medium,False,False,,tourist_event,medium|tourist_event|downtown_core|near_park|near_tourist,"Medium tourist event station in the downtown core, near tourist or event venues and near a park or trail.",University / College Northwest Entrance,372,False,Front Campus,152,True,University of Toronto Art Centre,323,True,College Street,175,False,False,True,False,26.28,30.23,-3.95,high,low,Tourist or event-area station; demand may spike around weekends and events.,gbfs|osm|ridership,"base metadata (name, lat/lon, capacity, charging) from GBFS station_information; spatial context (nearest subway, park, tourist, major road) from OpenStreetMap Overpass API; ridership stats from Toronto Open Data 2025–2026 annual ZIPs"
7359,Rosedale Park (20 Scholfield Ave),43.682645,-79.377557,23,medium,False,False,,park_trail,medium|park_trail|near_park,Medium park trail station near a park or trail.,Summerhill,1047,False,Rosedale Park,111,True,Don Valley Brick Works,997,False,Mount Pleasant Road,436,False,False,False,True,4.06,3.99,0.08,medium,low,"Small residential or park-adjacent station; if full, alternatives may be farther away.",gbfs|osm|ridership,"base metadata (name, lat/lon, capacity, charging) from GBFS station_information; spatial context (nearest subway, park, tourist, major road) from OpenStreetMap Overpass API; ridership stats from Toronto Open Data 2025–2026 annual ZIPs"
7360,Concord Ave / Dewson St,43.656945,-79.424911,17,medium,False,False,,residential,medium|residential,Medium residential station.,Delaware Avenue,615,False,,493,False,Small World Music Centre,1244,False,College Street,323,False,False,False,True,19.22,19.84,-0.62,high,low,"Small residential or park-adjacent station; if full, alternatives may be farther away.",gbfs|osm|ridership,"base metadata (name, lat/lon, capacity, charging) from GBFS station_information; spatial context (nearest subway, park, tourist, major road) from OpenStreetMap Overpass API; ridership stats from Toronto Open Data 2025–2026 annual ZIPs"
7361,Hocken Ave / Vaughan Rd,43.6817346,-79.4184725,19,medium,False,False,,park_trail,medium|park_trail|near_park|near_major_road,Medium park trail station near a park or trail and on a major road.,"St. Clair Av West, South Entrance",334,False,Wells Hill Park,209,True,Casa Loma,835,False,Bathurst Street,57,True,False,False,True,4.16,5.62,-1.46,medium,low,"Small residential or park-adjacent station; if full, alternatives may be farther away.",gbfs|osm|ridership,"base metadata (name, lat/lon, capacity, charging) from GBFS station_information; spatial context (nearest subway, park, tourist, major road) from OpenStreetMap Overpass API; ridership stats from Toronto Open Data 2025–2026 annual ZIPs"
7362,St. Clair Ave W / Bathurst St,43.683296,-79.418734,19,medium,False,False,,park_trail,medium|park_trail|near_subway|near_park|near_major_road,"Medium park trail station near subway, near a park or trail and on a major road.","St. Clair Av West, North Entrance",282,True,Wells Hill Park,198,True,Casa Loma,948,False,St. Clair Avenue West,35,True,False,False,True,7.03,8.58,-1.55,medium,low,"Small residential or park-adjacent station; if full, alternatives may be farther away.",gbfs|osm|ridership,"base metadata (name, lat/lon, capacity, charging) from GBFS station_information; spatial context (nearest subway, park, tourist, major road) from OpenStreetMap Overpass API; ridership stats from Toronto Open Data 2025–2026 annual ZIPs"
7363,Wells Hill Ave / St. Clair Ave W,43.683351,-79.41562,15,small,False,False,,park_trail,small|park_trail|near_subway|near_park|near_major_road,"Small park trail station near subway, near a park or trail and on a major road.","St. Clair Av West, South Entrance",43,True,Wells Hill Park,83,True,Casa Loma,770,False,St. Clair Avenue West,32,True,False,False,True,4.03,4.7,-0.67,medium,low,"Small residential or park-adjacent station; if full, alternatives may be farther away.",gbfs|osm|ridership,"base metadata (name, lat/lon, capacity, charging) from GBFS station_information; spatial context (nearest subway, park, tourist, major road) from OpenStreetMap Overpass API; ridership stats from Toronto Open Data 2025–2026 annual ZIPs"
7364,Queen St E / Nursewood Rd,43.673831,-79.281455,35,large,False,False,,suburban_node,large|suburban_node,Large suburban node station.,Main Street,2343,False,Balmy Beach Park,649,False,Create Art Studio,3212,False,Kingston Road,802,False,False,False,True,4.41,4.11,0.3,medium,low,Suburban or lower-demand area; alternatives may require a longer detour.,gbfs|osm|ridership,"base metadata (name, lat/lon, capacity, charging) from GBFS station_information; spatial context (nearest subway, park, tourist, major road) from OpenStreetMap Overpass API; ridership stats from Toronto Open Data 2025–2026 annual ZIPs"
7365,Kewbeach Ave / Kenilworth Ave,43.666325,-79.3014,61,very_large,False,False,,waterfront,very_large|waterfront|near_park,Very large waterfront station on the waterfront and near a park or trail.,Woodbine,2409,False,Pantry Park,115,True,Create Art Studio,2431,False,Woodbine Avenue,270,False,True,False,False,10.55,8.5,2.05,medium,low,Waterfront station; expect higher demand on warm-weather weekends.,gbfs|osm|ridership,"base metadata (name, lat/lon, capacity, charging) from GBFS station_information; spatial context (nearest subway, park, tourist, major road) from OpenStreetMap Overpass API; ridership stats from Toronto Open Data 2025–2026 annual ZIPs"
7366,Fort York Blvd / Bathurst St - SMART,43.639052,-79.399792,20,medium,False,False,,tourist_event,medium|tourist_event|downtown_core|near_park|near_tourist|near_major_road,"Medium tourist event station in the downtown core, near tourist or event venues, near a park or trail and on a major road.",University / King Southwest corner (on King),1514,False,Canoe Landing Park,261,True,The Ground Floor: Jumblies Theatre,93,True,Bathurst Street,74,True,False,True,False,24.79,26.05,-1.25,high,low,Tourist or event-area station; demand may spike around weekends and events.,gbfs|osm|ridership,"base metadata (name, lat/lon, capacity, charging) from GBFS station_information; spatial context (nearest subway, park, tourist, major road) from OpenStreetMap Overpass API; ridership stats from Toronto Open Data 2025–2026 annual ZIPs"
7367,Alma Ave / Gladstone Ave SMART,43.6448617,-79.42822,16,medium,False,False,,park_trail,medium|park_trail|near_park,Medium park trail station near a park or trail.,Russett Avenue - E,1784,False,Pessoa Park,179,True,InterAccess,512,False,Dufferin Street,108,False,False,False,True,17.3,18.02,-0.72,high,low,"Small residential or park-adjacent station; if full, alternatives may be farther away.",gbfs|osm|ridership,"base metadata (name, lat/lon, capacity, charging) from GBFS station_information; spatial context (nearest subway, park, tourist, major road) from OpenStreetMap Overpass API; ridership stats from Toronto Open Data 2025–2026 annual ZIPs"
7368,Lisgar St / Dundas St W - SMART,43.6493472,-79.42668,8,tiny,False,False,,park_trail,tiny|park_trail|near_park|near_major_road,Tiny park trail station near a park or trail and on a major road.,Dufferin Street - East,1387,False,Harrison-Dovercourt Parkette,198,True,Small World Music Centre,778,False,Dundas Street West,18,True,False,False,True,24.11,24.97,-0.86,high,medium,"Small residential or park-adjacent station; if full, alternatives may be farther away.",gbfs|osm|ridership,"base metadata (name, lat/lon, capacity, charging) from GBFS station_information; spatial context (nearest subway, park, tourist, major road) from OpenStreetMap Overpass API; ridership stats from Toronto Open Data 2025–2026 annual ZIPs"
7371,Eglinton Ave W / Henning Ave SMART,43.7063473,-79.40161,20,medium,False,False,,park_trail,medium|park_trail|near_subway|near_park|near_major_road,"Medium park trail station near subway, near a park or trail and on a major road.",Eglinton,199,True,,203,True,The Al Green Gallery / Green Family Companies,1227,False,Eglinton Avenue West,32,True,False,False,True,1.93,2.62,-0.69,medium,low,"Small residential or park-adjacent station; if full, alternatives may be farther away.",gbfs|osm|ridership,"base metadata (name, lat/lon, capacity, charging) from GBFS station_information; spatial context (nearest subway, park, tourist, major road) from OpenStreetMap Overpass API; ridership stats from Toronto Open Data 2025–2026 annual ZIPs"
7373,George St / King St E,43.6509552,-79.3707,15,small,False,False,,tourist_event,small|tourist_event|downtown_core|near_park|near_tourist|near_major_road,"Small tourist event station in the downtown core, near tourist or event venues, near a park or trail and on a major road.",Yonge / King Southeast corner,569,False,Market Lane Park,194,True,Toronto's First Post Office,114,True,King Street East,24,True,False,True,False,11.9,13.07,-1.17,high,low,Tourist or event-area station; demand may spike around weekends and events.,gbfs|osm|ridership,"base metadata (name, lat/lon, capacity, charging) from GBFS station_information; spatial context (nearest subway, park, tourist, major road) from OpenStreetMap Overpass API; ridership stats from Toronto Open Data 2025–2026 annual ZIPs"
7374,Frederick St / The Esplanade,43.6487245,-79.36839,19,medium,False,False,,tourist_event,medium|tourist_event|downtown_core|near_park|near_tourist,"Medium tourist event station in the downtown core, near tourist or event venues and near a park or trail.",Yonge / King Southeast corner,723,False,David Crombie Park,55,True,Museum of Illusions,188,True,Front Street East,166,False,False,True,False,12.55,12.32,0.23,high,low,Tourist or event-area station; demand may spike around weekends and events.,gbfs|osm|ridership,"base metadata (name, lat/lon, capacity, charging) from GBFS station_information; spatial context (nearest subway, park, tourist, major road) from OpenStreetMap Overpass API; ridership stats from Toronto Open Data 2025–2026 annual ZIPs"
7375,Front St E / Scott St,43.6476616,-79.37549,11,small,False,False,,transit_hub,small|transit_hub|downtown_core|near_subway|near_park|near_tourist|near_major_road,"Small transit hub station near subway, in the downtown core, near tourist or event venues, near a park or trail and on a major road.",Yonge / Melinda,197,True,Berczy Park,44,True,The Market Gallery,338,True,Front Street East,31,True,False,True,False,23.17,23.59,-0.42,high,medium,"Large capacity helps, but downtown commuter demand can change quickly; check alternatives early.",gbfs|osm|ridership,"base metadata (name, lat/lon, capacity, charging) from GBFS station_information; spatial context (nearest subway, park, tourist, major road) from OpenStreetMap Overpass API; ridership stats from Toronto Open Data 2025–2026 annual ZIPs"
7376,Frobisher Ave / Lascelles Blvd,43.696708,-79.40045,19,medium,False,False,,park_trail,medium|park_trail|near_subway|near_park,Medium park trail station near subway and near a park or trail.,Davisville,288,True,Oriole Park,67,True,The Al Green Gallery / Green Family Companies,501,False,Oriole Parkway,184,False,False,False,True,5.59,6.46,-0.87,medium,low,"Small residential or park-adjacent station; if full, alternatives may be farther away.",gbfs|osm|ridership,"base metadata (name, lat/lon, capacity, charging) from GBFS station_information; spatial context (nearest subway, park, tourist, major road) from OpenStreetMap Overpass API; ridership stats from Toronto Open Data 2025–2026 annual ZIPs"
7377,Balliol St / Yonge St - SMART,43.6978701,-79.39419,36,large,False,False,,tourist_event,large|tourist_event|near_subway|near_park|near_tourist,"Large tourist event station near subway, near tourist or event venues and near a park or trail.",Davisville,214,True,Al Green Sculpture Park,41,True,The Al Green Gallery / Green Family Companies,130,True,Yonge Street,185,False,False,False,False,4.35,10.07,-5.72,medium,low,Tourist or event-area station; demand may spike around weekends and events.,gbfs|osm|ridership,"base metadata (name, lat/lon, capacity, charging) from GBFS station_information; spatial context (nearest subway, park, tourist, major road) from OpenStreetMap Overpass API; ridership stats from Toronto Open Data 2025–2026 annual ZIPs"
7378,Yonge St / Davisville Ave,43.6975969,-79.39654,15,small,False,False,,tourist_event,small|tourist_event|near_subway|near_park|near_tourist|near_major_road,"Small tourist event station near subway, near tourist or event venues, near a park or trail and on a major road.",Davisville,60,True,,129,True,The Al Green Gallery / Green Family Companies,212,True,Yonge Street,6,True,False,False,False,5.63,6.3,-0.66,medium,low,Tourist or event-area station; demand may spike around weekends and events.,gbfs|osm|ridership,"base metadata (name, lat/lon, capacity, charging) from GBFS station_information; spatial context (nearest subway, park, tourist, major road) from OpenStreetMap Overpass API; ridership stats from Toronto Open Data 2025–2026 annual ZIPs"
7379,Lawton Blvd / Yonge St,43.6910667,-79.39535,15,small,False,False,,tourist_event,small|tourist_event|near_subway|near_park|near_tourist|near_major_road,"Small tourist event station near subway, near tourist or event venues, near a park or trail and on a major road.",,290,True,Lawton Parkette,27,True,Tunnel of Glam,216,True,Yonge Street,28,True,False,False,False,6.73,9.7,-2.97,medium,low,Tourist or event-area station; demand may spike around weekends and events.,gbfs|osm|ridership,"base metadata (name, lat/lon, capacity, charging) from GBFS station_information; spatial context (nearest subway, park, tourist, major road) from OpenStreetMap Overpass API; ridership stats from Toronto Open Data 2025–2026 annual ZIPs"
7380,Erskine Ave / Yonge St SMART,43.7112153,-79.39894,16,medium,False,False,,park_trail,medium|park_trail|near_park|near_major_road,Medium park trail station near a park or trail and on a major road.,,465,False,St. Clements - Yonge Parkette,232,True,The Al Green Gallery / Green Family Companies,1658,False,Yonge Street,74,True,False,False,True,3.35,3.65,-0.3,medium,low,"Small residential or park-adjacent station; if full, alternatives may be farther away.",gbfs|osm|ridership,"base metadata (name, lat/lon, capacity, charging) from GBFS station_information; spatial context (nearest subway, park, tourist, major road) from OpenStreetMap Overpass API; ridership stats from Toronto Open Data 2025–2026 annual ZIPs"
7381,Yonge St / Orchard View Blvd,43.7083577,-79.39886200000001,35,large,False,False,,suburban_node,large|suburban_node|near_subway|near_major_road,Large suburban node station near subway and on a major road.,,147,True,,402,False,The Al Green Gallery / Green Family Companies,1349,False,Yonge Street,24,True,False,False,True,10.22,18.71,-8.49,medium,low,Suburban or lower-demand area; alternatives may require a longer detour.,gbfs|osm|ridership,"base metadata (name, lat/lon, capacity, charging) from GBFS station_information; spatial context (nearest subway, park, tourist, major road) from OpenStreetMap Overpass API; ridership stats from Toronto Open Data 2025–2026 annual ZIPs"
7382,Simcoe St / Adelaide St W,43.6481303,-79.38632,27,large,False,False,,transit_hub,large|transit_hub|downtown_core|near_subway|near_park|near_tourist|near_major_road,"Large transit hub station near subway, in the downtown core, near tourist or event venues, near a park or trail and on a major road.",University / King Northwest corner,100,True,,260,True,OCAD Graduate Gallery,246,True,Adelaide Street West,61,True,False,True,False,0.25,1.61,-1.36,low,low,"Large capacity helps, but downtown commuter demand can change quickly; check alternatives early.",gbfs|osm|ridership,"base metadata (name, lat/lon, capacity, charging) from GBFS station_information; spatial context (nearest subway, park, tourist, major road) from OpenStreetMap Overpass API; ridership stats from Toronto Open Data 2025–2026 annual ZIPs"
7383,12 Harbour St,43.6425636,-79.3762,15,small,False,False,,transit_hub,small|transit_hub|downtown_core|waterfront|near_subway|near_park|near_tourist|near_major_road,"Small transit hub station near subway, in the downtown core, on the waterfront, near tourist or event venues, near a park or trail and on a major road.",Queens Quay - Ferry Docks,128,True,The Park at CIBC Square,272,True,Van Gogh Exhibit,151,True,Harbour Street,11,True,True,True,False,27.25,28.72,-1.47,very_high,low,"Large capacity helps, but downtown commuter demand can change quickly; check alternatives early.",gbfs|osm|ridership,"base metadata (name, lat/lon, capacity, charging) from GBFS station_information; spatial context (nearest subway, park, tourist, major road) from OpenStreetMap Overpass API; ridership stats from Toronto Open Data 2025–2026 annual ZIPs"
7384,Cumberland St / Bay St -  SMART,43.6704537,-79.39014,9,tiny,False,False,,tourist_event,tiny|tourist_event|near_subway|near_park|near_tourist|near_major_road,"Tiny tourist event station near subway, near tourist or event venues, near a park or trail and on a major road.",Bay,29,True,Village of Yorkville Park,143,True,The Yorkville Rock,182,True,Bay Street,28,True,False,False,False,26.06,27.27,-1.21,high,medium,Tourist or event-area station; demand may spike around weekends and events.,gbfs|osm|ridership,"base metadata (name, lat/lon, capacity, charging) from GBFS station_information; spatial context (nearest subway, park, tourist, major road) from OpenStreetMap Overpass API; ridership stats from Toronto Open Data 2025–2026 annual ZIPs"
7385,20 Charles St E,43.6691099,-79.38551,33,large,True,False,,transit_hub,large|transit_hub|downtown_core|near_subway|near_park|near_tourist|near_major_road|charging_station,"Large transit hub station near subway, in the downtown core, near tourist or event venues, near a park or trail and on a major road.",Hayden Street Entrance,66,True,George Hislop Park,101,True,TD Gallery,296,True,Yonge Street,61,True,False,True,False,25.2,39.79,-14.59,high,low,"Large capacity helps, but downtown commuter demand can change quickly; check alternatives early.",gbfs|osm|ridership,"base metadata (name, lat/lon, capacity, charging) from GBFS station_information; spatial context (nearest subway, park, tourist, major road) from OpenStreetMap Overpass API; ridership stats from Toronto Open Data 2025–2026 annual ZIPs"
7386,D'Arcy St / McCaul St - SMART,43.655227,-79.39201,16,medium,False,False,,transit_hub,medium|transit_hub|downtown_core|near_subway|near_park|near_tourist,"Medium transit hub station near subway, in the downtown core, near tourist or event venues and near a park or trail.","University / Dundas, Northwest corner",261,True,,286,True,Toronto bicycle tour,246,True,Dundas Street West,111,False,False,True,False,23.99,25.51,-1.52,high,low,"Large capacity helps, but downtown commuter demand can change quickly; check alternatives early.",gbfs|osm|ridership,"base metadata (name, lat/lon, capacity, charging) from GBFS station_information; spatial context (nearest subway, park, tourist, major road) from OpenStreetMap Overpass API; ridership stats from Toronto Open Data 2025–2026 annual ZIPs"
7387,Mortimer Ave / Carlaw Ave SMART,43.685167,-79.34962,12,small,False,False,,park_trail,small|park_trail|near_park,Small park trail station near a park or trail.,Pape Avenue,691,False,Agnes Macphail Square,168,True,Todmorden Mills,821,False,Pape Avenue,188,False,False,False,True,5.03,5.78,-0.75,medium,low,"Small residential or park-adjacent station; if full, alternatives may be farther away.",gbfs|osm|ridership,"base metadata (name, lat/lon, capacity, charging) from GBFS station_information; spatial context (nearest subway, park, tourist, major road) from OpenStreetMap Overpass API; ridership stats from Toronto Open Data 2025–2026 annual ZIPs"
7388,Broadview Subway Station,43.6772,-79.35858,15,small,False,False,,tourist_event,small|tourist_event|near_subway|near_park|near_tourist|near_major_road,"Small tourist event station near subway, near tourist or event venues, near a park or trail and on a major road.",Broadview Avenue,53,True,Broadview Subway Station Parkette,16,True,The Danforth Art Studio,309,True,Broadview Avenue,15,True,False,False,False,20.2,22.66,-2.46,high,low,Tourist or event-area station; demand may spike around weekends and events.,gbfs|osm|ridership,"base metadata (name, lat/lon, capacity, charging) from GBFS station_information; spatial context (nearest subway, park, tourist, major road) from OpenStreetMap Overpass API; ridership stats from Toronto Open Data 2025–2026 annual ZIPs"
7389,College Park - Gerrard Entrance,43.658938,-79.383518,25,medium,False,False,,transit_hub,medium|transit_hub|downtown_core|near_subway|near_park|near_tourist,"Medium transit hub station near subway, in the downtown core, near tourist or event venues and near a park or trail.",College,200,True,College Park,75,True,Police Museum & Discovery Centre,277,True,Yonge Street,114,False,False,True,False,51.48,55.2,-3.72,very_high,medium,"Large capacity helps, but downtown commuter demand can change quickly; check alternatives early.",gbfs|osm|ridership,"base metadata (name, lat/lon, capacity, charging) from GBFS station_information; spatial context (nearest subway, park, tourist, major road) from OpenStreetMap Overpass API; ridership stats from Toronto Open Data 2025–2026 annual ZIPs"
7391,Yonge St / Dundas Sq,43.655766,-79.3802,31,large,False,False,,transit_hub,large|transit_hub|downtown_core|near_subway|near_park|near_tourist|near_major_road,"Large transit hub station near subway, in the downtown core, near tourist or event venues, near a park or trail and on a major road.",Sankofa Square Entrance,59,True,Trinity Square,215,True,Sankofa Square,30,True,Yonge Street,37,True,False,True,False,56.91,57.88,-0.97,very_high,low,"Large capacity helps, but downtown commuter demand can change quickly; check alternatives early.",gbfs|osm|ridership,"base metadata (name, lat/lon, capacity, charging) from GBFS station_information; spatial context (nearest subway, park, tourist, major road) from OpenStreetMap Overpass API; ridership stats from Toronto Open Data 2025–2026 annual ZIPs"
7395,Dentonia Park,43.694341,-79.291416,23,medium,False,False,,park_trail,medium|park_trail|near_subway|near_park,Medium park trail station near subway and near a park or trail.,Crescent Town Bridge,76,True,Dentonia Park,169,True,Bell Estate,1784,False,Victoria Park Avenue,140,False,False,False,True,2.55,2.74,-0.19,medium,low,"Small residential or park-adjacent station; if full, alternatives may be farther away.",gbfs|osm|ridership,"base metadata (name, lat/lon, capacity, charging) from GBFS station_information; spatial context (nearest subway, park, tourist, major road) from OpenStreetMap Overpass API; ridership stats from Toronto Open Data 2025–2026 annual ZIPs"
7398,York St / Lake Shore Blvd W,43.641952,-79.380723,19,medium,False,False,,transit_hub,medium|transit_hub|downtown_core|waterfront|near_subway|near_park|near_tourist|near_major_road,"Medium transit hub station near subway, in the downtown core, on the waterfront, near tourist or event venues, near a park or trail and on a major road.",Toronto Union Station,288,True,Love Park,154,True,Mariposa Cruises,316,True,York Street,29,True,True,True,False,43.95,46.54,-2.59,very_high,medium,"Large capacity helps, but downtown commuter demand can change quickly; check alternatives early.",gbfs|osm|ridership,"base metadata (name, lat/lon, capacity, charging) from GBFS station_information; spatial context (nearest subway, park, tourist, major road) from OpenStreetMap Overpass API; ridership stats from Toronto Open Data 2025–2026 annual ZIPs"
7399,Lower Jarvis St / Queens Quay E,43.64422,-79.36927,19,medium,False,False,,waterfront,medium|waterfront|downtown_core|near_park|near_major_road,"Medium waterfront station in the downtown core, on the waterfront, near a park or trail and on a major road.",Queens Quay - Ferry Docks,685,False,Sugar Beach North,33,True,Van Gogh Exhibit,444,False,Lower Jarvis Street,20,True,True,True,False,52.19,55.39,-3.2,very_high,medium,Waterfront station; expect higher demand on warm-weather weekends.,gbfs|osm|ridership,"base metadata (name, lat/lon, capacity, charging) from GBFS station_information; spatial context (nearest subway, park, tourist, major road) from OpenStreetMap Overpass API; ridership stats from Toronto Open Data 2025–2026 annual ZIPs"
7400,Polson Pier,43.641675,-79.354006,23,medium,False,False,,park_trail,medium|park_trail|near_park,Medium park trail station near a park or trail.,Queens Quay - Ferry Docks,1846,False,Jennifer Kateryna Koval's'kyj Park,122,True,Distillery District,1059,False,Lake Shore Boulevard East,724,False,False,False,True,27.14,20.01,7.13,very_high,low,"Small residential or park-adjacent station; if full, alternatives may be farther away.",gbfs|osm|ridership,"base metadata (name, lat/lon, capacity, charging) from GBFS station_information; spatial context (nearest subway, park, tourist, major road) from OpenStreetMap Overpass API; ridership stats from Toronto Open Data 2025–2026 annual ZIPs"
7403,Lascelles Blvd / Eglinton Ave W,43.70547,-79.40355,19,medium,False,False,,park_trail,medium|park_trail|near_park|near_major_road,Medium park trail station near a park or trail and on a major road.,,304,False,Eglinton Park,265,True,The Al Green Gallery / Green Family Companies,1231,False,Eglinton Avenue West,20,True,False,False,True,6.03,8.71,-2.69,medium,low,"Small residential or park-adjacent station; if full, alternatives may be farther away.",gbfs|osm|ridership,"base metadata (name, lat/lon, capacity, charging) from GBFS station_information; spatial context (nearest subway, park, tourist, major road) from OpenStreetMap Overpass API; ridership stats from Toronto Open Data 2025–2026 annual ZIPs"
7404,Roehampton Ave / Mount Pleasant Rd,43.70942,-79.39139,19,medium,False,False,,park_trail,medium|park_trail|near_subway|near_park|near_major_road,"Medium park trail station near subway, near a park or trail and on a major road.",,115,True,Broadway Avenue Parkette,234,True,The Al Green Gallery / Green Family Companies,1433,False,Mount Pleasant Road,67,True,False,False,True,4.52,4.93,-0.41,medium,low,"Small residential or park-adjacent station; if full, alternatives may be farther away.",gbfs|osm|ridership,"base metadata (name, lat/lon, capacity, charging) from GBFS station_information; spatial context (nearest subway, park, tourist, major road) from OpenStreetMap Overpass API; ridership stats from Toronto Open Data 2025–2026 annual ZIPs"
7407,University Ave / Queen St W,43.65052424212547,-79.38672702579497,23,medium,False,False,,transit_hub,medium|transit_hub|downtown_core|near_subway|near_park|near_tourist|near_major_road,"Medium transit hub station near subway, in the downtown core, near tourist or event venues, near a park or trail and on a major road.","University / Queen, Southwest Entrance",16,True,,24,True,Campbell House Museum,75,True,University Avenue,31,True,False,True,False,31.87,34.92,-3.05,very_high,low,"Large capacity helps, but downtown commuter demand can change quickly; check alternatives early.",gbfs|osm|ridership,"base metadata (name, lat/lon, capacity, charging) from GBFS station_information; spatial context (nearest subway, park, tourist, major road) from OpenStreetMap Overpass API; ridership stats from Toronto Open Data 2025–2026 annual ZIPs"
7409,Isabella St / Church St,43.66834,-79.38235,27,large,False,False,,transit_hub,large|transit_hub|downtown_core|near_subway|near_park,"Large transit hub station near subway, in the downtown core and near a park or trail.",Hayden Street Entrance,285,True,George Hislop Park,208,True,TD Gallery,508,False,Jarvis Street,243,False,False,True,False,26.9,47.37,-20.47,very_high,low,"Large capacity helps, but downtown commuter demand can change quickly; check alternatives early.",gbfs|osm|ridership,"base metadata (name, lat/lon, capacity, charging) from GBFS station_information; spatial context (nearest subway, park, tourist, major road) from OpenStreetMap Overpass API; ridership stats from Toronto Open Data 2025–2026 annual ZIPs"
7410,Howard St / Rose Ave,43.671278,-79.372127,19,medium,False,False,,park_trail,medium|park_trail|near_subway|near_park,Medium park trail station near subway and near a park or trail.,Glen Road,255,True,Dr. Gordon Chong park,78,True,Allan Gardens Conservatory,1092,False,Bloor Street East,84,False,False,False,True,7.58,10.56,-2.98,medium,low,"Small residential or park-adjacent station; if full, alternatives may be farther away.",gbfs|osm|ridership,"base metadata (name, lat/lon, capacity, charging) from GBFS station_information; spatial context (nearest subway, park, tourist, major road) from OpenStreetMap Overpass API; ridership stats from Toronto Open Data 2025–2026 annual ZIPs"
7411,Little Norway Park,43.635023,-79.399505,21,medium,False,False,,tourist_event,medium|tourist_event|downtown_core|waterfront|near_park|near_tourist,"Medium tourist event station in the downtown core, on the waterfront, near tourist or event venues and near a park or trail.",University / King Southwest corner (on King),1812,False,Arcadia Co-operative Backyard,75,True,Arcadia,23,True,Lake Shore Boulevard West,152,False,True,True,False,29.8,31.51,-1.71,very_high,low,Tourist or event-area station; demand may spike around weekends and events.,gbfs|osm|ridership,"base metadata (name, lat/lon, capacity, charging) from GBFS station_information; spatial context (nearest subway, park, tourist, major road) from OpenStreetMap Overpass API; ridership stats from Toronto Open Data 2025–2026 annual ZIPs"
7412,King St W / Crawford St,43.6417852,-79.4131148,23,medium,False,False,,park_trail,medium|park_trail|downtown_core|near_park|near_major_road,"Medium park trail station in the downtown core, near a park or trail and on a major road.","University / Queen, Southwest Entrance",2321,False,Massey Harris Park,44,True,Koffler Gallery,667,False,King Street West,36,True,False,True,False,17.3,18.46,-1.17,high,low,"Small residential or park-adjacent station; if full, alternatives may be farther away.",gbfs|osm|ridership,"base metadata (name, lat/lon, capacity, charging) from GBFS station_information; spatial context (nearest subway, park, tourist, major road) from OpenStreetMap Overpass API; ridership stats from Toronto Open Data 2025–2026 annual ZIPs"
7414,Keele St / Annette St,43.66402,-79.46418,15,small,False,False,,park_trail,small|park_trail|near_park|near_major_road,Small park trail station near a park or trail and on a major road.,Keele,1010,False,,15,True,Fly on the Wall Gallery,926,False,Keele Street,20,True,False,False,True,6.86,6.94,-0.08,medium,low,"Small residential or park-adjacent station; if full, alternatives may be farther away.",gbfs|osm|ridership,"base metadata (name, lat/lon, capacity, charging) from GBFS station_information; spatial context (nearest subway, park, tourist, major road) from OpenStreetMap Overpass API; ridership stats from Toronto Open Data 2025–2026 annual ZIPs"
7415,Keele St / Vine Ave,43.66686,-79.46526,23,medium,False,False,,suburban_node,medium|suburban_node|near_major_road,Medium suburban node station on a major road.,Keele,1336,False,,328,False,Fly on the Wall Gallery,1148,False,Keele Street,23,True,False,False,True,6.08,6.51,-0.43,medium,low,Suburban or lower-demand area; alternatives may require a longer detour.,gbfs|osm|ridership,"base metadata (name, lat/lon, capacity, charging) from GBFS station_information; spatial context (nearest subway, park, tourist, major road) from OpenStreetMap Overpass API; ridership stats from Toronto Open Data 2025–2026 annual ZIPs"
7416,Spadina Ave / Blue Jays Way,43.641705,-79.393295,31,large,False,False,,park_trail,large|park_trail|downtown_core|near_park|near_major_road,"Large park trail station in the downtown core, near a park or trail and on a major road.",University / King Southwest corner (on King),926,False,Northern Linear Park,96,True,CN Tower Edge Walk,505,False,Spadina Avenue,18,True,False,True,False,29.74,37.02,-7.28,very_high,low,"Small residential or park-adjacent station; if full, alternatives may be farther away.",gbfs|osm|ridership,"base metadata (name, lat/lon, capacity, charging) from GBFS station_information; spatial context (nearest subway, park, tourist, major road) from OpenStreetMap Overpass API; ridership stats from Toronto Open Data 2025–2026 annual ZIPs"
7417,King St W / Jordan St,43.648928,-79.378623,11,small,False,False,,transit_hub,small|transit_hub|downtown_core|near_subway|near_park|near_tourist|near_major_road,"Small transit hub station near subway, in the downtown core, near tourist or event venues, near a park or trail and on a major road.",Yonge / King Southwest corner,32,True,Arnell Plaza,201,True,Design Exchange,178,True,King Street West,15,True,False,True,False,14.62,16.28,-1.66,high,low,"Large capacity helps, but downtown commuter demand can change quickly; check alternatives early.",gbfs|osm|ridership,"base metadata (name, lat/lon, capacity, charging) from GBFS station_information; spatial context (nearest subway, park, tourist, major road) from OpenStreetMap Overpass API; ridership stats from Toronto Open Data 2025–2026 annual ZIPs"
7418,College Park - Yonge St Entrance,43.65988,-79.38279,25,medium,False,False,,transit_hub,medium|transit_hub|downtown_core|near_subway|near_park|near_tourist|near_major_road,"Medium transit hub station near subway, in the downtown core, near tourist or event venues, near a park or trail and on a major road.",College,87,True,Joseph Sheard Parkette,91,True,Police Museum & Discovery Centre,235,True,Yonge Street,36,True,False,True,False,64.52,68.96,-4.44,very_high,medium,"Large capacity helps, but downtown commuter demand can change quickly; check alternatives early.",gbfs|osm|ridership,"base metadata (name, lat/lon, capacity, charging) from GBFS station_information; spatial context (nearest subway, park, tourist, major road) from OpenStreetMap Overpass API; ridership stats from Toronto Open Data 2025–2026 annual ZIPs"
7419,Bloor St W / Huron St,43.667023,-79.401805,27,large,False,False,,transit_hub,large|transit_hub|downtown_core|near_subway|near_park|near_major_road,"Large transit hub station near subway, in the downtown core, near a park or trail and on a major road.",Spadina Road East Entrance,177,True,Huron & Washington Parkette,110,True,Michael Lee-Chin Crystal,558,False,Bloor Street West,10,True,False,True,False,24.88,34.12,-9.24,high,low,"Large capacity helps, but downtown commuter demand can change quickly; check alternatives early.",gbfs|osm|ridership,"base metadata (name, lat/lon, capacity, charging) from GBFS station_information; spatial context (nearest subway, park, tourist, major road) from OpenStreetMap Overpass API; ridership stats from Toronto Open Data 2025–2026 annual ZIPs"
7420,Barton Ave / Howland Ave - SMART,43.66842,-79.410585,25,medium,False,False,,transit_hub,medium|transit_hub|downtown_core|near_subway|near_park,"Medium transit hub station near subway, in the downtown core and near a park or trail.",Bathurst,282,True,St. Alban's Square,20,True,"Ukrainian Museum of Canada, Ontario Branch",995,False,Bathurst Street,148,False,False,True,False,13.98,19.52,-5.54,high,low,"Large capacity helps, but downtown commuter demand can change quickly; check alternatives early.",gbfs|osm|ridership,"base metadata (name, lat/lon, capacity, charging) from GBFS station_information; spatial context (nearest subway, park, tourist, major road) from OpenStreetMap Overpass API; ridership stats from Toronto Open Data 2025–2026 annual ZIPs"
7422,Tyndall Ave / King St W - SMART,43.638426,-79.429142,16,medium,False,False,,park_trail,medium|park_trail|near_park|near_major_road,Medium park trail station near a park or trail and on a major road.,Russett Avenue - E,2442,False,Dufferin-King Park,141,True,Museum of Television,561,False,King Street West,17,True,False,False,True,17.05,17.43,-0.38,high,low,"Small residential or park-adjacent station; if full, alternatives may be farther away.",gbfs|osm|ridership,"base metadata (name, lat/lon, capacity, charging) from GBFS station_information; spatial context (nearest subway, park, tourist, major road) from OpenStreetMap Overpass API; ridership stats from Toronto Open Data 2025–2026 annual ZIPs"
7425,The Queensway at South Kingsway,43.63632,-79.47307,23,medium,False,False,,suburban_node,medium|suburban_node|near_major_road,Medium suburban node station on a major road.,Bloor St W,1711,False,Riverside Drive Parkette,353,False,Colborne Lodge,1144,False,The Queensway,26,True,False,False,True,3.88,3.86,0.02,medium,low,Suburban or lower-demand area; alternatives may require a longer detour.,gbfs|osm|ridership,"base metadata (name, lat/lon, capacity, charging) from GBFS station_information; spatial context (nearest subway, park, tourist, major road) from OpenStreetMap Overpass API; ridership stats from Toronto Open Data 2025–2026 annual ZIPs"
7427,Northern Dancer Blvd / Lake Shore Blvd E,43.663162,-79.309765,26,large,False,False,,waterfront,large|waterfront|near_park|near_major_road,"Large waterfront station on the waterfront, near a park or trail and on a major road.",Coxwell,2567,False,Woodbine Beach Park,195,True,Tchotchke House (Crazy Doll House),2042,False,Lake Shore Boulevard East,23,True,True,False,False,26.31,21.92,4.39,very_high,low,Waterfront station; expect higher demand on warm-weather weekends.,gbfs|osm|ridership,"base metadata (name, lat/lon, capacity, charging) from GBFS station_information; spatial context (nearest subway, park, tourist, major road) from OpenStreetMap Overpass API; ridership stats from Toronto Open Data 2025–2026 annual ZIPs"
7428,Woodbine Ave / Lake Shore Blvd E,43.665645,-79.304711,43,very_large,False,False,,waterfront,very_large|waterfront|near_park|near_major_road,"Very large waterfront station on the waterfront, near a park or trail and on a major road.",Woodbine Avenue,2394,False,Pantry Park,285,True,Create Art Studio,2355,False,Lake Shore Boulevard East,17,True,True,False,False,9.27,8.21,1.06,medium,low,Waterfront station; expect higher demand on warm-weather weekends.,gbfs|osm|ridership,"base metadata (name, lat/lon, capacity, charging) from GBFS station_information; spatial context (nearest subway, park, tourist, major road) from OpenStreetMap Overpass API; ridership stats from Toronto Open Data 2025–2026 annual ZIPs"
7429,Woodbine Subway Station,43.686442,-79.313404,15,small,False,False,,park_trail,small|park_trail|near_subway|near_park|near_major_road,"Small park trail station near subway, near a park or trail and on a major road.",Woodbine / Strathmore Northwest Corner,16,True,East Lynn Park,295,True,Create Art Studio,492,False,Woodbine Avenue,25,True,False,False,True,5.3,6.74,-1.44,medium,low,"Small residential or park-adjacent station; if full, alternatives may be farther away.",gbfs|osm|ridership,"base metadata (name, lat/lon, capacity, charging) from GBFS station_information; spatial context (nearest subway, park, tourist, major road) from OpenStreetMap Overpass API; ridership stats from Toronto Open Data 2025–2026 annual ZIPs"
7430,Marilyn Bell Park Tennis Court,43.633537,-79.437461,27,large,False,False,,waterfront,large|waterfront|near_park|near_major_road,"Large waterfront station on the waterfront, near a park or trail and on a major road.",Lansdowne Avenue,2868,False,,240,True,Scadding Cabin,1129,False,Lake Shore Boulevard West,20,True,True,False,False,34.9,35.26,-0.35,very_high,low,Waterfront station; expect higher demand on warm-weather weekends.,gbfs|osm|ridership,"base metadata (name, lat/lon, capacity, charging) from GBFS station_information; spatial context (nearest subway, park, tourist, major road) from OpenStreetMap Overpass API; ridership stats from Toronto Open Data 2025–2026 annual ZIPs"
7431,Gerrard St E / Leslie St,43.669813,-79.3335,26,large,False,False,,suburban_node,large|suburban_node|near_major_road,Large suburban node station on a major road.,Donlands Avenue,1289,False,Greenwood Park,407,False,Tchotchke House (Crazy Doll House),728,False,Gerrard Street East,31,True,False,False,True,10.53,10.72,-0.19,medium,low,Suburban or lower-demand area; alternatives may require a longer detour.,gbfs|osm|ridership,"base metadata (name, lat/lon, capacity, charging) from GBFS station_information; spatial context (nearest subway, park, tourist, major road) from OpenStreetMap Overpass API; ridership stats from Toronto Open Data 2025–2026 annual ZIPs"
7432,Frederick St / King St E,43.651118,-79.369411,47,very_large,False,False,,tourist_event,very_large|tourist_event|downtown_core|near_park|near_tourist|near_major_road,"Very large tourist event station in the downtown core, near tourist or event venues, near a park or trail and on a major road.",Yonge / King Southeast corner,673,False,Time and Space Courtyard,270,True,Museum of Illusions,112,True,King Street East,13,True,False,True,False,78.95,79.74,-0.79,very_high,low,Tourist or event-area station; demand may spike around weekends and events.,gbfs|osm|ridership,"base metadata (name, lat/lon, capacity, charging) from GBFS station_information; spatial context (nearest subway, park, tourist, major road) from OpenStreetMap Overpass API; ridership stats from Toronto Open Data 2025–2026 annual ZIPs"
7433,Dundas St E / Boulton Ave - SMART,43.663148,-79.347938,16,medium,False,False,,park_trail,medium|park_trail|near_park,Medium park trail station near a park or trail.,Chester,1717,False,Dundas Parkette,30,True,Toronto Chinese Archway,488,False,Broadview Avenue,285,False,False,False,True,12.97,13.42,-0.45,high,low,"Small residential or park-adjacent station; if full, alternatives may be farther away.",gbfs|osm|ridership,"base metadata (name, lat/lon, capacity, charging) from GBFS station_information; spatial context (nearest subway, park, tourist, major road) from OpenStreetMap Overpass API; ridership stats from Toronto Open Data 2025–2026 annual ZIPs"
7434,91 Via Italia,43.67665014253828,-79.44503029755326,39,large,True,False,,suburban_node,large|suburban_node|charging_station,Large suburban node station.,Emerson Avenue (Lansdowne Station),1945,False,Santa Chiara Parkette,380,False,MUSE Arts Creative Labs,699,False,St. Clair Avenue West,87,False,False,False,True,8.8,16.05,-7.25,medium,low,Suburban or lower-demand area; alternatives may require a longer detour.,gbfs|osm|ridership,"base metadata (name, lat/lon, capacity, charging) from GBFS station_information; spatial context (nearest subway, park, tourist, major road) from OpenStreetMap Overpass API; ridership stats from Toronto Open Data 2025–2026 annual ZIPs"
7435,Rushton Rd / St. Clair Ave W,43.68114,-79.4277,10,tiny,False,False,,park_trail,tiny|park_trail|near_park|near_major_road,Tiny park trail station near a park or trail and on a major road.,"St. Clair Av West, South Entrance",1040,False,Graham Park,216,True,Casa Loma,1512,False,St. Clair Avenue West,24,True,False,False,True,4.93,4.82,0.12,medium,low,"Small residential or park-adjacent station; if full, alternatives may be farther away.",gbfs|osm|ridership,"base metadata (name, lat/lon, capacity, charging) from GBFS station_information; spatial context (nearest subway, park, tourist, major road) from OpenStreetMap Overpass API; ridership stats from Toronto Open Data 2025–2026 annual ZIPs"
7437,Concord Ave / Bloor St W,43.66189,-79.42679,15,small,False,False,,park_trail,small|park_trail|near_subway|near_park|near_major_road,"Small park trail station near subway, near a park or trail and on a major road.",Ossington,66,True,Northumberland Playground,107,True,Adventure Alley Toronto,1467,False,Bloor Street West,18,True,False,False,True,25.84,27.44,-1.61,high,low,"Small residential or park-adjacent station; if full, alternatives may be farther away.",gbfs|osm|ridership,"base metadata (name, lat/lon, capacity, charging) from GBFS station_information; spatial context (nearest subway, park, tourist, major road) from OpenStreetMap Overpass API; ridership stats from Toronto Open Data 2025–2026 annual ZIPs"
7438,Gothic Ave / Quebec Ave,43.65389,-79.4675,19,medium,False,False,,park_trail,medium|park_trail|near_subway|near_park,Medium park trail station near subway and near a park or trail.,Quebec Avenue,44,True,Bennett Park,16,True,High Park Labyrinth,780,False,Bloor Street West,135,False,False,False,True,6.58,7.09,-0.52,medium,low,"Small residential or park-adjacent station; if full, alternatives may be farther away.",gbfs|osm|ridership,"base metadata (name, lat/lon, capacity, charging) from GBFS station_information; spatial context (nearest subway, park, tourist, major road) from OpenStreetMap Overpass API; ridership stats from Toronto Open Data 2025–2026 annual ZIPs"
7441,Pacific Ave / Glenlake Ave,43.65716,-79.46478,22,medium,False,False,,park_trail,medium|park_trail|near_park,Medium park trail station near a park or trail.,High Park Avenue,390,False,Lithuania Park,220,True,Ukrainian Canadian Shevchenko,785,False,Keele Street,291,False,False,False,True,11.55,12.37,-0.82,high,low,"Small residential or park-adjacent station; if full, alternatives may be farther away.",gbfs|osm|ridership,"base metadata (name, lat/lon, capacity, charging) from GBFS station_information; spatial context (nearest subway, park, tourist, major road) from OpenStreetMap Overpass API; ridership stats from Toronto Open Data 2025–2026 annual ZIPs"
7442,Lonsdale Rd / Spadina Rd,43.688526,-79.412903,14,small,False,False,,park_trail,small|park_trail|near_park,Small park trail station near a park or trail.,Heath St Entrance,362,False,Montclair Avenue Parkette,85,True,Spadina Museum,1134,False,St. Clair Avenue West,448,False,False,False,True,4.1,4.09,0.01,medium,low,"Small residential or park-adjacent station; if full, alternatives may be farther away.",gbfs|osm|ridership,"base metadata (name, lat/lon, capacity, charging) from GBFS station_information; spatial context (nearest subway, park, tourist, major road) from OpenStreetMap Overpass API; ridership stats from Toronto Open Data 2025–2026 annual ZIPs"
7444,Clendenan Ave / Rowland St - SMART,43.66073,-79.47149,20,medium,False,False,,park_trail,medium|park_trail|near_park,Medium park trail station near a park or trail.,Parkview Gardens North,833,False,Ravina Gardens Park,144,True,Ukrainian Canadian Shevchenko,1418,False,Dundas Street West,531,False,False,False,True,1.69,1.71,-0.02,medium,low,"Small residential or park-adjacent station; if full, alternatives may be farther away.",gbfs|osm|ridership,"base metadata (name, lat/lon, capacity, charging) from GBFS station_information; spatial context (nearest subway, park, tourist, major road) from OpenStreetMap Overpass API; ridership stats from Toronto Open Data 2025–2026 annual ZIPs"
7445,Eastwood Rd / Coxwell Ave,43.673118,-79.318651,19,medium,False,False,,park_trail,medium|park_trail|near_park|near_major_road,Medium park trail station near a park or trail and on a major road.,Coxwell,1277,False,Moncur Playground,246,True,Create Art Studio,1237,False,Gerrard Street East,56,True,False,False,True,13.11,13.31,-0.21,high,low,"Small residential or park-adjacent station; if full, alternatives may be farther away.",gbfs|osm|ridership,"base metadata (name, lat/lon, capacity, charging) from GBFS station_information; spatial context (nearest subway, park, tourist, major road) from OpenStreetMap Overpass API; ridership stats from Toronto Open Data 2025–2026 annual ZIPs"
7446,Orchard Park,43.66908,-79.3149,25,medium,False,False,,park_trail,medium|park_trail|near_park,Medium park trail station near a park or trail.,Coxwell,1799,False,Orchard Park,76,True,Create Art Studio,1714,False,Coxwell Avenue,217,False,False,False,True,4.51,4.37,0.14,medium,low,"Small residential or park-adjacent station; if full, alternatives may be farther away.",gbfs|osm|ridership,"base metadata (name, lat/lon, capacity, charging) from GBFS station_information; spatial context (nearest subway, park, tourist, major road) from OpenStreetMap Overpass API; ridership stats from Toronto Open Data 2025–2026 annual ZIPs"
7447,Trent Ave / Danforth Ave,43.689293,-79.295895,23,medium,False,False,,park_trail,medium|park_trail|near_park|near_major_road,Medium park trail station near a park or trail and on a major road.,Main Street,460,False,Maryland Park,291,True,Create Art Studio,1919,False,Danforth Avenue,43,True,False,False,True,2.43,2.7,-0.27,medium,low,"Small residential or park-adjacent station; if full, alternatives may be farther away.",gbfs|osm|ridership,"base metadata (name, lat/lon, capacity, charging) from GBFS station_information; spatial context (nearest subway, park, tourist, major road) from OpenStreetMap Overpass API; ridership stats from Toronto Open Data 2025–2026 annual ZIPs"
7448,Goodwood Park Crt / Dentonia Park,43.694826,-79.295208,19,medium,False,False,,park_trail,medium|park_trail|near_park,Medium park trail station near a park or trail.,Crescent Town Bridge,378,False,Dentonia Park,205,True,Bell Estate,1974,False,Victoria Park Avenue,421,False,False,False,True,1.18,1.23,-0.05,medium,low,"Small residential or park-adjacent station; if full, alternatives may be farther away.",gbfs|osm|ridership,"base metadata (name, lat/lon, capacity, charging) from GBFS station_information; spatial context (nearest subway, park, tourist, major road) from OpenStreetMap Overpass API; ridership stats from Toronto Open Data 2025–2026 annual ZIPs"
7449,Cosburn Ave / Cedarvale Ave,43.697139,-79.31469,15,small,False,False,,park_trail,small|park_trail|near_park,Small park trail station near a park or trail.,Woodbine / Strathmore Northwest Corner,1179,False,Stan Wadlow Park,158,True,Create Art Studio,1470,False,Woodbine Avenue,233,False,False,False,True,3.22,3.13,0.09,medium,low,"Small residential or park-adjacent station; if full, alternatives may be farther away.",gbfs|osm|ridership,"base metadata (name, lat/lon, capacity, charging) from GBFS station_information; spatial context (nearest subway, park, tourist, major road) from OpenStreetMap Overpass API; ridership stats from Toronto Open Data 2025–2026 annual ZIPs"
7450,Carlaw Ave / Danforth Ave,43.678248142816344,-79.34709655456162,15,small,False,False,,park_trail,small|park_trail|near_subway|near_park|near_major_road,"Small park trail station near subway, near a park or trail and on a major road.",Pape Avenue,243,True,Carlaw Avenue Parkette,118,True,The Danforth Art Studio,626,False,Danforth Avenue,30,True,False,False,True,9.41,10.07,-0.67,medium,low,"Small residential or park-adjacent station; if full, alternatives may be farther away.",gbfs|osm|ridership,"base metadata (name, lat/lon, capacity, charging) from GBFS station_information; spatial context (nearest subway, park, tourist, major road) from OpenStreetMap Overpass API; ridership stats from Toronto Open Data 2025–2026 annual ZIPs"
7451,Western Battery Rd / Pirandello St,43.640075,-79.414156,30,large,False,False,,park_trail,large|park_trail|downtown_core|near_park,Large park trail station in the downtown core and near a park or trail.,"University / Queen, Southwest Entrance",2482,False,Bill Johnston Park,36,True,The Queen's York Rangers Museum,612,False,King Street West,166,False,False,True,False,17.81,20.16,-2.34,high,low,"Small residential or park-adjacent station; if full, alternatives may be farther away.",gbfs|osm|ridership,"base metadata (name, lat/lon, capacity, charging) from GBFS station_information; spatial context (nearest subway, park, tourist, major road) from OpenStreetMap Overpass API; ridership stats from Toronto Open Data 2025–2026 annual ZIPs"
7452,Bleecker St / St James Ave,43.669232,-79.374495,23,medium,False,False,,park_trail,medium|park_trail|downtown_core|near_park,Medium park trail station in the downtown core and near a park or trail.,Glen Road,333,False,Wellesley - Magill Park,209,True,Allan Gardens Conservatory,840,False,Bloor Street East,335,False,False,True,False,19.21,30.24,-11.03,high,low,"Small residential or park-adjacent station; if full, alternatives may be farther away.",gbfs|osm|ridership,"base metadata (name, lat/lon, capacity, charging) from GBFS station_information; spatial context (nearest subway, park, tourist, major road) from OpenStreetMap Overpass API; ridership stats from Toronto Open Data 2025–2026 annual ZIPs"
7453,Jarvis St / Maitland Pl,43.6647688,-79.3772602,17,medium,False,False,,tourist_event,medium|tourist_event|downtown_core|near_park|near_tourist|near_major_road,"Medium tourist event station in the downtown core, near tourist or event venues, near a park or trail and on a major road.",Wellesley Street East,520,False,Montague Parkette,193,True,Allan Gardens Conservatory,385,True,Jarvis Street,64,True,False,True,False,22.78,23.91,-1.14,high,low,Tourist or event-area station; demand may spike around weekends and events.,gbfs|osm|ridership,"base metadata (name, lat/lon, capacity, charging) from GBFS station_information; spatial context (nearest subway, park, tourist, major road) from OpenStreetMap Overpass API; ridership stats from Toronto Open Data 2025–2026 annual ZIPs"
7454,Pottery Rd / Lower Don River Trail,43.688148,-79.362101,15,small,False,False,,tourist_event,small|tourist_event|near_tourist,Small tourist event station near tourist or event venues.,Broadview Avenue,1299,False,Todmorden Mills Park,321,False,Todmorden Mills,323,True,Bayview Avenue,114,False,False,False,False,6.16,5.98,0.18,medium,low,Tourist or event-area station; demand may spike around weekends and events.,gbfs|osm|ridership,"base metadata (name, lat/lon, capacity, charging) from GBFS station_information; spatial context (nearest subway, park, tourist, major road) from OpenStreetMap Overpass API; ridership stats from Toronto Open Data 2025–2026 annual ZIPs"
7455,E.T. Seton Park (Eglinton Ave E / Leslie St),43.715951,-79.351246,27,large,False,False,,suburban_node,large|suburban_node|near_major_road,Large suburban node station on a major road.,Laird,1066,False,Leonard Linton Park,357,False,Water Feature,2083,False,Eglinton Avenue East,60,True,False,False,True,2.96,3.07,-0.11,medium,low,Suburban or lower-demand area; alternatives may require a longer detour.,gbfs|osm|ridership,"base metadata (name, lat/lon, capacity, charging) from GBFS station_information; spatial context (nearest subway, park, tourist, major road) from OpenStreetMap Overpass API; ridership stats from Toronto Open Data 2025–2026 annual ZIPs"
7457,Queen's Park Cres W / Hoskin Ave,43.665221,-79.394009,23,medium,False,False,,transit_hub,medium|transit_hub|downtown_core|near_subway|near_park|near_tourist|near_major_road,"Medium transit hub station near subway, in the downtown core, near tourist or event venues, near a park or trail and on a major road.",,107,True,,64,True,University of Toronto Art Centre,251,True,Queen's Park Crescent West,11,True,False,True,False,28.33,31.24,-2.91,very_high,low,"Large capacity helps, but downtown commuter demand can change quickly; check alternatives early.",gbfs|osm|ridership,"base metadata (name, lat/lon, capacity, charging) from GBFS station_information; spatial context (nearest subway, park, tourist, major road) from OpenStreetMap Overpass API; ridership stats from Toronto Open Data 2025–2026 annual ZIPs"
7458,Church St / Lombard St,43.651678,-79.375233,17,medium,False,False,,tourist_event,medium|tourist_event|downtown_core|near_park|near_tourist|near_major_road,"Medium tourist event station in the downtown core, near tourist or event venues, near a park or trail and on a major road.",Entrance by 2 Queen Street East,306,False,,56,True,Canada's Theatre Museum,359,True,Adelaide Street East,61,True,False,True,False,41.95,44.0,-2.05,very_high,medium,Tourist or event-area station; demand may spike around weekends and events.,gbfs|osm|ridership,"base metadata (name, lat/lon, capacity, charging) from GBFS station_information; spatial context (nearest subway, park, tourist, major road) from OpenStreetMap Overpass API; ridership stats from Toronto Open Data 2025–2026 annual ZIPs"
7459,St. Clair Ave W / Winona Dr,43.680466,-79.432522,11,small,False,False,,park_trail,small|park_trail|near_park|near_major_road,Small park trail station near a park or trail and on a major road.,"St. Clair Av West, North Entrance",1434,False,Graham Park,212,True,Little House,1314,False,St. Clair Avenue West,14,True,False,False,True,4.23,4.39,-0.16,medium,low,"Small residential or park-adjacent station; if full, alternatives may be farther away.",gbfs|osm|ridership,"base metadata (name, lat/lon, capacity, charging) from GBFS station_information; spatial context (nearest subway, park, tourist, major road) from OpenStreetMap Overpass API; ridership stats from Toronto Open Data 2025–2026 annual ZIPs"
7460,High Park Outdoor Pool,43.650154,-79.464934,27,large,False,False,,tourist_event,large|tourist_event|near_tourist,Large tourist event station near tourist or event venues.,High Park,441,False,Bennett Park,449,False,High Park Labyrinth,371,True,Bloor Street West,371,False,False,False,False,4.32,5.4,-1.08,medium,low,Tourist or event-area station; demand may spike around weekends and events.,gbfs|osm|ridership,"base metadata (name, lat/lon, capacity, charging) from GBFS station_information; spatial context (nearest subway, park, tourist, major road) from OpenStreetMap Overpass API; ridership stats from Toronto Open Data 2025–2026 annual ZIPs"
7461,High Park Amphitheatre,43.646251,-79.46472,23,medium,False,False,,tourist_event,medium|tourist_event|near_park|near_tourist,Medium tourist event station near tourist or event venues and near a park or trail.,Parkview Gardens South,855,False,High Park,160,True,High Park Labyrinth,140,True,Parkside Drive,614,False,False,False,False,8.43,9.0,-0.56,medium,low,Tourist or event-area station; demand may spike around weekends and events.,gbfs|osm|ridership,"base metadata (name, lat/lon, capacity, charging) from GBFS station_information; spatial context (nearest subway, park, tourist, major road) from OpenStreetMap Overpass API; ridership stats from Toronto Open Data 2025–2026 annual ZIPs"
7462,Richmond St E / Yonge St,43.651838,-79.378743,17,medium,False,False,,transit_hub,medium|transit_hub|downtown_core|near_subway|near_park|near_tourist|near_major_road,"Medium transit hub station near subway, in the downtown core, near tourist or event venues, near a park or trail and on a major road.",Entrance from One Queen Street East (via PATH),69,True,,119,True,Canada's Theatre Museum,138,True,Yonge Street,21,True,False,True,False,68.87,73.45,-4.58,very_high,medium,"Large capacity helps, but downtown commuter demand can change quickly; check alternatives early.",gbfs|osm|ridership,"base metadata (name, lat/lon, capacity, charging) from GBFS station_information; spatial context (nearest subway, park, tourist, major road) from OpenStreetMap Overpass API; ridership stats from Toronto Open Data 2025–2026 annual ZIPs"
7465,Russell Hill Rd / St. Clair Ave W,43.685569,-79.408019,19,medium,False,False,,residential,medium|residential|near_major_road,Medium residential station on a major road.,St. Clair West,589,False,Sir Winston Churchill Park,320,False,Spadina Museum,738,False,St. Clair Avenue West,19,True,False,False,True,3.21,4.5,-1.3,medium,low,"Small residential or park-adjacent station; if full, alternatives may be farther away.",gbfs|osm|ridership,"base metadata (name, lat/lon, capacity, charging) from GBFS station_information; spatial context (nearest subway, park, tourist, major road) from OpenStreetMap Overpass API; ridership stats from Toronto Open Data 2025–2026 annual ZIPs"
7466,Glendonwynne Rd / Bloor St W,43.65182,-79.47421,19,medium,False,False,,park_trail,medium|park_trail|near_subway|near_park|near_major_road,"Medium park trail station near subway, near a park or trail and on a major road.",Kennedy Avenue,105,True,Kennedy-Margdon Parkette,92,True,High Park Labyrinth,844,False,Bloor Street West,25,True,False,False,True,12.68,13.35,-0.66,high,low,"Small residential or park-adjacent station; if full, alternatives may be farther away.",gbfs|osm|ridership,"base metadata (name, lat/lon, capacity, charging) from GBFS station_information; spatial context (nearest subway, park, tourist, major road) from OpenStreetMap Overpass API; ridership stats from Toronto Open Data 2025–2026 annual ZIPs"
7467,Lower Simcoe St / Bremner Blvd,43.64283,-79.38409,15,small,False,False,,tourist_event,small|tourist_event|downtown_core|near_park|near_tourist,"Small tourist event station in the downtown core, near tourist or event venues and near a park or trail.",Toronto Union Station,354,False,,47,True,Roundhouse Park Miniature Railway,170,True,York Street,205,False,False,True,False,50.18,53.44,-3.27,very_high,medium,Tourist or event-area station; demand may spike around weekends and events.,gbfs|osm|ridership,"base metadata (name, lat/lon, capacity, charging) from GBFS station_information; spatial context (nearest subway, park, tourist, major road) from OpenStreetMap Overpass API; ridership stats from Toronto Open Data 2025–2026 annual ZIPs"
7468,Front St W / Simcoe St,43.644480035433915,-79.38698781349183,27,large,False,False,,tourist_event,large|tourist_event|downtown_core|near_park|near_tourist,"Large tourist event station in the downtown core, near tourist or event venues and near a park or trail.",University / King Southwest corner (on King),373,False,Simcoe Park,30,True,CBC Museum,50,True,Front Street West,145,False,False,True,False,25.48,26.4,-0.92,high,low,Tourist or event-area station; demand may spike around weekends and events.,gbfs|osm|ridership,"base metadata (name, lat/lon, capacity, charging) from GBFS station_information; spatial context (nearest subway, park, tourist, major road) from OpenStreetMap Overpass API; ridership stats from Toronto Open Data 2025–2026 annual ZIPs"
7469,York St / Wellington St W (1) ,43.646734,-79.38301,23,medium,False,False,,transit_hub,medium|transit_hub|downtown_core|near_subway|near_park|near_tourist,"Medium transit hub station near subway, in the downtown core, near tourist or event venues and near a park or trail.",Entrance from 145 King West (via PATH),148,True,The Pasture,101,True,TD Gallery of Indigenous Art,143,True,University Avenue,95,False,False,True,False,17.79,19.15,-1.37,high,low,"Large capacity helps, but downtown commuter demand can change quickly; check alternatives early.",gbfs|osm|ridership,"base metadata (name, lat/lon, capacity, charging) from GBFS station_information; spatial context (nearest subway, park, tourist, major road) from OpenStreetMap Overpass API; ridership stats from Toronto Open Data 2025–2026 annual ZIPs"
7471,2300 Lakeshore Blvd W,43.61868,-79.48674,15,small,True,False,,waterfront,small|waterfront|near_park|near_major_road|charging_station,"Small waterfront station on the waterfront, near a park or trail and on a major road.",Bloor St W,3448,False,Alexander Park,133,True,Lakeshore Arts,501,False,Lake Shore Boulevard West,17,True,True,False,False,2.69,2.93,-0.24,medium,low,Waterfront station; expect higher demand on warm-weather weekends.,gbfs|osm|ridership,"base metadata (name, lat/lon, capacity, charging) from GBFS station_information; spatial context (nearest subway, park, tourist, major road) from OpenStreetMap Overpass API; ridership stats from Toronto Open Data 2025–2026 annual ZIPs"
7473,Adelaide St W / Strachan Ave,43.643253094827294,-79.41230469904167,15,small,False,False,,park_trail,small|park_trail|downtown_core|near_park,Small park trail station in the downtown core and near a park or trail.,"University / Queen, Southwest Entrance",2196,False,Massey Harris Park,219,True,the industREALarts room,534,False,King Street West,137,False,False,True,False,26.27,27.55,-1.28,high,low,"Small residential or park-adjacent station; if full, alternatives may be farther away.",gbfs|osm|ridership,"base metadata (name, lat/lon, capacity, charging) from GBFS station_information; spatial context (nearest subway, park, tourist, major road) from OpenStreetMap Overpass API; ridership stats from Toronto Open Data 2025–2026 annual ZIPs"
7474,Clarence Square,43.64407,-79.3929,23,medium,False,False,,park_trail,medium|park_trail|downtown_core|near_park,Medium park trail station in the downtown core and near a park or trail.,University / King Southwest corner (on King),738,False,Clarence Square,64,True,CBC Museum,428,False,Front Street West,111,False,False,True,False,34.23,35.89,-1.66,very_high,low,"Small residential or park-adjacent station; if full, alternatives may be farther away.",gbfs|osm|ridership,"base metadata (name, lat/lon, capacity, charging) from GBFS station_information; spatial context (nearest subway, park, tourist, major road) from OpenStreetMap Overpass API; ridership stats from Toronto Open Data 2025–2026 annual ZIPs"
7475,Jarvis St / Richmond St E,43.652777,-79.372637,19,medium,False,False,,tourist_event,medium|tourist_event|downtown_core|near_park|near_tourist|near_major_road,"Medium tourist event station in the downtown core, near tourist or event venues, near a park or trail and on a major road.",Entrance by 2 Queen Street East,496,False,,46,True,Toronto's First Post Office,201,True,Jarvis Street,16,True,False,True,False,39.44,42.9,-3.45,very_high,medium,Tourist or event-area station; demand may spike around weekends and events.,gbfs|osm|ridership,"base metadata (name, lat/lon, capacity, charging) from GBFS station_information; spatial context (nearest subway, park, tourist, major road) from OpenStreetMap Overpass API; ridership stats from Toronto Open Data 2025–2026 annual ZIPs"
7476,Symington Ave / Dupont St,43.665538,-79.451263,15,small,False,False,,park_trail,small|park_trail|near_park|near_major_road,Small park trail station near a park or trail and on a major road.,Dundas St West,959,False,Symington Avenue Playground,152,True,Fly on the Wall Gallery,521,False,Dupont Street,22,True,False,False,True,11.58,11.95,-0.37,high,low,"Small residential or park-adjacent station; if full, alternatives may be farther away.",gbfs|osm|ridership,"base metadata (name, lat/lon, capacity, charging) from GBFS station_information; spatial context (nearest subway, park, tourist, major road) from OpenStreetMap Overpass API; ridership stats from Toronto Open Data 2025–2026 annual ZIPs"
7477,Antler St / Campbell Ave - SMART,43.664182,-79.449066,20,medium,False,False,,park_trail,medium|park_trail|near_park,Medium park trail station near a park or trail.,Wade Avenue,731,False,Campbell Avenue Park,85,True,Fly on the Wall Gallery,487,False,Dupont Street,215,False,False,False,True,6.63,7.18,-0.55,medium,low,"Small residential or park-adjacent station; if full, alternatives may be farther away.",gbfs|osm|ridership,"base metadata (name, lat/lon, capacity, charging) from GBFS station_information; spatial context (nearest subway, park, tourist, major road) from OpenStreetMap Overpass API; ridership stats from Toronto Open Data 2025–2026 annual ZIPs"
7478,Ellis Ave / The Queensway,43.63855,-79.46693,19,medium,False,False,,park_trail,medium|park_trail|near_park,Medium park trail station near a park or trail.,Kennedy Avenue,1630,False,,130,True,Colborne Lodge,593,False,The Queensway,80,False,False,False,True,4.73,4.72,0.0,medium,low,"Small residential or park-adjacent station; if full, alternatives may be farther away.",gbfs|osm|ridership,"base metadata (name, lat/lon, capacity, charging) from GBFS station_information; spatial context (nearest subway, park, tourist, major road) from OpenStreetMap Overpass API; ridership stats from Toronto Open Data 2025–2026 annual ZIPs"
7479,Jane St / Bloor St W (Jane Subway Station),43.64976,-79.48477,15,small,False,False,,residential,small|residential|near_subway|near_major_road,Small residential station near subway and on a major road.,Jane St,23,True,Traymore Park,309,False,High Park Labyrinth,1529,False,Jane Street,11,True,False,False,True,3.81,3.97,-0.16,medium,low,"Small residential or park-adjacent station; if full, alternatives may be farther away.",gbfs|osm|ridership,"base metadata (name, lat/lon, capacity, charging) from GBFS station_information; spatial context (nearest subway, park, tourist, major road) from OpenStreetMap Overpass API; ridership stats from Toronto Open Data 2025–2026 annual ZIPs"
7480,Neil McLellan Park,43.65143,-79.47779,14,small,False,False,,park_trail,small|park_trail|near_subway|near_park|near_major_road,"Small park trail station near subway, near a park or trail and on a major road.",Runnymeade Road,121,True,Neil McLellan Park,51,True,High Park Labyrinth,1060,False,Bloor Street West,66,True,False,False,True,8.56,8.62,-0.06,medium,low,"Small residential or park-adjacent station; if full, alternatives may be farther away.",gbfs|osm|ridership,"base metadata (name, lat/lon, capacity, charging) from GBFS station_information; spatial context (nearest subway, park, tourist, major road) from OpenStreetMap Overpass API; ridership stats from Toronto Open Data 2025–2026 annual ZIPs"
7483,Southwood Dr / Kingston Rd - SMART,43.678685,-79.297974,12,small,False,False,,residential,small|residential|near_major_road,Small residential station on a major road.,Main Street,1188,False,Love Crescent Parkette,452,False,Create Art Studio,1778,False,Kingston Road,25,True,False,False,True,4.48,4.53,-0.05,medium,low,"Small residential or park-adjacent station; if full, alternatives may be farther away.",gbfs|osm|ridership,"base metadata (name, lat/lon, capacity, charging) from GBFS station_information; spatial context (nearest subway, park, tourist, major road) from OpenStreetMap Overpass API; ridership stats from Toronto Open Data 2025–2026 annual ZIPs"
7484,Briar Hill Ave / Yonge St - SMART,43.713524,-79.400162,16,medium,False,False,,park_trail,medium|park_trail|near_park|near_major_road,Medium park trail station near a park or trail and on a major road.,,731,False,St. Clements - Yonge Parkette,43,True,The Al Green Gallery / Green Family Companies,1931,False,Yonge Street,30,True,False,False,True,3.65,3.97,-0.32,medium,low,"Small residential or park-adjacent station; if full, alternatives may be farther away.",gbfs|osm|ridership,"base metadata (name, lat/lon, capacity, charging) from GBFS station_information; spatial context (nearest subway, park, tourist, major road) from OpenStreetMap Overpass API; ridership stats from Toronto Open Data 2025–2026 annual ZIPs"
7485,Blythwood Rd / Yonge St - SMART,43.716652,-79.399993,14,small,False,False,,park_trail,small|park_trail|near_park|near_major_road,Small park trail station near a park or trail and on a major road.,,1074,False,Snider Parkette,81,True,The Al Green Gallery / Green Family Companies,2267,False,Yonge Street,37,True,False,False,True,3.11,3.38,-0.27,medium,low,"Small residential or park-adjacent station; if full, alternatives may be farther away.",gbfs|osm|ridership,"base metadata (name, lat/lon, capacity, charging) from GBFS station_information; spatial context (nearest subway, park, tourist, major road) from OpenStreetMap Overpass API; ridership stats from Toronto Open Data 2025–2026 annual ZIPs"
7486,Gerrard St E / Main St,43.684261,-79.299332,23,medium,False,False,,park_trail,medium|park_trail|near_park,Medium park trail station near a park or trail.,Main Street,563,False,East Toronto Athletic Field,117,True,Create Art Studio,1558,False,Danforth Avenue,474,False,False,False,True,3.41,4.69,-1.28,medium,low,"Small residential or park-adjacent station; if full, alternatives may be farther away.",gbfs|osm|ridership,"base metadata (name, lat/lon, capacity, charging) from GBFS station_information; spatial context (nearest subway, park, tourist, major road) from OpenStreetMap Overpass API; ridership stats from Toronto Open Data 2025–2026 annual ZIPs"
7487,Eastwood Rd / Woodbine Ave - SMART,43.676216,-79.309395,15,small,False,False,,residential,small|residential|near_major_road,Small residential station on a major road.,Woodbine Avenue,1161,False,Cassels Avenue Playground,478,False,Create Art Studio,1165,False,Woodbine Avenue,46,True,False,False,True,3.57,3.48,0.09,medium,low,"Small residential or park-adjacent station; if full, alternatives may be farther away.",gbfs|osm|ridership,"base metadata (name, lat/lon, capacity, charging) from GBFS station_information; spatial context (nearest subway, park, tourist, major road) from OpenStreetMap Overpass API; ridership stats from Toronto Open Data 2025–2026 annual ZIPs"
7488,Summerhill Ave / Maclennan Ave,43.685924,-79.376304,11,small,False,False,,residential,small|residential,Small residential station.,Shaftesbury Avenue Entrance,1224,False,Whitney Park,354,False,Don Valley Brick Works,886,False,Mount Pleasant Road,612,False,False,False,True,4.1,4.1,0.0,medium,low,"Small residential or park-adjacent station; if full, alternatives may be farther away.",gbfs|osm|ridership,"base metadata (name, lat/lon, capacity, charging) from GBFS station_information; spatial context (nearest subway, park, tourist, major road) from OpenStreetMap Overpass API; ridership stats from Toronto Open Data 2025–2026 annual ZIPs"
7489,Sumach St  / Queen St E,43.656638,-79.358749,19,medium,False,False,,park_trail,medium|park_trail|near_park|near_major_road,Medium park trail station near a park or trail and on a major road.,Entrance by 2 Queen Street East,1673,False,Bright Street Playground,90,True,Distillery District,703,False,Queen Street East,26,True,False,False,True,23.34,25.41,-2.07,high,low,"Small residential or park-adjacent station; if full, alternatives may be farther away.",gbfs|osm|ridership,"base metadata (name, lat/lon, capacity, charging) from GBFS station_information; spatial context (nearest subway, park, tourist, major road) from OpenStreetMap Overpass API; ridership stats from Toronto Open Data 2025–2026 annual ZIPs"
7492,Cherry St / Lake Shore Blvd E,43.64827015761016,-79.35651733677065,15,small,False,False,,tourist_event,small|tourist_event|waterfront|near_tourist,Small tourist event station on the waterfront and near tourist or event venues.,Yonge / King Southeast corner,1679,False,Parliament Square Park,530,False,Distillery District,331,True,Lake Shore Boulevard East,81,False,True,False,False,24.79,25.21,-0.41,high,low,Tourist or event-area station; demand may spike around weekends and events.,gbfs|osm|ridership,"base metadata (name, lat/lon, capacity, charging) from GBFS station_information; spatial context (nearest subway, park, tourist, major road) from OpenStreetMap Overpass API; ridership stats from Toronto Open Data 2025–2026 annual ZIPs"
7493,Sackville St / Eastern Ave - SMART,43.653809,-79.3595,12,small,False,False,,tourist_event,small|tourist_event|near_park|near_tourist|near_major_road,"Small tourist event station near tourist or event venues, near a park or trail and on a major road.",Yonge / King Southeast corner,1524,False,Sackville Playground,119,True,Distillery District,386,True,Eastern Avenue,43,True,False,False,False,20.86,22.04,-1.18,high,low,Tourist or event-area station; demand may spike around weekends and events.,gbfs|osm|ridership,"base metadata (name, lat/lon, capacity, charging) from GBFS station_information; spatial context (nearest subway, park, tourist, major road) from OpenStreetMap Overpass API; ridership stats from Toronto Open Data 2025–2026 annual ZIPs"
7494,Davenport Rd / McAlpine St - SMART,43.673768,-79.391253,12,small,False,False,,park_trail,small|park_trail|near_park|near_major_road,Small park trail station near a park or trail and on a major road.,Cumberland Terrace,391,False,Belmont Parkette,145,True,TD Gallery,433,False,Davenport Road,25,True,False,False,True,7.55,8.6,-1.06,medium,low,"Small residential or park-adjacent station; if full, alternatives may be farther away.",gbfs|osm|ridership,"base metadata (name, lat/lon, capacity, charging) from GBFS station_information; spatial context (nearest subway, park, tourist, major road) from OpenStreetMap Overpass API; ridership stats from Toronto Open Data 2025–2026 annual ZIPs"
7496,Sunnyside Ave / The Queensway - SMART,43.6397,-79.44865,20,medium,False,False,,park_trail,medium|park_trail|near_park,Medium park trail station near a park or trail.,Dundas West,1949,False,Grafton Avenue Park,213,True,Colborne Lodge,916,False,The Queensway,96,False,False,False,True,12.95,13.35,-0.4,high,low,"Small residential or park-adjacent station; if full, alternatives may be farther away.",gbfs|osm|ridership,"base metadata (name, lat/lon, capacity, charging) from GBFS station_information; spatial context (nearest subway, park, tourist, major road) from OpenStreetMap Overpass API; ridership stats from Toronto Open Data 2025–2026 annual ZIPs"
7497,128 Sterling Rd - SMART,43.654004,-79.444792,20,medium,False,False,,tourist_event,medium|tourist_event|near_park|near_tourist,Medium tourist event station near tourist or event venues and near a park or trail.,Wade Avenue,578,False,MacGregor Playground,236,True,213 Sterling Road,206,True,Dundas Street West,310,False,False,False,False,12.26,13.27,-1.01,high,low,Tourist or event-area station; demand may spike around weekends and events.,gbfs|osm|ridership,"base metadata (name, lat/lon, capacity, charging) from GBFS station_information; spatial context (nearest subway, park, tourist, major road) from OpenStreetMap Overpass API; ridership stats from Toronto Open Data 2025–2026 annual ZIPs"
7501,Humberside Grounds - SMART,43.65917,-79.46997,20,medium,False,False,,park_trail,medium|park_trail|near_park,Medium park trail station near a park or trail.,Parkview Gardens North,639,False,Ravina Gardens Park,36,True,Ukrainian Canadian Shevchenko,1244,False,Keele Street,623,False,False,False,True,2.34,2.38,-0.04,medium,low,"Small residential or park-adjacent station; if full, alternatives may be farther away.",gbfs|osm|ridership,"base metadata (name, lat/lon, capacity, charging) from GBFS station_information; spatial context (nearest subway, park, tourist, major road) from OpenStreetMap Overpass API; ridership stats from Toronto Open Data 2025–2026 annual ZIPs"
7502,University Ave / College St (East),43.65995,-79.38964,20,medium,False,False,,transit_hub,medium|transit_hub|downtown_core|near_subway|near_park|near_tourist|near_major_road,"Medium transit hub station near subway, in the downtown core, near tourist or event venues, near a park or trail and on a major road.",University / College Northeast Entrance,33,True,,67,True,Insulin: Toronto’s Gift to the World,147,True,College Street,21,True,False,True,False,32.01,36.1,-4.09,very_high,low,"Large capacity helps, but downtown commuter demand can change quickly; check alternatives early.",gbfs|osm|ridership,"base metadata (name, lat/lon, capacity, charging) from GBFS station_information; spatial context (nearest subway, park, tourist, major road) from OpenStreetMap Overpass API; ridership stats from Toronto Open Data 2025–2026 annual ZIPs"
7503,Gerrard St E / Malvern Ave - SMART,43.685221,-79.294766,20,medium,False,False,,park_trail,medium|park_trail|near_park,Medium park trail station near a park or trail.,Main Street,695,False,Bob Acton Park,209,True,Create Art Studio,1929,False,Danforth Avenue,482,False,False,False,True,1.35,1.5,-0.15,medium,low,"Small residential or park-adjacent station; if full, alternatives may be farther away.",gbfs|osm|ridership,"base metadata (name, lat/lon, capacity, charging) from GBFS station_information; spatial context (nearest subway, park, tourist, major road) from OpenStreetMap Overpass API; ridership stats from Toronto Open Data 2025–2026 annual ZIPs"
7504,Gerrard St E / Victoria Park Ave - SMART,43.686962,-79.286864,16,medium,False,False,,residential,medium|residential|near_major_road,Medium residential station on a major road.,Victoria Park Avenue,864,False,Lucy Tot Lot,434,False,Bell Estate,2279,False,Victoria Park Avenue,23,True,False,False,True,2.38,2.39,-0.01,medium,low,"Small residential or park-adjacent station; if full, alternatives may be farther away.",gbfs|osm|ridership,"base metadata (name, lat/lon, capacity, charging) from GBFS station_information; spatial context (nearest subway, park, tourist, major road) from OpenStreetMap Overpass API; ridership stats from Toronto Open Data 2025–2026 annual ZIPs"
7505,Ontario St / Adelaide St E -SMART,43.6535052,-79.3667689,20,medium,False,False,,tourist_event,medium|tourist_event|downtown_core|near_park|near_tourist|near_major_road,"Medium tourist event station in the downtown core, near tourist or event venues, near a park or trail and on a major road.",Entrance by 2 Queen Street East,972,False,,41,True,Toronto's First Post Office,339,True,Richmond Street East,48,True,False,True,False,48.06,50.66,-2.59,very_high,medium,Tourist or event-area station; demand may spike around weekends and events.,gbfs|osm|ridership,"base metadata (name, lat/lon, capacity, charging) from GBFS station_information; spatial context (nearest subway, park, tourist, major road) from OpenStreetMap Overpass API; ridership stats from Toronto Open Data 2025–2026 annual ZIPs"
7506,Berkeley St / Adelaide St E - SMART,43.653268712095425,-79.36481974767595,12,small,False,False,,park_trail,small|park_trail|downtown_core|near_park|near_major_road,"Small park trail station in the downtown core, near a park or trail and on a major road.",Yonge / King Southeast corner,1104,False,,200,True,Toronto's First Post Office,472,False,Adelaide Street East,31,True,False,True,False,22.32,23.1,-0.78,high,low,"Small residential or park-adjacent station; if full, alternatives may be farther away.",gbfs|osm|ridership,"base metadata (name, lat/lon, capacity, charging) from GBFS station_information; spatial context (nearest subway, park, tourist, major road) from OpenStreetMap Overpass API; ridership stats from Toronto Open Data 2025–2026 annual ZIPs"
7508,Berkeley St / Dundas St E - SMART,43.658816,-79.367318,20,medium,False,False,,park_trail,medium|park_trail|downtown_core|near_park|near_major_road,"Medium park trail station in the downtown core, near a park or trail and on a major road.",Sankofa Square Elevator,1092,False,Ontario Street Parkette,142,True,Allan Gardens Conservatory,702,False,Dundas Street East,36,True,False,True,False,21.5,22.91,-1.41,high,low,"Small residential or park-adjacent station; if full, alternatives may be farther away.",gbfs|osm|ridership,"base metadata (name, lat/lon, capacity, charging) from GBFS station_information; spatial context (nearest subway, park, tourist, major road) from OpenStreetMap Overpass API; ridership stats from Toronto Open Data 2025–2026 annual ZIPs"
7514,Humber Bay Shores Park / Marine Parade Dr,43.626265,-79.476723,63,very_large,False,False,,waterfront,very_large|waterfront|near_park,Very large waterfront station on the waterfront and near a park or trail.,Bloor St W,2658,False,Palace Pier Park,173,True,Lakeshore Arts,1644,False,Lake Shore Boulevard West,214,False,True,False,False,27.5,25.07,2.43,very_high,low,Waterfront station; expect higher demand on warm-weather weekends.,gbfs|osm|ridership,"base metadata (name, lat/lon, capacity, charging) from GBFS station_information; spatial context (nearest subway, park, tourist, major road) from OpenStreetMap Overpass API; ridership stats from Toronto Open Data 2025–2026 annual ZIPs"
7515,Amos Waites Park,43.613606,-79.4883535,27,large,False,False,,tourist_event,large|tourist_event|waterfront|near_park|near_tourist,"Large tourist event station on the waterfront, near tourist or event venues and near a park or trail.",Bloor St W,4021,False,Amos Waites Park,30,True,Lakeshore Arts,119,True,Lake Shore Boulevard West,82,False,True,False,False,5.18,5.16,0.03,medium,low,Tourist or event-area station; demand may spike around weekends and events.,gbfs|osm|ridership,"base metadata (name, lat/lon, capacity, charging) from GBFS station_information; spatial context (nearest subway, park, tourist, major road) from OpenStreetMap Overpass API; ridership stats from Toronto Open Data 2025–2026 annual ZIPs"
7516,Superior Ave / Lake Shore Blvd W,43.6146692,-79.4873148,17,medium,False,False,,tourist_event,medium|tourist_event|waterfront|near_park|near_tourist,"Medium tourist event station on the waterfront, near tourist or event venues and near a park or trail.",Bloor St W,3896,False,Superior Park,44,True,Lakeshore Arts,147,True,Lake Shore Boulevard West,113,False,True,False,False,3.98,3.93,0.05,medium,low,Tourist or event-area station; demand may spike around weekends and events.,gbfs|osm|ridership,"base metadata (name, lat/lon, capacity, charging) from GBFS station_information; spatial context (nearest subway, park, tourist, major road) from OpenStreetMap Overpass API; ridership stats from Toronto Open Data 2025–2026 annual ZIPs"
7517,Ripley Ave / Ormskirk Ave,43.6390437,-79.4760109,23,medium,False,False,,park_trail,medium|park_trail|near_park,Medium park trail station near a park or trail.,Bloor St W,1331,False,Riverside Drive Parkette,120,True,High Park Labyrinth,1182,False,South Kingsway,368,False,False,False,True,3.35,3.2,0.15,medium,low,"Small residential or park-adjacent station; if full, alternatives may be farther away.",gbfs|osm|ridership,"base metadata (name, lat/lon, capacity, charging) from GBFS station_information; spatial context (nearest subway, park, tourist, major road) from OpenStreetMap Overpass API; ridership stats from Toronto Open Data 2025–2026 annual ZIPs"
7518,Lake Shore Blvd W / Colborne Lodge Dr,43.63771,-79.458173,27,large,False,False,,tourist_event,large|tourist_event|waterfront|near_park|near_tourist|near_major_road,"Large tourist event station on the waterfront, near tourist or event venues, near a park or trail and on a major road.",High Park,1928,False,Sunnyside Park,174,True,Colborne Lodge,329,True,Lake Shore Boulevard West,49,True,True,False,False,19.34,19.04,0.3,high,low,Tourist or event-area station; demand may spike around weekends and events.,gbfs|osm|ridership,"base metadata (name, lat/lon, capacity, charging) from GBFS station_information; spatial context (nearest subway, park, tourist, major road) from OpenStreetMap Overpass API; ridership stats from Toronto Open Data 2025–2026 annual ZIPs"
7519,406 Oakwood Ave,43.68827060022711,-79.43937767081853,19,medium,False,False,,residential,medium|residential,Medium residential station.,,1156,False,Cy Townsend Park,353,False,Little House,833,False,Dufferin Street,604,False,False,False,True,2.53,2.36,0.17,medium,low,"Small residential or park-adjacent station; if full, alternatives may be farther away.",gbfs|osm|ridership,"base metadata (name, lat/lon, capacity, charging) from GBFS station_information; spatial context (nearest subway, park, tourist, major road) from OpenStreetMap Overpass API; ridership stats from Toronto Open Data 2025–2026 annual ZIPs"
7520,St Clarens Ave / Shirley St,43.6486599,-79.4376413,15,small,False,False,,tourist_event,small|tourist_event|near_park|near_tourist,Small tourist event station near tourist or event venues and near a park or trail.,Emerson Avenue (Lansdowne Station),1226,False,Dundas-St. Clarens Parkette,155,True,XPACE Cultural Centre,270,True,Dundas Street West,156,False,False,False,False,6.35,6.62,-0.27,medium,low,Tourist or event-area station; demand may spike around weekends and events.,gbfs|osm|ridership,"base metadata (name, lat/lon, capacity, charging) from GBFS station_information; spatial context (nearest subway, park, tourist, major road) from OpenStreetMap Overpass API; ridership stats from Toronto Open Data 2025–2026 annual ZIPs"
7521,Emerson Ave / Bloor St W,43.658739,-79.440691,23,medium,False,False,,park_trail,medium|park_trail|near_subway|near_park|near_major_road,"Medium park trail station near subway, near a park or trail and on a major road.",Emerson Avenue (Lansdowne Station),82,True,Susan Tibaldi Parkette,141,True,213 Sterling Road,571,False,Bloor Street West,7,True,False,False,True,15.65,16.77,-1.12,high,low,"Small residential or park-adjacent station; if full, alternatives may be farther away.",gbfs|osm|ridership,"base metadata (name, lat/lon, capacity, charging) from GBFS station_information; spatial context (nearest subway, park, tourist, major road) from OpenStreetMap Overpass API; ridership stats from Toronto Open Data 2025–2026 annual ZIPs"
7522,Wallace Ave / Pauline Ave,43.6632257,-79.4397052,16,medium,False,False,,residential,medium|residential,Medium residential station.,Russett Avenue - W,438,False,Susan Tibaldi Parkette,404,False,Adventure Alley Toronto,546,False,Dufferin Street,226,False,False,False,True,7.17,7.5,-0.33,medium,low,"Small residential or park-adjacent station; if full, alternatives may be farther away.",gbfs|osm|ridership,"base metadata (name, lat/lon, capacity, charging) from GBFS station_information; spatial context (nearest subway, park, tourist, major road) from OpenStreetMap Overpass API; ridership stats from Toronto Open Data 2025–2026 annual ZIPs"
7523,Lynn Williams St / East Liberty St,43.638925,-79.4168659,15,small,False,False,,park_trail,small|park_trail|downtown_core|near_park,Small park trail station in the downtown core and near a park or trail.,Ossington Avenue,2717,False,,14,True,Museum of Television,461,False,King Street West,230,False,False,True,False,41.6,43.48,-1.88,very_high,medium,"Small residential or park-adjacent station; if full, alternatives may be farther away.",gbfs|osm|ridership,"base metadata (name, lat/lon, capacity, charging) from GBFS station_information; spatial context (nearest subway, park, tourist, major road) from OpenStreetMap Overpass API; ridership stats from Toronto Open Data 2025–2026 annual ZIPs"
7524,Lisgar Park,43.6423847,-79.4240277,35,large,False,False,,tourist_event,large|tourist_event|near_park|near_tourist,Large tourist event station near tourist or event venues and near a park or trail.,Dufferin Street - East,2174,False,Lisgar Park,27,True,InterAccess,77,True,Queen Street West,83,False,False,False,False,48.48,51.52,-3.05,very_high,low,Tourist or event-area station; demand may spike around weekends and events.,gbfs|osm|ridership,"base metadata (name, lat/lon, capacity, charging) from GBFS station_information; spatial context (nearest subway, park, tourist, major road) from OpenStreetMap Overpass API; ridership stats from Toronto Open Data 2025–2026 annual ZIPs"
7526,Bartlett Parkette,43.6702236,-79.4360232,22,medium,False,False,,park_trail,medium|park_trail|near_park,Medium park trail station near a park or trail.,Dufferin,1109,False,Bartlett Parkette,25,True,Adventure Alley Toronto,674,False,Dupont Street,130,False,False,False,True,22.24,22.62,-0.38,high,low,"Small residential or park-adjacent station; if full, alternatives may be farther away.",gbfs|osm|ridership,"base metadata (name, lat/lon, capacity, charging) from GBFS station_information; spatial context (nearest subway, park, tourist, major road) from OpenStreetMap Overpass API; ridership stats from Toronto Open Data 2025–2026 annual ZIPs"
7527,Joseph J Piccininni Community Centre,43.675648,-79.4527619,19,medium,False,False,,tourist_event,medium|tourist_event|near_park|near_tourist,Medium tourist event station near tourist or event venues and near a park or trail.,Wade Avenue,1991,False,Earlscourt Park,248,True,MUSE Arts Creative Labs,76,True,St. Clair Avenue West,94,False,False,False,False,2.51,2.54,-0.02,medium,low,Tourist or event-area station; demand may spike around weekends and events.,gbfs|osm|ridership,"base metadata (name, lat/lon, capacity, charging) from GBFS station_information; spatial context (nearest subway, park, tourist, major road) from OpenStreetMap Overpass API; ridership stats from Toronto Open Data 2025–2026 annual ZIPs"
7528,Spadina Rd / Austin Terrace,43.67883,-79.408723,17,medium,False,False,,tourist_event,medium|tourist_event|near_park|near_tourist,Medium tourist event station near tourist or event venues and near a park or trail.,Northwest Entrance,442,False,Spadina Park,77,True,Spadina Museum,50,True,Spadina Road,461,False,False,False,False,5.28,5.95,-0.67,medium,low,Tourist or event-area station; demand may spike around weekends and events.,gbfs|osm|ridership,"base metadata (name, lat/lon, capacity, charging) from GBFS station_information; spatial context (nearest subway, park, tourist, major road) from OpenStreetMap Overpass API; ridership stats from Toronto Open Data 2025–2026 annual ZIPs"
7529,Symington Ave / Davenport Rd,43.6704403,-79.45328549999999,15,small,False,False,,park_trail,small|park_trail|near_park,Small park trail station near a park or trail.,Wade Avenue,1495,False,Pelham Avenue Playground,292,True,MUSE Arts Creative Labs,533,False,Dupont Street,549,False,False,False,True,4.67,4.51,0.16,medium,low,"Small residential or park-adjacent station; if full, alternatives may be farther away.",gbfs|osm|ridership,"base metadata (name, lat/lon, capacity, charging) from GBFS station_information; spatial context (nearest subway, park, tourist, major road) from OpenStreetMap Overpass API; ridership stats from Toronto Open Data 2025–2026 annual ZIPs"
7530,Sherbourne St N / Elm Ave,43.6752732,-79.3778458,22,medium,False,False,,suburban_node,medium|suburban_node,Medium suburban node station.,Sherbourne,352,False,Craigleigh Gardens,495,False,TD Gallery,824,False,Mount Pleasant Road,202,False,False,False,True,9.34,9.79,-0.45,medium,low,Suburban or lower-demand area; alternatives may require a longer detour.,gbfs|osm|ridership,"base metadata (name, lat/lon, capacity, charging) from GBFS station_information; spatial context (nearest subway, park, tourist, major road) from OpenStreetMap Overpass API; ridership stats from Toronto Open Data 2025–2026 annual ZIPs"
7531,541 Huron St - SMART,43.670206,-79.402643,19,medium,False,False,,park_trail,medium|park_trail|near_subway|near_park,Medium park trail station near subway and near a park or trail.,Spadina Road Entrance,201,True,Huron Street Playground,114,True,Michael Lee-Chin Crystal,651,False,Spadina Road,213,False,False,False,True,16.77,18.03,-1.26,high,low,"Small residential or park-adjacent station; if full, alternatives may be farther away.",gbfs|osm|ridership,"base metadata (name, lat/lon, capacity, charging) from GBFS station_information; spatial context (nearest subway, park, tourist, major road) from OpenStreetMap Overpass API; ridership stats from Toronto Open Data 2025–2026 annual ZIPs"
7533,Housey St / Dan Leckie Way,43.63811,-79.397877,27,large,False,False,,tourist_event,large|tourist_event|downtown_core|near_park|near_tourist,"Large tourist event station in the downtown core, near tourist or event venues and near a park or trail.",University / King Southwest corner (on King),1469,False,Canoe Landing Park,144,True,The Ground Floor: Jumblies Theatre,161,True,Lake Shore Boulevard West,88,False,False,True,False,36.38,37.87,-1.48,very_high,low,Tourist or event-area station; demand may spike around weekends and events.,gbfs|osm|ridership,"base metadata (name, lat/lon, capacity, charging) from GBFS station_information; spatial context (nearest subway, park, tourist, major road) from OpenStreetMap Overpass API; ridership stats from Toronto Open Data 2025–2026 annual ZIPs"
7534,Walnut Ave / Queen St W,43.645469,-79.411084,14,small,False,False,,tourist_event,small|tourist_event|downtown_core|near_tourist|near_major_road,"Small tourist event station in the downtown core, near tourist or event venues and on a major road.","University / Queen, Southwest Entrance",2022,False,Stanley Park,367,False,the industREALarts room,347,True,Queen Street West,40,True,False,True,False,29.79,31.01,-1.22,very_high,medium,Tourist or event-area station; demand may spike around weekends and events.,gbfs|osm|ridership,"base metadata (name, lat/lon, capacity, charging) from GBFS station_information; spatial context (nearest subway, park, tourist, major road) from OpenStreetMap Overpass API; ridership stats from Toronto Open Data 2025–2026 annual ZIPs"
7536,Palmerston Ave / Dundas St W,43.651603,-79.408346,23,medium,False,False,,downtown_core,medium|downtown_core|near_major_road,Medium downtown core station in the downtown core and on a major road.,Markham Street,1574,False,Alexandra Park,344,False,the industREALarts room,640,False,Dundas Street West,24,True,False,True,False,49.95,53.78,-3.83,very_high,medium,Downtown station with variable demand; check live dock counts before arriving.,gbfs|osm|ridership,"base metadata (name, lat/lon, capacity, charging) from GBFS station_information; spatial context (nearest subway, park, tourist, major road) from OpenStreetMap Overpass API; ridership stats from Toronto Open Data 2025–2026 annual ZIPs"
7537,Euclid Ave / Herrick St - SMART,43.661559,-79.413845,16,medium,False,False,,park_trail,medium|park_trail|downtown_core|near_park,Medium park trail station in the downtown core and near a park or trail.,Markham Street,446,False,Healey Willan Park,260,True,No. 8 Hose Station,899,False,Bathurst Street,318,False,False,True,False,10.36,10.81,-0.45,medium,low,"Small residential or park-adjacent station; if full, alternatives may be farther away.",gbfs|osm|ridership,"base metadata (name, lat/lon, capacity, charging) from GBFS station_information; spatial context (nearest subway, park, tourist, major road) from OpenStreetMap Overpass API; ridership stats from Toronto Open Data 2025–2026 annual ZIPs"
7538,Vaughan Rd /Wychwood Ave,43.6882821,-79.4253856,19,medium,False,False,,park_trail,medium|park_trail|near_park,Medium park trail station near a park or trail.,Heath St Entrance,795,False,Connaught Circle Parkette,104,True,Casa Loma,1714,False,Bathurst Street,386,False,False,False,True,2.79,3.07,-0.28,medium,low,"Small residential or park-adjacent station; if full, alternatives may be farther away.",gbfs|osm|ridership,"base metadata (name, lat/lon, capacity, charging) from GBFS station_information; spatial context (nearest subway, park, tourist, major road) from OpenStreetMap Overpass API; ridership stats from Toronto Open Data 2025–2026 annual ZIPs"
7539,Davisville Ave / Pailton Cres,43.69933,-79.39199,18,medium,False,False,,tourist_event,medium|tourist_event|near_park|near_tourist,Medium tourist event station near tourist or event venues and near a park or trail.,Davisville,413,False,,86,True,The Al Green Gallery / Green Family Companies,343,True,Yonge Street,386,False,False,False,False,3.38,4.11,-0.72,medium,low,Tourist or event-area station; demand may spike around weekends and events.,gbfs|osm|ridership,"base metadata (name, lat/lon, capacity, charging) from GBFS station_information; spatial context (nearest subway, park, tourist, major road) from OpenStreetMap Overpass API; ridership stats from Toronto Open Data 2025–2026 annual ZIPs"
7540,Alvin Ave / St. Clair Ave E,43.68871,-79.39264,19,medium,False,False,,tourist_event,medium|tourist_event|near_subway|near_park|near_tourist|near_major_road,"Medium tourist event station near subway, near tourist or event venues, near a park or trail and on a major road.",St. Clair Av Entrance,74,True,,292,True,Tunnel of Glam,146,True,St. Clair Avenue East,36,True,False,False,False,3.82,5.99,-2.16,medium,low,Tourist or event-area station; demand may spike around weekends and events.,gbfs|osm|ridership,"base metadata (name, lat/lon, capacity, charging) from GBFS station_information; spatial context (nearest subway, park, tourist, major road) from OpenStreetMap Overpass API; ridership stats from Toronto Open Data 2025–2026 annual ZIPs"
7541,Bellwoods Ave / Treford Pl - SMART,43.65246,-79.413528,20,medium,False,False,,park_trail,medium|park_trail|downtown_core|near_park,Medium park trail station in the downtown core and near a park or trail.,Christie,1353,False,,290,True,Small World Music Centre,674,False,Dundas Street West,180,False,False,True,False,16.76,18.23,-1.47,high,low,"Small residential or park-adjacent station; if full, alternatives may be farther away.",gbfs|osm|ridership,"base metadata (name, lat/lon, capacity, charging) from GBFS station_information; spatial context (nearest subway, park, tourist, major road) from OpenStreetMap Overpass API; ridership stats from Toronto Open Data 2025–2026 annual ZIPs"
7542,Queen St W / John St,43.650077,-79.391291,23,medium,False,False,,tourist_event,medium|tourist_event|downtown_core|near_park|near_tourist|near_major_road,"Medium tourist event station in the downtown core, near tourist or event venues, near a park or trail and on a major road.","University / Queen, Southwest Entrance",351,False,St. Patrick's Square,85,True,OCAD Graduate Gallery,210,True,Queen Street West,32,True,False,True,False,77.77,79.95,-2.18,very_high,medium,Tourist or event-area station; demand may spike around weekends and events.,gbfs|osm|ridership,"base metadata (name, lat/lon, capacity, charging) from GBFS station_information; spatial context (nearest subway, park, tourist, major road) from OpenStreetMap Overpass API; ridership stats from Toronto Open Data 2025–2026 annual ZIPs"
7543,Nassau St / Bellevue Ave,43.65484215542248,-79.40351232494366,15,small,False,False,,tourist_event,small|tourist_event|downtown_core|near_park|near_tourist,"Small tourist event station in the downtown core, near tourist or event venues and near a park or trail.",University / College Southwest Entrance,1152,False,Sonya Parkette,174,True,No. 8 Hose Station,248,True,College Street,264,False,False,True,False,44.33,46.84,-2.51,very_high,medium,Tourist or event-area station; demand may spike around weekends and events.,gbfs|osm|ridership,"base metadata (name, lat/lon, capacity, charging) from GBFS station_information; spatial context (nearest subway, park, tourist, major road) from OpenStreetMap Overpass API; ridership stats from Toronto Open Data 2025–2026 annual ZIPs"
7545,Baldwin St / Henry St,43.6560758,-79.393259,15,small,False,False,,tourist_event,small|tourist_event|downtown_core|near_park|near_tourist,"Small tourist event station in the downtown core, near tourist or event venues and near a park or trail.","University / Dundas, Northwest corner",379,False,McCaul-Orde Park,203,True,George Brown House,146,True,Dundas Street West,244,False,False,True,False,38.35,41.25,-2.9,very_high,medium,Tourist or event-area station; demand may spike around weekends and events.,gbfs|osm|ridership,"base metadata (name, lat/lon, capacity, charging) from GBFS station_information; spatial context (nearest subway, park, tourist, major road) from OpenStreetMap Overpass API; ridership stats from Toronto Open Data 2025–2026 annual ZIPs"
7546,Ross St / Cecil St - SMART,43.6568254,-79.3966159,18,medium,False,False,,tourist_event,medium|tourist_event|downtown_core|near_park|near_tourist,"Medium tourist event station in the downtown core, near tourist or event venues and near a park or trail.",University / College Southwest Entrance,562,False,Julius Deutsch Park,40,True,Wildseed Centre for Art & Activism,42,True,College Street,188,False,False,True,False,11.21,13.44,-2.23,medium,low,Tourist or event-area station; demand may spike around weekends and events.,gbfs|osm|ridership,"base metadata (name, lat/lon, capacity, charging) from GBFS station_information; spatial context (nearest subway, park, tourist, major road) from OpenStreetMap Overpass API; ridership stats from Toronto Open Data 2025–2026 annual ZIPs"
7547,Orde St / McCaul St,43.6580442,-79.3927404,15,small,False,False,,transit_hub,small|transit_hub|downtown_core|near_subway|near_park|near_tourist,"Small transit hub station near subway, in the downtown core, near tourist or event venues and near a park or trail.",University / College Southwest Entrance,236,True,McCaul-Orde Park,26,True,Centre For Inquiry Ontario,245,True,College Street,141,False,False,True,False,23.52,26.28,-2.76,high,low,"Large capacity helps, but downtown commuter demand can change quickly; check alternatives early.",gbfs|osm|ridership,"base metadata (name, lat/lon, capacity, charging) from GBFS station_information; spatial context (nearest subway, park, tourist, major road) from OpenStreetMap Overpass API; ridership stats from Toronto Open Data 2025–2026 annual ZIPs"
7548,St. Joseph St / Bay St - SMART,43.6658804,-79.38761010000002,20,medium,False,False,,transit_hub,medium|transit_hub|downtown_core|near_subway|near_park|near_major_road,"Medium transit hub station near subway, in the downtown core, near a park or trail and on a major road.",Dundonald Street,296,True,Clover Hill Park,54,True,Police Museum & Discovery Centre,564,False,Bay Street,26,True,False,True,False,27.43,33.21,-5.78,very_high,low,"Large capacity helps, but downtown commuter demand can change quickly; check alternatives early.",gbfs|osm|ridership,"base metadata (name, lat/lon, capacity, charging) from GBFS station_information; spatial context (nearest subway, park, tourist, major road) from OpenStreetMap Overpass API; ridership stats from Toronto Open Data 2025–2026 annual ZIPs"
7549,439 Sherbourne St,43.666051,-79.374161,47,very_large,False,False,,park_trail,very_large|park_trail|downtown_core|near_park,Very large park trail station in the downtown core and near a park or trail.,Glen Road,688,False,Bleecker Parkette,109,True,Allan Gardens Conservatory,491,False,Jarvis Street,313,False,False,True,False,17.17,29.83,-12.66,high,low,"Small residential or park-adjacent station; if full, alternatives may be farther away.",gbfs|osm|ridership,"base metadata (name, lat/lon, capacity, charging) from GBFS station_information; spatial context (nearest subway, park, tourist, major road) from OpenStreetMap Overpass API; ridership stats from Toronto Open Data 2025–2026 annual ZIPs"
7551,The Esplanade / Hahn Pl,43.649709,-79.364184,15,small,False,False,,tourist_event,small|tourist_event|downtown_core|near_park|near_tourist,"Small tourist event station in the downtown core, near tourist or event venues and near a park or trail.",Yonge / King Southeast corner,1060,False,,47,True,Distillery District,386,True,Parliament Street,174,False,False,True,False,19.57,21.64,-2.07,high,low,Tourist or event-area station; demand may spike around weekends and events.,gbfs|osm|ridership,"base metadata (name, lat/lon, capacity, charging) from GBFS station_information; spatial context (nearest subway, park, tourist, major road) from OpenStreetMap Overpass API; ridership stats from Toronto Open Data 2025–2026 annual ZIPs"
7552,Lake Shore Blvd W / Thirty Ninth Street,43.5927419,-79.54033009999999,17,medium,False,False,,waterfront,medium|waterfront|near_park|near_major_road,"Medium waterfront station on the waterfront, near a park or trail and on a major road.",Kipling Station North Parking Lot,4943,False,Brown's Line Lake Shore Parkette,64,True,L Space,2056,False,Lake Shore Boulevard West,55,True,True,False,False,1.19,1.14,0.05,medium,low,Waterfront station; expect higher demand on warm-weather weekends.,gbfs|osm|ridership,"base metadata (name, lat/lon, capacity, charging) from GBFS station_information; spatial context (nearest subway, park, tourist, major road) from OpenStreetMap Overpass API; ridership stats from Toronto Open Data 2025–2026 annual ZIPs"
7553,Lake Shore Blvd W / Twenty Fourth St,43.597082,-79.522768,19,medium,False,False,,waterfront,medium|waterfront|near_park|near_major_road,"Medium waterfront station on the waterfront, near a park or trail and on a major road.",Kipling Station North Parking Lot,4616,False,Lake Shore Teachers College Centre Island,113,True,L Space,633,False,Lake Shore Boulevard West,25,True,True,False,False,2.52,2.44,0.08,medium,low,Waterfront station; expect higher demand on warm-weather weekends.,gbfs|osm|ridership,"base metadata (name, lat/lon, capacity, charging) from GBFS station_information; spatial context (nearest subway, park, tourist, major road) from OpenStreetMap Overpass API; ridership stats from Toronto Open Data 2025–2026 annual ZIPs"
7554,Humber College (Lakeshore Campus),43.5961692,-79.5160575,27,large,False,False,,tourist_event,large|tourist_event|waterfront|near_tourist,Large tourist event station on the waterfront and near tourist or event venues.,Kipling,4867,False,Colonel Samuel Smith Park,389,False,L Space,89,True,Kipling Avenue,239,False,True,False,False,3.13,3.18,-0.05,medium,low,Tourist or event-area station; demand may spike around weekends and events.,gbfs|osm|ridership,"base metadata (name, lat/lon, capacity, charging) from GBFS station_information; spatial context (nearest subway, park, tourist, major road) from OpenStreetMap Overpass API; ridership stats from Toronto Open Data 2025–2026 annual ZIPs"
7555,Royal York Rd / Mimico Ave,43.612063,-79.496573,20,medium,False,False,,waterfront,medium|waterfront|near_park|near_major_road,"Medium waterfront station on the waterfront, near a park or trail and on a major road.",Grenview Boulevard,4186,False,,85,True,Lakeshore Arts,659,False,Royal York Road,26,True,True,False,False,2.6,2.72,-0.12,medium,low,Waterfront station; expect higher demand on warm-weather weekends.,gbfs|osm|ridership,"base metadata (name, lat/lon, capacity, charging) from GBFS station_information; spatial context (nearest subway, park, tourist, major road) from OpenStreetMap Overpass API; ridership stats from Toronto Open Data 2025–2026 annual ZIPs"
7556,Windsor St / Newcastle St,43.6171635,-79.4971065,31,large,False,False,,waterfront,large|waterfront|near_park,Large waterfront station on the waterfront and near a park or trail.,Grenview Boulevard,3624,False,Coronation Park,220,True,Lakeshore Arts,707,False,Royal York Road,133,False,True,False,False,7.29,7.89,-0.6,medium,low,Waterfront station; expect higher demand on warm-weather weekends.,gbfs|osm|ridership,"base metadata (name, lat/lon, capacity, charging) from GBFS station_information; spatial context (nearest subway, park, tourist, major road) from OpenStreetMap Overpass API; ridership stats from Toronto Open Data 2025–2026 annual ZIPs"
7557,The Queensway / High St,43.630874,-79.482407,23,medium,False,False,,waterfront,medium|waterfront|near_major_road,Medium waterfront station on the waterfront and on a major road.,Bloor St W,2087,False,South Humber Park,405,False,Lakeshore Arts,1898,False,The Queensway,19,True,True,False,False,2.57,2.5,0.06,medium,low,Waterfront station; expect higher demand on warm-weather weekends.,gbfs|osm|ridership,"base metadata (name, lat/lon, capacity, charging) from GBFS station_information; spatial context (nearest subway, park, tourist, major road) from OpenStreetMap Overpass API; ridership stats from Toronto Open Data 2025–2026 annual ZIPs"
7558,Berry Rd / Bell Manor Dr,43.63732,-79.489083,19,medium,False,False,,park_trail,medium|park_trail|near_park,Medium park trail station near a park or trail.,Bloor St W,1432,False,Kinsdale Park,209,True,High Park Labyrinth,2131,False,The Queensway,854,False,False,False,True,2.42,2.28,0.14,medium,low,"Small residential or park-adjacent station; if full, alternatives may be farther away.",gbfs|osm|ridership,"base metadata (name, lat/lon, capacity, charging) from GBFS station_information; spatial context (nearest subway, park, tourist, major road) from OpenStreetMap Overpass API; ridership stats from Toronto Open Data 2025–2026 annual ZIPs"
7559,Swansea Community Centre,43.6438036,-79.4770327,15,small,False,False,,park_trail,small|park_trail|near_park,Small park trail station near a park or trail.,Bloor St W,844,False,Waller Avenue Ravine Lands,222,True,High Park Labyrinth,941,False,Bloor Street West,763,False,False,False,True,2.85,3.03,-0.18,medium,low,"Small residential or park-adjacent station; if full, alternatives may be farther away.",gbfs|osm|ridership,"base metadata (name, lat/lon, capacity, charging) from GBFS station_information; spatial context (nearest subway, park, tourist, major road) from OpenStreetMap Overpass API; ridership stats from Toronto Open Data 2025–2026 annual ZIPs"
7561,Annette St / Jane St,43.658574,-79.487246,15,small,False,False,,residential,small|residential|near_major_road,Small residential station on a major road.,Armdale Avenue,995,False,St Paul's Parkette,408,False,High Park Labyrinth,2132,False,Jane Street,78,True,False,False,True,5.0,4.95,0.04,medium,low,"Small residential or park-adjacent station; if full, alternatives may be farther away.",gbfs|osm|ridership,"base metadata (name, lat/lon, capacity, charging) from GBFS station_information; spatial context (nearest subway, park, tourist, major road) from OpenStreetMap Overpass API; ridership stats from Toronto Open Data 2025–2026 annual ZIPs"
7562,Priscilla Ave / Dundas St W,43.664665,-79.489385,23,medium,False,False,,suburban_node,medium|suburban_node,Medium suburban node station.,Old Mill Trail,1684,False,Maria Street Parkette,741,False,Duck pond,2134,False,Jane Street,110,False,False,False,True,2.45,2.34,0.11,medium,low,Suburban or lower-demand area; alternatives may require a longer detour.,gbfs|osm|ridership,"base metadata (name, lat/lon, capacity, charging) from GBFS station_information; spatial context (nearest subway, park, tourist, major road) from OpenStreetMap Overpass API; ridership stats from Toronto Open Data 2025–2026 annual ZIPs"
7563,St. Clair Ave W / Castleton Ave,43.668496,-79.485426,19,medium,False,False,,residential,medium|residential|near_major_road,Medium residential station on a major road.,Runnymeade Road,2010,False,,427,False,Duck pond,2353,False,St. Clair Avenue West,20,True,False,False,True,4.33,4.35,-0.02,medium,low,"Small residential or park-adjacent station; if full, alternatives may be farther away.",gbfs|osm|ridership,"base metadata (name, lat/lon, capacity, charging) from GBFS station_information; spatial context (nearest subway, park, tourist, major road) from OpenStreetMap Overpass API; ridership stats from Toronto Open Data 2025–2026 annual ZIPs"
7564,Durie St / Dundas St W,43.665523,-79.484892,23,medium,False,False,,suburban_node,medium|suburban_node|near_major_road,Medium suburban node station on a major road.,Runnymeade Road,1689,False,Maria Street Parkette,368,False,Duck pond,2454,False,Dundas Street West,40,True,False,False,True,4.56,4.45,0.11,medium,low,Suburban or lower-demand area; alternatives may require a longer detour.,gbfs|osm|ridership,"base metadata (name, lat/lon, capacity, charging) from GBFS station_information; spatial context (nearest subway, park, tourist, major road) from OpenStreetMap Overpass API; ridership stats from Toronto Open Data 2025–2026 annual ZIPs"
7565,St. Clair Ave W / Gunns Rd,43.672079,-79.470171,23,medium,False,False,,park_trail,medium|park_trail|near_park|near_major_road,Medium park trail station near a park or trail and on a major road.,Keele Street,2021,False,Maple Claire Park,212,True,MUSE Arts Creative Labs,1386,False,St. Clair Avenue West,7,True,False,False,True,2.65,3.48,-0.83,medium,low,"Small residential or park-adjacent station; if full, alternatives may be farther away.",gbfs|osm|ridership,"base metadata (name, lat/lon, capacity, charging) from GBFS station_information; spatial context (nearest subway, park, tourist, major road) from OpenStreetMap Overpass API; ridership stats from Toronto Open Data 2025–2026 annual ZIPs"
7566,Weston Rd / St. Clair Ave W,43.673019,-79.467994,19,medium,False,False,,park_trail,medium|park_trail|near_park|near_major_road,Medium park trail station near a park or trail and on a major road.,Keelesdale,2015,False,Keele-Mulock Parkette,190,True,MUSE Arts Creative Labs,1191,False,Weston Road,19,True,False,False,True,2.79,2.9,-0.11,medium,low,"Small residential or park-adjacent station; if full, alternatives may be farther away.",gbfs|osm|ridership,"base metadata (name, lat/lon, capacity, charging) from GBFS station_information; spatial context (nearest subway, park, tourist, major road) from OpenStreetMap Overpass API; ridership stats from Toronto Open Data 2025–2026 annual ZIPs"
7567,Weston Lions Park,43.698841,-79.519472,27,large,False,False,,park_trail,large|park_trail|near_park|near_major_road,Large park trail station near a park or trail and on a major road.,Mount Dennis Station Main Entrance,2791,False,Weston Lions Park,62,True,Urban Arts,2238,False,Lawrence Avenue West,57,True,False,False,True,1.29,1.3,-0.0,medium,low,"Small residential or park-adjacent station; if full, alternatives may be farther away.",gbfs|osm|ridership,"base metadata (name, lat/lon, capacity, charging) from GBFS station_information; spatial context (nearest subway, park, tourist, major road) from OpenStreetMap Overpass API; ridership stats from Toronto Open Data 2025–2026 annual ZIPs"
7568,Jameson Ave / Queen St W,43.63985,-79.43703,26,large,False,False,,park_trail,large|park_trail|near_park|near_major_road,Large park trail station near a park or trail and on a major road.,Lansdowne Avenue,2184,False,Albert Crosland Park,252,True,InterAccess,1130,False,Queen Street West,71,True,False,False,True,11.48,11.6,-0.13,high,low,"Small residential or park-adjacent station; if full, alternatives may be farther away.",gbfs|osm|ridership,"base metadata (name, lat/lon, capacity, charging) from GBFS station_information; spatial context (nearest subway, park, tourist, major road) from OpenStreetMap Overpass API; ridership stats from Toronto Open Data 2025–2026 annual ZIPs"
7569,Toronto Inukshuk Park,43.63298179738442,-79.40950821468047,87,very_large,False,False,Game days Jun-Jul 2026,waterfront,very_large|waterfront|downtown_core|near_park|near_major_road|valet_station,"Very large waterfront station valet-served station, in the downtown core, on the waterfront, near a park or trail and on a major road.",University / King Southwest corner (on King),2546,False,Inukshuk Park,19,True,LAV III Monument,424,False,Lake Shore Boulevard West,29,True,True,True,False,34.27,35.26,-0.99,very_high,low,"Valet station: extra capacity available Game days Jun-Jul 2026; outside those hours, treated as a regular dock.",gbfs|osm|ridership|valet_page,"base metadata (name, lat/lon, capacity, charging) from GBFS station_information; spatial context (nearest subway, park, tourist, major road) from OpenStreetMap Overpass API; ridership stats from Toronto Open Data 2025–2026 annual ZIPs; valet hours (Game days Jun-Jul 2026) from bikesharetoronto.com/valet-stations/"
7570,Carlaw Ave / Dundas St E,43.665076,-79.341509,17,medium,False,False,,park_trail,medium|park_trail|near_park|near_major_road,Medium park trail station near a park or trail and on a major road.,Lipton Avenue,1664,False,Badgerow Parkette,150,True,Tchotchke House (Crazy Doll House),546,False,Carlaw Avenue,16,True,False,False,True,24.87,26.38,-1.51,high,low,"Small residential or park-adjacent station; if full, alternatives may be farther away.",gbfs|osm|ridership,"base metadata (name, lat/lon, capacity, charging) from GBFS station_information; spatial context (nearest subway, park, tourist, major road) from OpenStreetMap Overpass API; ridership stats from Toronto Open Data 2025–2026 annual ZIPs"
7571,Highfield Rd / Gerrard St E,43.671771,-79.324961,19,medium,False,False,,residential,medium|residential|near_major_road,Medium residential station on a major road.,Linnsmore Crescent,1271,False,Greenwood Park,435,False,Tchotchke House (Crazy Doll House),1242,False,Gerrard Street East,39,True,False,False,True,10.44,10.52,-0.08,medium,low,"Small residential or park-adjacent station; if full, alternatives may be farther away.",gbfs|osm|ridership,"base metadata (name, lat/lon, capacity, charging) from GBFS station_information; spatial context (nearest subway, park, tourist, major road) from OpenStreetMap Overpass API; ridership stats from Toronto Open Data 2025–2026 annual ZIPs"
7572,Cosburn Ave / Durant Ave,43.6935477,-79.3301658,15,small,False,False,,park_trail,small|park_trail|near_park,Small park trail station near a park or trail.,Strathmore Boulevard,1181,False,True Davidson Park,161,True,Create Art Studio,1385,False,Coxwell Avenue,186,False,False,False,True,2.48,2.52,-0.05,medium,low,"Small residential or park-adjacent station; if full, alternatives may be farther away.",gbfs|osm|ridership,"base metadata (name, lat/lon, capacity, charging) from GBFS station_information; spatial context (nearest subway, park, tourist, major road) from OpenStreetMap Overpass API; ridership stats from Toronto Open Data 2025–2026 annual ZIPs"
7575,Bayview Ave / Lawren Harris Square,43.6548521,-79.35397680000001,15,small,False,False,,park_trail,small|park_trail|near_park,Small park trail station near a park or trail.,Yonge / King Southeast corner,1982,False,Lawren Harris Square,18,True,Distillery District,669,False,Adelaide Street East,119,False,False,False,True,23.69,25.14,-1.46,high,low,"Small residential or park-adjacent station; if full, alternatives may be farther away.",gbfs|osm|ridership,"base metadata (name, lat/lon, capacity, charging) from GBFS station_information; spatial context (nearest subway, park, tourist, major road) from OpenStreetMap Overpass API; ridership stats from Toronto Open Data 2025–2026 annual ZIPs"
7576,Front St E / Bayview Avenue,43.6535,-79.354068,23,medium,False,False,,park_trail,medium|park_trail|near_park,Medium park trail station near a park or trail.,Yonge / King Southeast corner,1932,False,,72,True,Distillery District,559,False,Adelaide Street East,214,False,False,False,True,23.86,24.74,-0.88,high,low,"Small residential or park-adjacent station; if full, alternatives may be farther away.",gbfs|osm|ridership,"base metadata (name, lat/lon, capacity, charging) from GBFS station_information; spatial context (nearest subway, park, tourist, major road) from OpenStreetMap Overpass API; ridership stats from Toronto Open Data 2025–2026 annual ZIPs"
7577,Oak St / Sumach St,43.6617908,-79.361515,27,large,False,False,,park_trail,large|park_trail|downtown_core|near_park,Large park trail station in the downtown core and near a park or trail.,Bloor Street,1416,False,Regent Park,88,True,Old Don Jail,746,False,Gerrard Street East,148,False,False,True,False,18.51,20.74,-2.23,high,low,"Small residential or park-adjacent station; if full, alternatives may be farther away.",gbfs|osm|ridership,"base metadata (name, lat/lon, capacity, charging) from GBFS station_information; spatial context (nearest subway, park, tourist, major road) from OpenStreetMap Overpass API; ridership stats from Toronto Open Data 2025–2026 annual ZIPs"
7578,Oak St / Parliament St,43.66081,-79.366238,15,small,False,False,,park_trail,small|park_trail|downtown_core|near_park|near_major_road,"Small park trail station in the downtown core, near a park or trail and on a major road.",Sankofa Square Elevator,1247,False,Anniversary Park,179,True,Allan Gardens Conservatory,718,False,Parliament Street,27,True,False,True,False,,,,unknown,unknown,"Small residential or park-adjacent station; if full, alternatives may be farther away.",gbfs|osm,"base metadata (name, lat/lon, capacity, charging) from GBFS station_information; spatial context (nearest subway, park, tourist, major road) from OpenStreetMap Overpass API; no ridership data for this station — historical columns are unknown"
7579,Glebe Rd W / Yonge St,43.700775999664074,-79.39742010185242,19,medium,False,False,,park_trail,medium|park_trail|near_subway|near_park|near_major_road,"Medium park trail station near subway, near a park or trail and on a major road.",Davisville Centre Entrance,242,True,Fiona Nelson Parkette,204,True,The Al Green Gallery / Green Family Companies,522,False,Yonge Street,33,True,False,False,True,3.28,3.75,-0.47,medium,low,"Small residential or park-adjacent station; if full, alternatives may be farther away.",gbfs|osm|ridership,"base metadata (name, lat/lon, capacity, charging) from GBFS station_information; spatial context (nearest subway, park, tourist, major road) from OpenStreetMap Overpass API; ridership stats from Toronto Open Data 2025–2026 annual ZIPs"
7580,Hillsdale Ave W / Yonge St,43.7029672,-79.3979073,15,small,False,False,,park_trail,small|park_trail|near_subway|near_park|near_major_road,"Small park trail station near subway, near a park or trail and on a major road.",Yonge St Entrance,267,True,Hillsdale Avenue Park,159,True,The Al Green Gallery / Green Family Companies,758,False,Yonge Street,42,True,False,False,True,4.03,4.54,-0.52,medium,low,"Small residential or park-adjacent station; if full, alternatives may be farther away.",gbfs|osm|ridership,"base metadata (name, lat/lon, capacity, charging) from GBFS station_information; spatial context (nearest subway, park, tourist, major road) from OpenStreetMap Overpass API; ridership stats from Toronto Open Data 2025–2026 annual ZIPs"
7581,High Park Ave / Dundas St W,43.6653032,-79.4701178,15,small,False,False,,park_trail,small|park_trail|near_park|near_major_road,Small park trail station near a park or trail and on a major road.,High Park Avenue,1295,False,Vine Avenue Playground,189,True,Fly on the Wall Gallery,1423,False,Dundas Street West,26,True,False,False,True,6.77,6.68,0.09,medium,low,"Small residential or park-adjacent station; if full, alternatives may be farther away.",gbfs|osm|ridership,"base metadata (name, lat/lon, capacity, charging) from GBFS station_information; spatial context (nearest subway, park, tourist, major road) from OpenStreetMap Overpass API; ridership stats from Toronto Open Data 2025–2026 annual ZIPs"
7582,Alameda Ave / Vaughan Rd - SMART,43.690903,-79.4375028,16,medium,False,False,,park_trail,medium|park_trail|near_park,Medium park trail station near a park or trail.,Cedarvale Entrance,861,False,,234,True,Little House,1132,False,Eglinton Avenue West,803,False,False,False,True,0.82,0.95,-0.13,medium,low,"Small residential or park-adjacent station; if full, alternatives may be farther away.",gbfs|osm|ridership,"base metadata (name, lat/lon, capacity, charging) from GBFS station_information; spatial context (nearest subway, park, tourist, major road) from OpenStreetMap Overpass API; ridership stats from Toronto Open Data 2025–2026 annual ZIPs"
7583,Eglinton Ave W / Scarlett Rd,43.6834703,-79.5108942,23,medium,False,False,,park_trail,medium|park_trail|near_park|near_major_road,Medium park trail station near a park or trail and on a major road.,Mount Dennis Station Main Entrance,1860,False,Scarlett Heights Park,113,True,Duck pond,1434,False,Scarlett Road,17,True,False,False,True,2.82,2.6,0.22,medium,low,"Small residential or park-adjacent station; if full, alternatives may be farther away.",gbfs|osm|ridership,"base metadata (name, lat/lon, capacity, charging) from GBFS station_information; spatial context (nearest subway, park, tourist, major road) from OpenStreetMap Overpass API; ridership stats from Toronto Open Data 2025–2026 annual ZIPs"
7584,The Pond Rd / Sentinel Rd,43.7696262,-79.5025943,27,large,False,False,,park_trail,large|park_trail|near_park,Large park trail station near a park or trail.,,480,False,The Roy McMurtry Green,126,True,The Basketweave,5690,False,Keele Street,789,False,False,False,True,2.81,3.09,-0.29,medium,low,"Small residential or park-adjacent station; if full, alternatives may be farther away.",gbfs|osm|ridership,"base metadata (name, lat/lon, capacity, charging) from GBFS station_information; spatial context (nearest subway, park, tourist, major road) from OpenStreetMap Overpass API; ridership stats from Toronto Open Data 2025–2026 annual ZIPs"
7587,Dufferin St / Finch Corridor Trail,43.77299391821548,-79.46762962248485,19,medium,False,False,,residential,medium|residential|near_major_road,Medium residential station on a major road.,Four Winds Drive,2070,False,,685,False,John Mckenzie House,4514,False,Dufferin Street,69,True,False,False,True,0.64,0.69,-0.05,medium,low,"Small residential or park-adjacent station; if full, alternatives may be farther away.",gbfs|osm|ridership,"base metadata (name, lat/lon, capacity, charging) from GBFS station_information; spatial context (nearest subway, park, tourist, major road) from OpenStreetMap Overpass API; ridership stats from Toronto Open Data 2025–2026 annual ZIPs"
7588,G Ross Lord Park,43.7781116,-79.467963,19,medium,False,False,,residential,medium|residential,Medium residential station.,Four Winds Drive,2339,False,G. Ross Lord Park,654,False,John Mckenzie House,4594,False,Dufferin Street,93,False,False,False,True,1.05,1.06,-0.02,medium,low,"Small residential or park-adjacent station; if full, alternatives may be farther away.",gbfs|osm|ridership,"base metadata (name, lat/lon, capacity, charging) from GBFS station_information; spatial context (nearest subway, park, tourist, major road) from OpenStreetMap Overpass API; ridership stats from Toronto Open Data 2025–2026 annual ZIPs"
7589,Torresdale Ave / Antibes Dr,43.77953,-79.45233,15,small,False,False,,park_trail,small|park_trail|near_park,Small park trail station near a park or trail.,Finch PPUDO Entrance,2863,False,,260,True,John Mckenzie House,3397,False,Bathurst Street,619,False,False,False,True,1.87,1.85,0.02,medium,low,"Small residential or park-adjacent station; if full, alternatives may be farther away.",gbfs|osm|ridership,"base metadata (name, lat/lon, capacity, charging) from GBFS station_information; spatial context (nearest subway, park, tourist, major road) from OpenStreetMap Overpass API; ridership stats from Toronto Open Data 2025–2026 annual ZIPs"
7590,Esther Shiner Stadium,43.7774374,-79.4447096,23,medium,False,False,,park_trail,medium|park_trail|near_park|near_major_road,Medium park trail station near a park or trail and on a major road.,Finch PPUDO Entrance,2296,False,,257,True,John Mckenzie House,2747,False,Bathurst Street,65,True,False,False,True,1.68,1.65,0.02,medium,low,"Small residential or park-adjacent station; if full, alternatives may be farther away.",gbfs|osm|ridership,"base metadata (name, lat/lon, capacity, charging) from GBFS station_information; spatial context (nearest subway, park, tourist, major road) from OpenStreetMap Overpass API; ridership stats from Toronto Open Data 2025–2026 annual ZIPs"
7591,Elwood Blvd / Avenue Rd,43.707049,-79.40966,23,medium,False,False,,suburban_node,medium|suburban_node|near_subway|near_major_road,Medium suburban node station near subway and on a major road.,,272,True,Eglinton Park,352,False,The Al Green Gallery / Green Family Companies,1693,False,Avenue Road,26,True,False,False,True,1.2,1.1,0.1,medium,low,Suburban or lower-demand area; alternatives may require a longer detour.,gbfs|osm|ridership,"base metadata (name, lat/lon, capacity, charging) from GBFS station_information; spatial context (nearest subway, park, tourist, major road) from OpenStreetMap Overpass API; ridership stats from Toronto Open Data 2025–2026 annual ZIPs"
7593,Roehampton Ave / Bayview Ave,43.711751,-79.378615,27,large,False,False,,park_trail,large|park_trail|near_subway|near_park,Large park trail station near subway and near a park or trail.,Leaside,115,True,Charlotte Maher Park,178,True,4CATS Art Studio,1318,False,Eglinton Avenue East,106,False,False,False,True,2.54,2.92,-0.37,medium,low,"Small residential or park-adjacent station; if full, alternatives may be farther away.",gbfs|osm|ridership,"base metadata (name, lat/lon, capacity, charging) from GBFS station_information; spatial context (nearest subway, park, tourist, major road) from OpenStreetMap Overpass API; ridership stats from Toronto Open Data 2025–2026 annual ZIPs"
7594,Fleming Cres / Bayview Ave,43.707045,-79.375437,15,small,False,False,,park_trail,small|park_trail|near_park|near_major_road,Small park trail station near a park or trail and on a major road.,Leaside,443,False,Father Caulfield Park,229,True,4CATS Art Studio,745,False,Bayview Avenue,19,True,False,False,True,5.06,5.23,-0.17,medium,low,"Small residential or park-adjacent station; if full, alternatives may be farther away.",gbfs|osm|ridership,"base metadata (name, lat/lon, capacity, charging) from GBFS station_information; spatial context (nearest subway, park, tourist, major road) from OpenStreetMap Overpass API; ridership stats from Toronto Open Data 2025–2026 annual ZIPs"
7595,Moore Park,43.693256,-79.383238,15,small,False,False,,park_trail,small|park_trail|near_park,Small park trail station near a park or trail.,,979,False,Moorevale Park,88,True,The Al Green Gallery / Green Family Companies,962,False,Mount Pleasant Road,96,False,False,False,True,3.43,3.22,0.21,medium,low,"Small residential or park-adjacent station; if full, alternatives may be farther away.",gbfs|osm|ridership,"base metadata (name, lat/lon, capacity, charging) from GBFS station_information; spatial context (nearest subway, park, tourist, major road) from OpenStreetMap Overpass API; ridership stats from Toronto Open Data 2025–2026 annual ZIPs"
7596,Langford Ave / Danforth Ave - SMART,43.6800218,-79.3405681,32,large,False,False,,park_trail,large|park_trail|near_subway|near_park|near_major_road,"Large park trail station near subway, near a park or trail and on a major road.",Donlands,250,True,Langford Parkette,91,True,The Danforth Art Studio,1183,False,Danforth Avenue,27,True,False,False,True,8.56,12.56,-4.0,medium,low,"Small residential or park-adjacent station; if full, alternatives may be farther away.",gbfs|osm|ridership,"base metadata (name, lat/lon, capacity, charging) from GBFS station_information; spatial context (nearest subway, park, tourist, major road) from OpenStreetMap Overpass API; ridership stats from Toronto Open Data 2025–2026 annual ZIPs"
7597,Yonge St / Golfdale Rd,43.732016,-79.403637,15,small,False,False,,park_trail,small|park_trail|near_park,Small park trail station near a park or trail.,Ranleigh Av Entrance,472,False,Yonge Boulevard Parkette,252,True,C.W. Jefferys house,1584,False,Yonge Street,98,False,False,False,True,0.71,0.83,-0.12,medium,low,"Small residential or park-adjacent station; if full, alternatives may be farther away.",gbfs|osm|ridership,"base metadata (name, lat/lon, capacity, charging) from GBFS station_information; spatial context (nearest subway, park, tourist, major road) from OpenStreetMap Overpass API; ridership stats from Toronto Open Data 2025–2026 annual ZIPs"
7598,Teddington Park Ave,43.732975,-79.40401,15,small,False,False,,park_trail,small|park_trail|near_park|near_major_road,Small park trail station near a park or trail and on a major road.,Ranleigh Av Entrance,582,False,Yonge Boulevard Parkette,143,True,C.W. Jefferys house,1474,False,Yonge Street,19,True,False,False,True,1.41,1.42,-0.01,medium,low,"Small residential or park-adjacent station; if full, alternatives may be farther away.",gbfs|osm|ridership,"base metadata (name, lat/lon, capacity, charging) from GBFS station_information; spatial context (nearest subway, park, tourist, major road) from OpenStreetMap Overpass API; ridership stats from Toronto Open Data 2025–2026 annual ZIPs"
7599,Richmond St W / York St,43.650745,-79.383633,17,medium,False,False,,transit_hub,medium|transit_hub|downtown_core|near_subway|near_park|near_tourist|near_major_road,"Medium transit hub station near subway, in the downtown core, near tourist or event venues, near a park or trail and on a major road.",Four Seasons Entrance,193,True,,164,True,Nathan Phillips Square,212,True,Richmond Street West,55,True,False,True,False,29.99,33.16,-3.17,very_high,low,"Large capacity helps, but downtown commuter demand can change quickly; check alternatives early.",gbfs|osm|ridership,"base metadata (name, lat/lon, capacity, charging) from GBFS station_information; spatial context (nearest subway, park, tourist, major road) from OpenStreetMap Overpass API; ridership stats from Toronto Open Data 2025–2026 annual ZIPs"
7600,Ursula Franklin St / Huron St - SMART,43.660274,-79.398049,20,medium,False,False,,tourist_event,medium|tourist_event|downtown_core|near_park|near_tourist,"Medium tourist event station in the downtown core, near tourist or event venues and near a park or trail.",University / College Northwest Entrance,585,False,Front Campus,285,True,"Ukrainian Museum of Canada, Ontario Branch",376,True,Spadina Crescent,156,False,False,True,False,18.05,23.64,-5.58,high,low,Tourist or event-area station; demand may spike around weekends and events.,gbfs|osm|ridership,"base metadata (name, lat/lon, capacity, charging) from GBFS station_information; spatial context (nearest subway, park, tourist, major road) from OpenStreetMap Overpass API; ridership stats from Toronto Open Data 2025–2026 annual ZIPs"
7601,Brick Works,43.683884,-79.36647,25,medium,False,False,,tourist_event,medium|tourist_event|near_park|near_tourist,Medium tourist event station near tourist or event venues and near a park or trail.,Broadview Avenue,1013,False,Don Valley Brick Works Park,164,True,Don Valley Brick Works,112,True,Bayview Avenue,113,False,False,False,False,12.98,12.54,0.44,high,low,Tourist or event-area station; demand may spike around weekends and events.,gbfs|osm|ridership,"base metadata (name, lat/lon, capacity, charging) from GBFS station_information; spatial context (nearest subway, park, tourist, major road) from OpenStreetMap Overpass API; ridership stats from Toronto Open Data 2025–2026 annual ZIPs"
7602,Woodbine Ave / O'Connor Dr,43.699281,-79.318802,19,medium,False,False,,residential,medium|residential|near_major_road,Medium residential station on a major road.,Woodbine / Strathmore Northwest Corner,1479,False,Stan Wadlow Park,401,False,Create Art Studio,1672,False,Woodbine Avenue,46,True,False,False,True,1.56,1.59,-0.03,medium,low,"Small residential or park-adjacent station; if full, alternatives may be farther away.",gbfs|osm|ridership,"base metadata (name, lat/lon, capacity, charging) from GBFS station_information; spatial context (nearest subway, park, tourist, major road) from OpenStreetMap Overpass API; ridership stats from Toronto Open Data 2025–2026 annual ZIPs"
7603,O'Connor Dr / Curity Ave,43.707582,-79.311439,14,small,False,False,,residential,small|residential|near_major_road,Small residential station on a major road.,Main Street,2205,False,Topham Park,480,False,Create Art Studio,2660,False,O'Connor Drive,50,True,False,False,True,1.1,1.12,-0.02,medium,low,"Small residential or park-adjacent station; if full, alternatives may be farther away.",gbfs|osm|ridership,"base metadata (name, lat/lon, capacity, charging) from GBFS station_information; spatial context (nearest subway, park, tourist, major road) from OpenStreetMap Overpass API; ridership stats from Toronto Open Data 2025–2026 annual ZIPs"
7604,St. Columba Pl / St. Clair Ave E,43.70567,-79.310554,19,medium,False,False,,residential,medium|residential|near_major_road,Medium residential station on a major road.,Main Street,1981,False,Taylor Creek Park,534,False,Create Art Studio,2471,False,St Clair Avenue East,27,True,False,False,True,1.82,1.68,0.15,medium,low,"Small residential or park-adjacent station; if full, alternatives may be farther away.",gbfs|osm|ridership,"base metadata (name, lat/lon, capacity, charging) from GBFS station_information; spatial context (nearest subway, park, tourist, major road) from OpenStreetMap Overpass API; ridership stats from Toronto Open Data 2025–2026 annual ZIPs"
7605,Lumsden Ave / Eastdale Ave,43.69413548199171,-79.30058718775287,20,medium,False,False,,residential,medium|residential,Medium residential station.,Main Street,571,False,Maryland Park,502,False,Create Art Studio,1826,False,Danforth Avenue,605,False,False,False,True,2.8,2.72,0.08,medium,low,"Small residential or park-adjacent station; if full, alternatives may be farther away.",gbfs|osm|ridership,"base metadata (name, lat/lon, capacity, charging) from GBFS station_information; spatial context (nearest subway, park, tourist, major road) from OpenStreetMap Overpass API; ridership stats from Toronto Open Data 2025–2026 annual ZIPs"
7606,Dawes Rd / Taylor Creek Trl,43.696631,-79.297436,19,medium,False,False,,residential,medium|residential,Medium residential station.,Crescent Town Bridge,602,False,Donora Park,390,False,Bell Estate,2006,False,Victoria Park Avenue,535,False,False,False,True,2.96,2.87,0.08,medium,low,"Small residential or park-adjacent station; if full, alternatives may be farther away.",gbfs|osm|ridership,"base metadata (name, lat/lon, capacity, charging) from GBFS station_information; spatial context (nearest subway, park, tourist, major road) from OpenStreetMap Overpass API; ridership stats from Toronto Open Data 2025–2026 annual ZIPs"
7607,Fairmount Park,43.6765897,-79.3163022,19,medium,False,False,,park_trail,medium|park_trail|near_park,Medium park trail station near a park or trail.,Coxwell,1001,False,Fairmount Park,84,True,Create Art Studio,873,False,Coxwell Avenue,347,False,False,False,True,3.74,3.47,0.27,medium,low,"Small residential or park-adjacent station; if full, alternatives may be farther away.",gbfs|osm|ridership,"base metadata (name, lat/lon, capacity, charging) from GBFS station_information; spatial context (nearest subway, park, tourist, major road) from OpenStreetMap Overpass API; ridership stats from Toronto Open Data 2025–2026 annual ZIPs"
7608,Wilket Creek Park,43.720645,-79.355474,27,large,False,False,,suburban_node,large|suburban_node,Large suburban node station.,Laird,1051,False,Serena Gundy Park,443,False,Water Feature,1704,False,Leslie Street,444,False,False,False,True,2.97,3.03,-0.06,medium,low,Suburban or lower-demand area; alternatives may require a longer detour.,gbfs|osm|ridership,"base metadata (name, lat/lon, capacity, charging) from GBFS station_information; spatial context (nearest subway, park, tourist, major road) from OpenStreetMap Overpass API; ridership stats from Toronto Open Data 2025–2026 annual ZIPs"
7609,Sunnybrook Park,43.720233,-79.362092,27,large,False,False,,suburban_node,large|suburban_node,Large suburban node station.,Laird,762,False,Serena Gundy Park,313,False,Water Feature,2039,False,Eglinton Avenue East,650,False,False,False,True,1.76,1.75,0.01,medium,low,Suburban or lower-demand area; alternatives may require a longer detour.,gbfs|osm|ridership,"base metadata (name, lat/lon, capacity, charging) from GBFS station_information; spatial context (nearest subway, park, tourist, major road) from OpenStreetMap Overpass API; ridership stats from Toronto Open Data 2025–2026 annual ZIPs"
7610,Kingston Rd / Beech Ave,43.680095,-79.291714,15,small,False,False,,park_trail,small|park_trail|near_park|near_major_road,Small park trail station near a park or trail and on a major road.,Main Street,1274,False,,94,True,Create Art Studio,2219,False,Kingston Road,37,True,False,False,True,4.51,4.6,-0.08,medium,low,"Small residential or park-adjacent station; if full, alternatives may be farther away.",gbfs|osm|ridership,"base metadata (name, lat/lon, capacity, charging) from GBFS station_information; spatial context (nearest subway, park, tourist, major road) from OpenStreetMap Overpass API; ridership stats from Toronto Open Data 2025–2026 annual ZIPs"
7611,Victoria Park Ave / Danforth Ave,43.691468,-79.288619,19,medium,False,False,,park_trail,medium|park_trail|near_park|near_major_road,Medium park trail station near a park or trail and on a major road.,Victoria Park Avenue,345,False,Lucy Tot Lot,260,True,Bell Estate,1898,False,Victoria Park Avenue,25,True,False,False,True,3.86,4.2,-0.34,medium,low,"Small residential or park-adjacent station; if full, alternatives may be farther away.",gbfs|osm|ridership,"base metadata (name, lat/lon, capacity, charging) from GBFS station_information; spatial context (nearest subway, park, tourist, major road) from OpenStreetMap Overpass API; ridership stats from Toronto Open Data 2025–2026 annual ZIPs"
7612,Livingston Rd / Guildwood Pkwy,43.747854,-79.199327,19,medium,False,False,,park_trail,medium|park_trail|near_park,Medium park trail station near a park or trail.,GO Station Entrance,5349,False,Rowatson Park,239,True,The Wishing Well,530,False,Kingston Road,560,False,False,False,True,0.81,0.78,0.03,medium,low,"Small residential or park-adjacent station; if full, alternatives may be farther away.",gbfs|osm|ridership,"base metadata (name, lat/lon, capacity, charging) from GBFS station_information; spatial context (nearest subway, park, tourist, major road) from OpenStreetMap Overpass API; ridership stats from Toronto Open Data 2025–2026 annual ZIPs"
7613,Livingston Rd (Highland Creek Trail),43.7561681,-79.2026694,19,medium,False,False,,residential,medium|residential,Medium residential station.,GO Station Entrance,5467,False,Cedar Ridge Park,399,False,The Wishing Well,1150,False,Kingston Road,168,False,False,False,True,0.5,0.5,0.01,medium,low,"Small residential or park-adjacent station; if full, alternatives may be farther away.",gbfs|osm|ridership,"base metadata (name, lat/lon, capacity, charging) from GBFS station_information; spatial context (nearest subway, park, tourist, major road) from OpenStreetMap Overpass API; ridership stats from Toronto Open Data 2025–2026 annual ZIPs"
7614,Morningside Park (Highland Creek Trail),43.779353,-79.193023,23,medium,False,False,,suburban_node,medium|suburban_node,Medium suburban node station.,GO Station Entrance,7613,False,Mornelle Commons,889,False,The Rock Walk,731,False,Morningside Avenue,172,False,False,False,True,2.11,2.15,-0.04,medium,low,Suburban or lower-demand area; alternatives may require a longer detour.,gbfs|osm|ridership,"base metadata (name, lat/lon, capacity, charging) from GBFS station_information; spatial context (nearest subway, park, tourist, major road) from OpenStreetMap Overpass API; ridership stats from Toronto Open Data 2025–2026 annual ZIPs"
7615,Colonel Danforth Park,43.7777114,-79.1659711,19,medium,False,False,,residential,medium|residential,Medium residential station.,GO Station Entrance,9225,False,Colonel Danforth Park,483,False,The Rock Walk,1904,False,Kingston Road,456,False,False,False,True,2.35,2.3,0.05,medium,low,"Small residential or park-adjacent station; if full, alternatives may be farther away.",gbfs|osm|ridership,"base metadata (name, lat/lon, capacity, charging) from GBFS station_information; spatial context (nearest subway, park, tourist, major road) from OpenStreetMap Overpass API; ridership stats from Toronto Open Data 2025–2026 annual ZIPs"
7616,Waterfront Trail (Rouge Hill),43.778015,-79.131911,19,medium,False,False,,waterfront,medium|waterfront,Medium waterfront station on the waterfront.,GO Station Entrance,11635,False,Port Union Village Common,305,False,The Rock Walk,4535,False,Lawrence Avenue East,280,False,True,False,False,6.23,6.31,-0.07,medium,low,Waterfront station; expect higher demand on warm-weather weekends.,gbfs|osm|ridership,"base metadata (name, lat/lon, capacity, charging) from GBFS station_information; spatial context (nearest subway, park, tourist, major road) from OpenStreetMap Overpass API; ridership stats from Toronto Open Data 2025–2026 annual ZIPs"
7617,Starspray Blvd / Lawrence Ave E,43.788525214554085,-79.1231844760227,19,medium,False,False,,residential,medium|residential,Medium residential station.,GO Station Entrance,12793,False,West Rouge Park,382,False,The Rock Walk,5193,False,Lawrence Avenue East,1101,False,False,False,True,1.56,1.57,-0.02,medium,low,"Small residential or park-adjacent station; if full, alternatives may be farther away.",gbfs|osm|ridership,"base metadata (name, lat/lon, capacity, charging) from GBFS station_information; spatial context (nearest subway, park, tourist, major road) from OpenStreetMap Overpass API; ridership stats from Toronto Open Data 2025–2026 annual ZIPs"
7618,Vaughan Rd / Oakwood Ave,43.6926825,-79.441042,11,small,False,False,,residential,small|residential,Small residential station.,,744,False,,376,False,Little House,1102,False,Eglinton Avenue West,531,False,False,False,True,1.73,1.72,0.01,medium,low,"Small residential or park-adjacent station; if full, alternatives may be farther away.",gbfs|osm|ridership,"base metadata (name, lat/lon, capacity, charging) from GBFS station_information; spatial context (nearest subway, park, tourist, major road) from OpenStreetMap Overpass API; ridership stats from Toronto Open Data 2025–2026 annual ZIPs"
7619,Braemar Ave / Eglinton Ave W,43.7041957,-79.4094472,15,small,False,False,,residential,small|residential|near_subway|near_major_road,Small residential station near subway and on a major road.,,74,True,Kay Gardner Beltline Park,474,False,The Al Green Gallery / Green Family Companies,1481,False,Eglinton Avenue West,23,True,False,False,True,4.06,3.95,0.12,medium,low,"Small residential or park-adjacent station; if full, alternatives may be farther away.",gbfs|osm|ridership,"base metadata (name, lat/lon, capacity, charging) from GBFS station_information; spatial context (nearest subway, park, tourist, major road) from OpenStreetMap Overpass API; ridership stats from Toronto Open Data 2025–2026 annual ZIPs"
7620,Eglinton Ave E / Redpath Ave,43.7078691,-79.39248,31,large,False,False,,suburban_node,large|suburban_node|near_subway|near_major_road,Large suburban node station near subway and on a major road.,,184,True,Dunfield Park,322,False,The Al Green Gallery / Green Family Companies,1250,False,Eglinton Avenue East,25,True,False,False,True,9.09,14.16,-5.07,medium,low,Suburban or lower-demand area; alternatives may require a longer detour.,gbfs|osm|ridership,"base metadata (name, lat/lon, capacity, charging) from GBFS station_information; spatial context (nearest subway, park, tourist, major road) from OpenStreetMap Overpass API; ridership stats from Toronto Open Data 2025–2026 annual ZIPs"
7622,Marie Curtis Park,43.5880774,-79.5432067,23,medium,False,False,,waterfront,medium|waterfront,Medium waterfront station on the waterfront.,Kipling Station North Parking Lot,5475,False,Marie Curtis Park,340,False,L Space,2415,False,Lake Shore Boulevard West,271,False,True,False,False,4.32,4.19,0.13,medium,low,Waterfront station; expect higher demand on warm-weather weekends.,gbfs|osm|ridership,"base metadata (name, lat/lon, capacity, charging) from GBFS station_information; spatial context (nearest subway, park, tourist, major road) from OpenStreetMap Overpass API; ridership stats from Toronto Open Data 2025–2026 annual ZIPs"
7623,Royal York Rd / Lake Shore Blvd W,43.603384682309645,-79.49310512460633,19,medium,False,False,,waterfront,medium|waterfront|near_major_road,Medium waterfront station on the waterfront and on a major road.,Kipling,5113,False,Sand Beach Road Parkette,375,False,Lakeshore Arts,1279,False,Lake Shore Boulevard West,28,True,True,False,False,3.42,3.38,0.04,medium,low,Waterfront station; expect higher demand on warm-weather weekends.,gbfs|osm|ridership,"base metadata (name, lat/lon, capacity, charging) from GBFS station_information; spatial context (nearest subway, park, tourist, major road) from OpenStreetMap Overpass API; ridership stats from Toronto Open Data 2025–2026 annual ZIPs"
7624,Guildwood GO Station (South),43.754978,-79.1971289,11,small,False,False,,park_trail,small|park_trail|near_park,Small park trail station near a park or trail.,GO Station Entrance,5806,False,,296,True,The Wishing Well,784,False,Kingston Road,269,False,False,False,True,0.74,0.69,0.06,medium,low,"Small residential or park-adjacent station; if full, alternatives may be farther away.",gbfs|osm|ridership,"base metadata (name, lat/lon, capacity, charging) from GBFS station_information; spatial context (nearest subway, park, tourist, major road) from OpenStreetMap Overpass API; ridership stats from Toronto Open Data 2025–2026 annual ZIPs"
7625,Yonge St / Lawrence Ave E,43.72514086048914,-79.40102575396726,23,medium,False,False,,park_trail,medium|park_trail|near_subway|near_park|near_major_road,"Medium park trail station near subway, near a park or trail and on a major road.",Lawrence,178,True,George Milbrandt Parkette,78,True,C.W. Jefferys house,2373,False,Lawrence Avenue East,43,True,False,False,True,3.7,4.16,-0.46,medium,low,"Small residential or park-adjacent station; if full, alternatives may be farther away.",gbfs|osm|ridership,"base metadata (name, lat/lon, capacity, charging) from GBFS station_information; spatial context (nearest subway, park, tourist, major road) from OpenStreetMap Overpass API; ridership stats from Toronto Open Data 2025–2026 annual ZIPs"
7626,Rouge Hill GO Station,43.7805505,-79.1301203,25,medium,False,False,,suburban_node,medium|suburban_node,Medium suburban node station.,GO Station Entrance,11888,False,,483,False,The Rock Walk,4641,False,Lawrence Avenue East,119,False,False,False,True,2.2,2.27,-0.07,medium,low,Suburban or lower-demand area; alternatives may require a longer detour.,gbfs|osm|ridership,"base metadata (name, lat/lon, capacity, charging) from GBFS station_information; spatial context (nearest subway, park, tourist, major road) from OpenStreetMap Overpass API; ridership stats from Toronto Open Data 2025–2026 annual ZIPs"
7627,Shaw St / Essex St - SMART,43.667076,-79.425116,15,small,False,False,,residential,small|residential,Small residential station.,Ossington Avenue,519,False,Christie Pits Park,423,False,Adventure Alley Toronto,1471,False,Dupont Street,408,False,False,False,True,19.61,19.97,-0.36,high,low,"Small residential or park-adjacent station; if full, alternatives may be farther away.",gbfs|osm|ridership,"base metadata (name, lat/lon, capacity, charging) from GBFS station_information; spatial context (nearest subway, park, tourist, major road) from OpenStreetMap Overpass API; ridership stats from Toronto Open Data 2025–2026 annual ZIPs"
7629,Lundy Ave / Étienne Brûlé Park,43.6625395,-79.5030161,15,small,False,False,,park_trail,small|park_trail|near_park,Small park trail station near a park or trail.,Old Mill Trail,1530,False,Lambton Park,189,True,Duck pond,1306,False,Dundas Street West,144,False,False,False,True,3.08,2.94,0.14,medium,low,"Small residential or park-adjacent station; if full, alternatives may be farther away.",gbfs|osm|ridership,"base metadata (name, lat/lon, capacity, charging) from GBFS station_information; spatial context (nearest subway, park, tourist, major road) from OpenStreetMap Overpass API; ridership stats from Toronto Open Data 2025–2026 annual ZIPs"
7630,Twelfth St / Thirteenth St,43.6002896,-79.5108692,23,medium,False,False,,waterfront,medium|waterfront|near_park|near_major_road,"Medium waterfront station on the waterfront, near a park or trail and on a major road.",Kipling,4600,False,Lakeshore Village Park,98,True,L Space,613,False,Lake Shore Boulevard West,79,True,True,False,False,1.84,1.74,0.1,medium,low,Waterfront station; expect higher demand on warm-weather weekends.,gbfs|osm|ridership,"base metadata (name, lat/lon, capacity, charging) from GBFS station_information; spatial context (nearest subway, park, tourist, major road) from OpenStreetMap Overpass API; ridership stats from Toronto Open Data 2025–2026 annual ZIPs"
7631,Florence Gell Park,43.66196582326018,-79.49851065277862,15,small,False,False,,park_trail,small|park_trail|near_park,Small park trail station near a park or trail.,Old Mill Trail,1353,False,Florence Gell Park,27,True,Duck pond,1622,False,Dundas Street West,393,False,False,False,True,2.12,1.99,0.13,medium,low,"Small residential or park-adjacent station; if full, alternatives may be farther away.",gbfs|osm|ridership,"base metadata (name, lat/lon, capacity, charging) from GBFS station_information; spatial context (nearest subway, park, tourist, major road) from OpenStreetMap Overpass API; ridership stats from Toronto Open Data 2025–2026 annual ZIPs"
7632,Chiltern Hill Rd / Eglinton Ave W,43.7004017,-79.4275305,17,medium,False,False,,park_trail,medium|park_trail|near_subway|near_park|near_major_road,"Medium park trail station near subway, near a park or trail and on a major road.",Forest Hill,106,True,Bathurst St Slopes,243,True,Little House,2446,False,Eglinton Avenue West,17,True,False,False,True,2.46,2.33,0.13,medium,low,"Small residential or park-adjacent station; if full, alternatives may be farther away.",gbfs|osm|ridership,"base metadata (name, lat/lon, capacity, charging) from GBFS station_information; spatial context (nearest subway, park, tourist, major road) from OpenStreetMap Overpass API; ridership stats from Toronto Open Data 2025–2026 annual ZIPs"
7633,Noble St / Queen St W,43.64226917409186,-79.42920979115014,15,small,False,False,,park_trail,small|park_trail|near_park|near_major_road,Small park trail station near a park or trail and on a major road.,Russett Avenue - E,2029,False,Dufferin Amphitheatre,14,True,InterAccess,478,False,Dufferin Street,48,True,False,False,True,12.97,13.51,-0.55,high,low,"Small residential or park-adjacent station; if full, alternatives may be farther away.",gbfs|osm|ridership,"base metadata (name, lat/lon, capacity, charging) from GBFS station_information; spatial context (nearest subway, park, tourist, major road) from OpenStreetMap Overpass API; ridership stats from Toronto Open Data 2025–2026 annual ZIPs"
7635,Runnymede Rd / Annette St,43.6596299,-79.4799176,15,small,False,False,,residential,small|residential,Small residential station.,Runnymeade Road,932,False,Maher Circle Parkette,353,False,High Park Labyrinth,1793,False,Dundas Street West,664,False,False,False,True,5.6,5.57,0.03,medium,low,"Small residential or park-adjacent station; if full, alternatives may be farther away.",gbfs|osm|ridership,"base metadata (name, lat/lon, capacity, charging) from GBFS station_information; spatial context (nearest subway, park, tourist, major road) from OpenStreetMap Overpass API; ridership stats from Toronto Open Data 2025–2026 annual ZIPs"
7636,Bloor St W / Riverside Dr,43.647663,-79.487583,23,medium,False,False,,park_trail,medium|park_trail|near_park|near_major_road,Medium park trail station near a park or trail and on a major road.,Jane St,344,False,Traymore Park,94,True,High Park Labyrinth,1724,False,Bloor Street West,15,True,False,False,True,1.79,1.77,0.01,medium,low,"Small residential or park-adjacent station; if full, alternatives may be farther away.",gbfs|osm|ridership,"base metadata (name, lat/lon, capacity, charging) from GBFS station_information; spatial context (nearest subway, park, tourist, major road) from OpenStreetMap Overpass API; ridership stats from Toronto Open Data 2025–2026 annual ZIPs"
7637,Judson St / Royal York Rd,43.6162721,-79.4990363,19,medium,False,False,,waterfront,medium|waterfront|near_park|near_major_road,"Medium waterfront station on the waterfront, near a park or trail and on a major road.",Royal York,3683,False,Coronation Park,40,True,Lakeshore Arts,821,False,Royal York Road,49,True,True,False,False,4.8,5.07,-0.27,medium,low,Waterfront station; expect higher demand on warm-weather weekends.,gbfs|osm|ridership,"base metadata (name, lat/lon, capacity, charging) from GBFS station_information; spatial context (nearest subway, park, tourist, major road) from OpenStreetMap Overpass API; ridership stats from Toronto Open Data 2025–2026 annual ZIPs"
7639,135 Queens Wharf Rd - SMART,43.6399714,-79.39940399999999,16,medium,False,False,,tourist_event,medium|tourist_event|downtown_core|near_park|near_tourist,"Medium tourist event station in the downtown core, near tourist or event venues and near a park or trail.",University / King Southwest corner (on King),1427,False,Canoe Landing Park,255,True,The Ground Floor: Jumblies Theatre,81,True,Bathurst Street,140,False,False,True,False,9.57,9.99,-0.42,medium,low,Tourist or event-area station; demand may spike around weekends and events.,gbfs|osm|ridership,"base metadata (name, lat/lon, capacity, charging) from GBFS station_information; spatial context (nearest subway, park, tourist, major road) from OpenStreetMap Overpass API; ridership stats from Toronto Open Data 2025–2026 annual ZIPs"
7640,Spadina Rd / St. Clair Ave W,43.683979,-79.410657,15,small,False,False,,park_trail,small|park_trail|near_park|near_major_road,Small park trail station near a park or trail and on a major road.,"St. Clair Av West, South Entrance",369,False,Sir Winston Churchill Park,211,True,Spadina Museum,597,False,St. Clair Avenue West,75,True,False,False,True,2.85,3.1,-0.25,medium,low,"Small residential or park-adjacent station; if full, alternatives may be farther away.",gbfs|osm|ridership,"base metadata (name, lat/lon, capacity, charging) from GBFS station_information; spatial context (nearest subway, park, tourist, major road) from OpenStreetMap Overpass API; ridership stats from Toronto Open Data 2025–2026 annual ZIPs"
7641,Annette St / Dundas St W,43.6641174,-79.4588522,15,small,False,False,,park_trail,small|park_trail|near_park|near_major_road,Small park trail station near a park or trail and on a major road.,Dundas West,925,False,,73,True,Fly on the Wall Gallery,551,False,Dupont Street,37,True,False,False,True,8.32,8.8,-0.48,medium,low,"Small residential or park-adjacent station; if full, alternatives may be farther away.",gbfs|osm|ridership,"base metadata (name, lat/lon, capacity, charging) from GBFS station_information; spatial context (nearest subway, park, tourist, major road) from OpenStreetMap Overpass API; ridership stats from Toronto Open Data 2025–2026 annual ZIPs"
7642,Yonge St / St. Clair Ave,43.68850460000001,-79.39416076812287,19,medium,False,False,,tourist_event,medium|tourist_event|near_subway|near_park|near_tourist|near_major_road,"Medium tourist event station near subway, near tourist or event venues, near a park or trail and on a major road.",St. Clair Centre Entrance on Yonge,8,True,,273,True,Tunnel of Glam,88,True,Yonge Street,31,True,False,False,False,15.29,18.94,-3.65,high,low,Tourist or event-area station; demand may spike around weekends and events.,gbfs|osm|ridership,"base metadata (name, lat/lon, capacity, charging) from GBFS station_information; spatial context (nearest subway, park, tourist, major road) from OpenStreetMap Overpass API; ridership stats from Toronto Open Data 2025–2026 annual ZIPs"
7643,Oriole Pkwy / Kilbarry Rd,43.6954486,-79.4026176,19,medium,False,False,,park_trail,medium|park_trail|near_park|near_major_road,Medium park trail station near a park or trail and on a major road.,Davisville,510,False,Oriole Park,268,True,The Al Green Gallery / Green Family Companies,690,False,Oriole Parkway,20,True,False,False,True,2.48,2.47,0.02,medium,low,"Small residential or park-adjacent station; if full, alternatives may be farther away.",gbfs|osm|ridership,"base metadata (name, lat/lon, capacity, charging) from GBFS station_information; spatial context (nearest subway, park, tourist, major road) from OpenStreetMap Overpass API; ridership stats from Toronto Open Data 2025–2026 annual ZIPs"
7644,East Lynn Ave / Danforth Ave,43.6850809,-79.3149901,15,small,False,False,,tourist_event,small|tourist_event|near_subway|near_park|near_tourist|near_major_road,"Small tourist event station near subway, near tourist or event venues, near a park or trail and on a major road.",Woodbine / Strathmore Northwest Corner,214,True,East Lynn Park,103,True,Create Art Studio,313,True,Danforth Avenue,17,True,False,False,False,6.34,6.92,-0.58,medium,low,Tourist or event-area station; demand may spike around weekends and events.,gbfs|osm|ridership,"base metadata (name, lat/lon, capacity, charging) from GBFS station_information; spatial context (nearest subway, park, tourist, major road) from OpenStreetMap Overpass API; ridership stats from Toronto Open Data 2025–2026 annual ZIPs"
7645,University of Toronto Scarborough,43.7842419,-79.1849889,16,medium,False,False,,tourist_event,medium|tourist_event|near_tourist,Medium tourist event station near tourist or event venues.,GO Station Entrance,8456,False,,437,False,The Rock Walk,219,True,Ellesmere Road,333,False,False,False,False,0.76,0.78,-0.02,medium,low,Tourist or event-area station; demand may spike around weekends and events.,gbfs|osm|ridership,"base metadata (name, lat/lon, capacity, charging) from GBFS station_information; spatial context (nearest subway, park, tourist, major road) from OpenStreetMap Overpass API; ridership stats from Toronto Open Data 2025–2026 annual ZIPs"
7646,University Ave / Richmond St W,43.64981903446256,-79.38641270251617,13,small,False,False,,transit_hub,small|transit_hub|downtown_core|near_subway|near_park|near_tourist|near_major_road,"Small transit hub station near subway, in the downtown core, near tourist or event venues, near a park or trail and on a major road.","University / Queen, Southwest Entrance",97,True,,72,True,Campbell House Museum,155,True,University Avenue,26,True,False,True,False,18.59,19.88,-1.29,high,low,"Large capacity helps, but downtown commuter demand can change quickly; check alternatives early.",gbfs|osm|ridership,"base metadata (name, lat/lon, capacity, charging) from GBFS station_information; spatial context (nearest subway, park, tourist, major road) from OpenStreetMap Overpass API; ridership stats from Toronto Open Data 2025–2026 annual ZIPs"
7650,St. Clair West Subway Station - Heath St. W,43.686352,-79.415894,23,medium,False,False,,park_trail,medium|park_trail|near_subway|near_park,Medium park trail station near subway and near a park or trail.,Heath St Entrance,25,True,Tichester Park,190,True,Spadina Museum,1036,False,St. Clair Avenue West,283,False,False,False,True,3.25,3.1,0.14,medium,low,"Small residential or park-adjacent station; if full, alternatives may be farther away.",gbfs|osm|ridership,"base metadata (name, lat/lon, capacity, charging) from GBFS station_information; spatial context (nearest subway, park, tourist, major road) from OpenStreetMap Overpass API; ridership stats from Toronto Open Data 2025–2026 annual ZIPs"
7653,Bloor St W / Indian Rd,43.65537092178271,-79.45717422945427,15,small,False,False,,tourist_event,small|tourist_event|near_subway|near_park|near_tourist|near_major_road,"Small tourist event station near subway, near tourist or event venues, near a park or trail and on a major road.",Indian Grove,105,True,Indian Mound Traffic Island,155,True,Ukrainian Canadian Shevchenko,170,True,Bloor Street West,12,True,False,False,False,0.0,0.32,-0.32,low,low,Tourist or event-area station; demand may spike around weekends and events.,gbfs|osm|ridership,"base metadata (name, lat/lon, capacity, charging) from GBFS station_information; spatial context (nearest subway, park, tourist, major road) from OpenStreetMap Overpass API; ridership stats from Toronto Open Data 2025–2026 annual ZIPs"
7654,Bloor St W / Pacific Ave,43.65412449999999,-79.4636388,7,tiny,False,False,,residential,tiny|residential|near_subway,Tiny residential station near subway.,High Park Avenue,243,True,Bennett Park,311,False,Ukrainian Canadian Shevchenko,708,False,Bloor Street West,87,False,False,False,True,9.2,9.2,0.0,medium,low,"Small residential or park-adjacent station; if full, alternatives may be farther away.",gbfs|osm|ridership,"base metadata (name, lat/lon, capacity, charging) from GBFS station_information; spatial context (nearest subway, park, tourist, major road) from OpenStreetMap Overpass API; ridership stats from Toronto Open Data 2025–2026 annual ZIPs"
7655,Danforth Ave / Dewhurst Blvd,43.680207,-79.339243,15,small,False,False,,park_trail,small|park_trail|near_subway|near_park|near_major_road,"Small park trail station near subway, near a park or trail and on a major road.",Donlands,148,True,Langford Parkette,185,True,The Danforth Art Studio,1291,False,Danforth Avenue,26,True,False,False,True,6.87,8.68,-1.8,medium,low,"Small residential or park-adjacent station; if full, alternatives may be farther away.",gbfs|osm|ridership,"base metadata (name, lat/lon, capacity, charging) from GBFS station_information; spatial context (nearest subway, park, tourist, major road) from OpenStreetMap Overpass API; ridership stats from Toronto Open Data 2025–2026 annual ZIPs"
7656,Bloor St W / Brock Ave,43.6589882,-79.438715,11,small,False,False,,park_trail,small|park_trail|near_subway|near_park|near_major_road,"Small park trail station near subway, near a park or trail and on a major road.",Russett Avenue - E,191,True,Susan Tibaldi Parkette,87,True,213 Sterling Road,717,False,Bloor Street West,25,True,False,False,True,14.53,14.82,-0.29,high,low,"Small residential or park-adjacent station; if full, alternatives may be farther away.",gbfs|osm|ridership,"base metadata (name, lat/lon, capacity, charging) from GBFS station_information; spatial context (nearest subway, park, tourist, major road) from OpenStreetMap Overpass API; ridership stats from Toronto Open Data 2025–2026 annual ZIPs"
7657,1 Market St,43.6469928,-79.3706665,20,medium,True,False,,tourist_event,medium|tourist_event|downtown_core|near_park|near_tourist|near_major_road|charging_station,"Medium tourist event station in the downtown core, near tourist or event venues, near a park or trail and on a major road.",Yonge / Melinda,587,False,,131,True,The Market Gallery,254,True,Lower Jarvis Street,18,True,False,True,False,20.25,21.32,-1.06,high,low,Tourist or event-area station; demand may spike around weekends and events.,gbfs|osm|ridership,"base metadata (name, lat/lon, capacity, charging) from GBFS station_information; spatial context (nearest subway, park, tourist, major road) from OpenStreetMap Overpass API; ridership stats from Toronto Open Data 2025–2026 annual ZIPs"
7658,King's Mill Park,43.64920406876699,-79.49336334201408,27,large,False,False,,park_trail,large|park_trail|near_subway|near_park|near_major_road,"Large park trail station near subway, near a park or trail and on a major road.",Old Mill,104,True,Old Mill Site Park,299,True,High Park Labyrinth,2202,False,Bloor Street West,55,True,False,False,True,4.41,4.37,0.05,medium,low,"Small residential or park-adjacent station; if full, alternatives may be farther away.",gbfs|osm|ridership,"base metadata (name, lat/lon, capacity, charging) from GBFS station_information; spatial context (nearest subway, park, tourist, major road) from OpenStreetMap Overpass API; ridership stats from Toronto Open Data 2025–2026 annual ZIPs"
7659,Amroth Ave / Danforth Ave,43.6856128,-79.31168269999999,19,medium,False,False,,park_trail,medium|park_trail|near_subway|near_park|near_major_road,"Medium park trail station near subway, near a park or trail and on a major road.",Woodbine,117,True,Oakcrest Parkette,240,True,Create Art Studio,585,False,Danforth Avenue,46,True,False,False,True,5.54,6.63,-1.08,medium,low,"Small residential or park-adjacent station; if full, alternatives may be farther away.",gbfs|osm|ridership,"base metadata (name, lat/lon, capacity, charging) from GBFS station_information; spatial context (nearest subway, park, tourist, major road) from OpenStreetMap Overpass API; ridership stats from Toronto Open Data 2025–2026 annual ZIPs"
7660,285 Victoria St,43.656633,-79.379625,39,large,False,False,,transit_hub,large|transit_hub|downtown_core|near_subway|near_park|near_tourist|near_major_road,"Large transit hub station near subway, in the downtown core, near tourist or event venues, near a park or trail and on a major road.",Sankofa Square Elevator,74,True,Kerr Hall Quad,238,True,Sankofa Square,79,True,Dundas Street East,38,True,False,True,False,33.01,29.04,3.97,very_high,low,"Large capacity helps, but downtown commuter demand can change quickly; check alternatives early.",gbfs|osm|ridership,"base metadata (name, lat/lon, capacity, charging) from GBFS station_information; spatial context (nearest subway, park, tourist, major road) from OpenStreetMap Overpass API; ridership stats from Toronto Open Data 2025–2026 annual ZIPs"
7662,Beaty Ave / Queen St W,43.6393107,-79.4408141,19,medium,False,False,,park_trail,medium|park_trail|near_park|near_major_road,Medium park trail station near a park or trail and on a major road.,Dundas St West,2188,False,Beaty Avenue Parkette,103,True,XPACE Cultural Centre,1259,False,Queen Street West,48,True,False,False,True,18.38,18.91,-0.53,high,low,"Small residential or park-adjacent station; if full, alternatives may be farther away.",gbfs|osm|ridership,"base metadata (name, lat/lon, capacity, charging) from GBFS station_information; spatial context (nearest subway, park, tourist, major road) from OpenStreetMap Overpass API; ridership stats from Toronto Open Data 2025–2026 annual ZIPs"
7663,Kilgour Rd / Rumsey Rd,43.718039,-79.371914,17,medium,False,False,,residential,medium|residential,Medium residential station.,Laird,751,False,Kilgour Parkette,497,False,4CATS Art Studio,1952,False,Bayview Avenue,513,False,False,False,True,1.43,1.74,-0.31,medium,low,"Small residential or park-adjacent station; if full, alternatives may be farther away.",gbfs|osm|ridership,"base metadata (name, lat/lon, capacity, charging) from GBFS station_information; spatial context (nearest subway, park, tourist, major road) from OpenStreetMap Overpass API; ridership stats from Toronto Open Data 2025–2026 annual ZIPs"
7664,Sunnybrook Health Centre - L Wing,43.72268,-79.37644,15,small,False,False,,park_trail,small|park_trail|near_park,Small park trail station near a park or trail.,Leaside,1276,False,Stratford Park,298,True,4CATS Art Studio,2477,False,Bayview Avenue,227,False,False,False,True,1.6,2.19,-0.59,medium,low,"Small residential or park-adjacent station; if full, alternatives may be farther away.",gbfs|osm|ridership,"base metadata (name, lat/lon, capacity, charging) from GBFS station_information; spatial context (nearest subway, park, tourist, major road) from OpenStreetMap Overpass API; ridership stats from Toronto Open Data 2025–2026 annual ZIPs"
7665,Sunnybrook Health Centre - S Wing,43.720998,-79.377456,11,small,False,False,,park_trail,small|park_trail|near_park,Small park trail station near a park or trail.,Leaside,1086,False,Stratford Park,201,True,4CATS Art Studio,2301,False,Bayview Avenue,119,False,False,False,True,3.27,4.02,-0.76,medium,low,"Small residential or park-adjacent station; if full, alternatives may be farther away.",gbfs|osm|ridership,"base metadata (name, lat/lon, capacity, charging) from GBFS station_information; spatial context (nearest subway, park, tourist, major road) from OpenStreetMap Overpass API; ridership stats from Toronto Open Data 2025–2026 annual ZIPs"
7666,Dundas St W / St Helen's Ave - SMART,43.6504218,-79.4407647,26,large,False,False,,tourist_event,large|tourist_event|near_park|near_tourist|near_major_road,"Large tourist event station near tourist or event venues, near a park or trail and on a major road.",Lansdowne Avenue,972,False,Dundas-St. Clarens Parkette,175,True,XPACE Cultural Centre,92,True,College Street,2,True,False,False,False,7.01,8.81,-1.8,medium,low,Tourist or event-area station; demand may spike around weekends and events.,gbfs|osm|ridership,"base metadata (name, lat/lon, capacity, charging) from GBFS station_information; spatial context (nearest subway, park, tourist, major road) from OpenStreetMap Overpass API; ridership stats from Toronto Open Data 2025–2026 annual ZIPs"
7667,Spadina Ave / Sussex Ave ,43.66409979150254,-79.40279362757796,14,small,False,False,,tourist_event,small|tourist_event|downtown_core|near_park|near_tourist|near_major_road,"Small tourist event station in the downtown core, near tourist or event venues, near a park or trail and on a major road.",Spadina Road West Entrance,367,False,Robert Street Playground,174,True,"Ukrainian Museum of Canada, Ontario Branch",254,True,Spadina Avenue,27,True,False,True,False,16.85,27.24,-10.39,high,low,Tourist or event-area station; demand may spike around weekends and events.,gbfs|osm|ridership,"base metadata (name, lat/lon, capacity, charging) from GBFS station_information; spatial context (nearest subway, park, tourist, major road) from OpenStreetMap Overpass API; ridership stats from Toronto Open Data 2025–2026 annual ZIPs"
7668,Simcoe St / Dundas St W,43.655103,-79.389295,20,medium,True,False,,transit_hub,medium|transit_hub|downtown_core|near_subway|near_park|near_tourist|near_major_road|charging_station,"Medium transit hub station near subway, in the downtown core, near tourist or event venues, near a park or trail and on a major road.","University / Dundas, Northwest corner",43,True,,68,True,Toronto bicycle tour,152,True,Dundas Street West,50,True,False,True,False,28.74,40.38,-11.63,very_high,low,"Large capacity helps, but downtown commuter demand can change quickly; check alternatives early.",gbfs|osm|ridership,"base metadata (name, lat/lon, capacity, charging) from GBFS station_information; spatial context (nearest subway, park, tourist, major road) from OpenStreetMap Overpass API; ridership stats from Toronto Open Data 2025–2026 annual ZIPs"
7671,Yonge St / Montgomery Ave - SMART,43.70960859570095,-79.39915125005619,12,small,False,False,,residential,small|residential|near_subway|near_major_road,Small residential station near subway and on a major road.,,288,True,St. Clements - Yonge Parkette,400,False,The Al Green Gallery / Green Family Companies,1489,False,Yonge Street,16,True,False,False,True,3.48,3.84,-0.37,medium,low,"Small residential or park-adjacent station; if full, alternatives may be farther away.",gbfs|osm|ridership,"base metadata (name, lat/lon, capacity, charging) from GBFS station_information; spatial context (nearest subway, park, tourist, major road) from OpenStreetMap Overpass API; ridership stats from Toronto Open Data 2025–2026 annual ZIPs"
7675,1525 Dundas St W,43.64957,-79.432446,15,small,False,False,,park_trail,small|park_trail|near_park|near_major_road,Small park trail station near a park or trail and on a major road.,Russett Avenue - E,1176,False,McCormick Park,292,True,XPACE Cultural Centre,591,False,Dundas Street West,56,True,False,False,True,20.29,20.95,-0.67,high,low,"Small residential or park-adjacent station; if full, alternatives may be farther away.",gbfs|osm|ridership,"base metadata (name, lat/lon, capacity, charging) from GBFS station_information; spatial context (nearest subway, park, tourist, major road) from OpenStreetMap Overpass API; ridership stats from Toronto Open Data 2025–2026 annual ZIPs"
7676,York University (Glendon Campus) - SMART,43.727365488246306,-79.3814254607724,16,medium,False,False,,residential,medium|residential|near_major_road,Medium residential station on a major road.,Lawrence,1695,False,Cheltenham Park,303,False,C.W. Jefferys house,2901,False,Lawrence Avenue East,22,True,False,False,True,1.8,1.8,0.01,medium,low,"Small residential or park-adjacent station; if full, alternatives may be farther away.",gbfs|osm|ridership,"base metadata (name, lat/lon, capacity, charging) from GBFS station_information; spatial context (nearest subway, park, tourist, major road) from OpenStreetMap Overpass API; ridership stats from Toronto Open Data 2025–2026 annual ZIPs"
7677,1303 Yonge St - SMART,43.6846177,-79.39245919999999,15,small,False,False,,residential,small|residential|near_subway|near_major_road,Small residential station near subway and on a major road.,Shaftesbury Avenue Entrance,298,True,Pricefield Road Playground,455,False,Tunnel of Glam,540,False,Yonge Street,28,True,False,False,True,8.53,8.64,-0.11,medium,low,"Small residential or park-adjacent station; if full, alternatives may be farther away.",gbfs|osm|ridership,"base metadata (name, lat/lon, capacity, charging) from GBFS station_information; spatial context (nearest subway, park, tourist, major road) from OpenStreetMap Overpass API; ridership stats from Toronto Open Data 2025–2026 annual ZIPs"
7678,York University Station (South) - SMART,43.77345,-79.5002,16,medium,False,False,,park_trail,medium|park_trail|near_subway|near_park,Medium park trail station near subway and near a park or trail.,,15,True,Harry W. Arthurs Common,92,True,The Basketweave,6114,False,Keele Street,520,False,False,False,True,0.81,1.07,-0.26,medium,low,"Small residential or park-adjacent station; if full, alternatives may be farther away.",gbfs|osm|ridership,"base metadata (name, lat/lon, capacity, charging) from GBFS station_information; spatial context (nearest subway, park, tourist, major road) from OpenStreetMap Overpass API; ridership stats from Toronto Open Data 2025–2026 annual ZIPs"
7679,York University Station (North),43.7741,-79.5005,15,small,False,False,,park_trail,small|park_trail|near_subway|near_park,Small park trail station near subway and near a park or trail.,,15,True,Harry W. Arthurs Common,89,True,The Basketweave,6186,False,Keele Street,531,False,False,False,True,0.67,0.93,-0.25,medium,low,"Small residential or park-adjacent station; if full, alternatives may be farther away.",gbfs|osm|ridership,"base metadata (name, lat/lon, capacity, charging) from GBFS station_information; spatial context (nearest subway, park, tourist, major road) from OpenStreetMap Overpass API; ridership stats from Toronto Open Data 2025–2026 annual ZIPs"
7681,25 Booth Ave,43.6544839,-79.34105699999999,24,medium,True,False,,park_trail,medium|park_trail|near_park|charging_station,Medium park trail station near a park or trail.,Chester West,2796,False,McCleary Park,188,True,Tchotchke House (Crazy Doll House),1097,False,Lake Shore Boulevard East,87,False,False,False,True,7.39,5.81,1.57,medium,low,"Small residential or park-adjacent station; if full, alternatives may be farther away.",gbfs|osm|ridership,"base metadata (name, lat/lon, capacity, charging) from GBFS station_information; spatial context (nearest subway, park, tourist, major road) from OpenStreetMap Overpass API; ridership stats from Toronto Open Data 2025–2026 annual ZIPs"
7682,Bathurst St / Front St W,43.64134790000001,-79.4013882,35,large,False,False,,tourist_event,large|tourist_event|downtown_core|near_park|near_tourist|near_major_road,"Large tourist event station in the downtown core, near tourist or event venues, near a park or trail and on a major road.",University / King Southwest corner (on King),1482,False,Victoria Memorial Square,172,True,8-Inch Shell Gun (No. 406),274,True,Bathurst Street,28,True,False,True,False,67.16,70.25,-3.1,very_high,low,Tourist or event-area station; demand may spike around weekends and events.,gbfs|osm|ridership,"base metadata (name, lat/lon, capacity, charging) from GBFS station_information; spatial context (nearest subway, park, tourist, major road) from OpenStreetMap Overpass API; ridership stats from Toronto Open Data 2025–2026 annual ZIPs"
7684,Bay St / Harbour St ,43.64215,-79.377,23,medium,False,False,,transit_hub,medium|transit_hub|downtown_core|waterfront|near_subway|near_park|near_tourist|near_major_road,"Medium transit hub station near subway, in the downtown core, on the waterfront, near tourist or event venues, near a park or trail and on a major road.",Queens Quay - Ferry Docks,67,True,Harbour Square Park,254,True,Van Gogh Exhibit,222,True,Harbour Street,31,True,True,True,False,27.24,27.07,0.17,very_high,low,"Large capacity helps, but downtown commuter demand can change quickly; check alternatives early.",gbfs|osm|ridership,"base metadata (name, lat/lon, capacity, charging) from GBFS station_information; spatial context (nearest subway, park, tourist, major road) from OpenStreetMap Overpass API; ridership stats from Toronto Open Data 2025–2026 annual ZIPs"
7685,King St W / Brant St,43.645102,-79.39744979999999,23,medium,False,False,,park_trail,medium|park_trail|downtown_core|near_park|near_major_road,"Medium park trail station in the downtown core, near a park or trail and on a major road.",University / King Southwest corner (on King),1031,False,,85,True,The Ground Floor: Jumblies Theatre,641,False,King Street West,21,True,False,True,False,36.5,37.77,-1.28,very_high,low,"Small residential or park-adjacent station; if full, alternatives may be farther away.",gbfs|osm|ridership,"base metadata (name, lat/lon, capacity, charging) from GBFS station_information; spatial context (nearest subway, park, tourist, major road) from OpenStreetMap Overpass API; ridership stats from Toronto Open Data 2025–2026 annual ZIPs"
7686,Lower Jarvis St / The Esplanade,43.6478206,-79.3704721,15,small,False,False,,tourist_event,small|tourist_event|downtown_core|near_park|near_tourist|near_major_road,"Small tourist event station in the downtown core, near tourist or event venues, near a park or trail and on a major road.",Yonge / King Southeast corner,574,False,,40,True,The Market Gallery,180,True,Lower Jarvis Street,24,True,False,True,False,19.76,20.48,-0.72,high,low,Tourist or event-area station; demand may spike around weekends and events.,gbfs|osm|ridership,"base metadata (name, lat/lon, capacity, charging) from GBFS station_information; spatial context (nearest subway, park, tourist, major road) from OpenStreetMap Overpass API; ridership stats from Toronto Open Data 2025–2026 annual ZIPs"
7687,Bloor St W / Gladstone Ave - SMART,43.6602021,-79.4342726,12,small,False,False,,park_trail,small|park_trail|near_subway|near_park|near_major_road,"Small park trail station near subway, near a park or trail and on a major road.",Dufferin Street - East,81,True,Salem Parkette,274,True,Adventure Alley Toronto,1082,False,Bloor Street West,16,True,False,False,True,15.64,16.37,-0.73,high,low,"Small residential or park-adjacent station; if full, alternatives may be farther away.",gbfs|osm|ridership,"base metadata (name, lat/lon, capacity, charging) from GBFS station_information; spatial context (nearest subway, park, tourist, major road) from OpenStreetMap Overpass API; ridership stats from Toronto Open Data 2025–2026 annual ZIPs"
7688,High Park Blvd / Parkside Dr,43.64456431942226,-79.45737058972283,15,small,False,False,,residential,small|residential,Small residential station.,Keele Street,1228,False,High Park,470,False,Colborne Lodge,513,False,Parkside Drive,99,False,False,False,True,12.47,12.59,-0.12,high,low,"Small residential or park-adjacent station; if full, alternatives may be farther away.",gbfs|osm|ridership,"base metadata (name, lat/lon, capacity, charging) from GBFS station_information; spatial context (nearest subway, park, tourist, major road) from OpenStreetMap Overpass API; ridership stats from Toronto Open Data 2025–2026 annual ZIPs"
7691,Christie St / Dupont St,43.67168,-79.421192,19,medium,False,False,,park_trail,medium|park_trail|near_park|near_major_road,Medium park trail station near a park or trail and on a major road.,Christie Street,871,False,Frankel Lambert Park,245,True,Casa Loma,1189,False,Dupont Street,22,True,False,False,True,13.82,16.16,-2.34,high,low,"Small residential or park-adjacent station; if full, alternatives may be farther away.",gbfs|osm|ridership,"base metadata (name, lat/lon, capacity, charging) from GBFS station_information; spatial context (nearest subway, park, tourist, major road) from OpenStreetMap Overpass API; ridership stats from Toronto Open Data 2025–2026 annual ZIPs"
7692,85 Lee Ave,43.6700692,-79.2971326,26,large,True,False,,park_trail,large|park_trail|near_park|charging_station,Large park trail station near a park or trail.,Main Street,2137,False,Kew Gardens,231,True,Create Art Studio,2344,False,Woodbine Avenue,707,False,False,False,True,9.41,8.56,0.85,medium,low,"Small residential or park-adjacent station; if full, alternatives may be farther away.",gbfs|osm|ridership,"base metadata (name, lat/lon, capacity, charging) from GBFS station_information; spatial context (nearest subway, park, tourist, major road) from OpenStreetMap Overpass API; ridership stats from Toronto Open Data 2025–2026 annual ZIPs"
7693,Mutual St / Shuter St,43.654919677554936,-79.374960865926,23,medium,False,False,,tourist_event,medium|tourist_event|downtown_core|near_park|near_tourist,"Medium tourist event station in the downtown core, near tourist or event venues and near a park or trail.",Entrance by 2 Queen Street East,399,False,,57,True,Mackenzie House,280,True,Jarvis Street,100,False,False,True,False,51.18,56.3,-5.12,very_high,medium,Tourist or event-area station; demand may spike around weekends and events.,gbfs|osm|ridership,"base metadata (name, lat/lon, capacity, charging) from GBFS station_information; spatial context (nearest subway, park, tourist, major road) from OpenStreetMap Overpass API; ridership stats from Toronto Open Data 2025–2026 annual ZIPs"
7694,Victoria Park Ave / Dawes Rd,43.706466,-79.29511,19,medium,False,False,,park_trail,medium|park_trail|near_park|near_major_road,Medium park trail station near a park or trail and on a major road.,,1365,False,,10,True,Bell Estate,1536,False,Victoria Park Avenue,22,True,False,False,True,2.13,1.98,0.15,medium,low,"Small residential or park-adjacent station; if full, alternatives may be farther away.",gbfs|osm|ridership,"base metadata (name, lat/lon, capacity, charging) from GBFS station_information; spatial context (nearest subway, park, tourist, major road) from OpenStreetMap Overpass API; ridership stats from Toronto Open Data 2025–2026 annual ZIPs"
7695,Queen St E / Joseph Duggan Rd,43.6677628,-79.30811709999999,19,medium,False,False,,residential,medium|residential,Medium residential station.,Woodbine Avenue,2101,False,Jeff Sloan Park,344,False,Create Art Studio,2021,False,Woodbine Avenue,213,False,False,False,True,9.21,7.95,1.26,medium,low,"Small residential or park-adjacent station; if full, alternatives may be farther away.",gbfs|osm|ridership,"base metadata (name, lat/lon, capacity, charging) from GBFS station_information; spatial context (nearest subway, park, tourist, major road) from OpenStreetMap Overpass API; ridership stats from Toronto Open Data 2025–2026 annual ZIPs"
7696,Heyworth Cres / Kingston Rd,43.6750806,-79.3068697,19,medium,False,False,,residential,medium|residential|near_major_road,Medium residential station on a major road.,Woodbine,1342,False,Love Crescent Parkette,516,False,Create Art Studio,1395,False,Kingston Road,25,True,False,False,True,3.36,3.06,0.3,medium,low,"Small residential or park-adjacent station; if full, alternatives may be farther away.",gbfs|osm|ridership,"base metadata (name, lat/lon, capacity, charging) from GBFS station_information; spatial context (nearest subway, park, tourist, major road) from OpenStreetMap Overpass API; ridership stats from Toronto Open Data 2025–2026 annual ZIPs"
7698,St. Clair Ave W / Caledonia Rd,43.67566643384946,-79.45393093300397,14,small,False,False,,tourist_event,small|tourist_event|near_park|near_tourist|near_major_road,"Small tourist event station near tourist or event venues, near a park or trail and on a major road.",Wade Avenue,2031,False,St. Clair Gardens Parkette,233,True,MUSE Arts Creative Labs,60,True,St. Clair Avenue West,6,True,False,False,False,1.67,1.68,-0.01,medium,low,Tourist or event-area station; demand may spike around weekends and events.,gbfs|osm|ridership,"base metadata (name, lat/lon, capacity, charging) from GBFS station_information; spatial context (nearest subway, park, tourist, major road) from OpenStreetMap Overpass API; ridership stats from Toronto Open Data 2025–2026 annual ZIPs"
7699,St Clair Ave W / Oakwood Ave,43.678177,-79.435364,15,small,False,False,,park_trail,small|park_trail|near_park,Small park trail station near a park or trail.,"St. Clair Av West, South Entrance",1729,False,Mount Royal Parkette,285,True,Little House,1218,False,St. Clair Avenue West,151,False,False,False,True,3.1,2.84,0.26,medium,low,"Small residential or park-adjacent station; if full, alternatives may be farther away.",gbfs|osm|ridership,"base metadata (name, lat/lon, capacity, charging) from GBFS station_information; spatial context (nearest subway, park, tourist, major road) from OpenStreetMap Overpass API; ridership stats from Toronto Open Data 2025–2026 annual ZIPs"
7700,St. Clair Ave W / Robina Ave,43.68005,-79.43469,15,small,False,False,,park_trail,small|park_trail|near_park|near_major_road,Small park trail station near a park or trail and on a major road.,"St. Clair Av West, North Entrance",1614,False,Roseneath Park,231,True,Little House,1167,False,St. Clair Avenue West,20,True,False,False,True,4.14,4.52,-0.38,medium,low,"Small residential or park-adjacent station; if full, alternatives may be farther away.",gbfs|osm|ridership,"base metadata (name, lat/lon, capacity, charging) from GBFS station_information; spatial context (nearest subway, park, tourist, major road) from OpenStreetMap Overpass API; ridership stats from Toronto Open Data 2025–2026 annual ZIPs"
7701,Roncesvalles Ave / Fermanagh Ave,43.646314469245205,-79.44879407014527,18,medium,False,False,,residential,medium|residential,Medium residential station.,Dundas St West,1229,False,Charles G. Williams Park,454,False,XPACE Cultural Centre,877,False,Dundas Street West,607,False,False,False,True,18.44,18.95,-0.51,high,low,"Small residential or park-adjacent station; if full, alternatives may be farther away.",gbfs|osm|ridership,"base metadata (name, lat/lon, capacity, charging) from GBFS station_information; spatial context (nearest subway, park, tourist, major road) from OpenStreetMap Overpass API; ridership stats from Toronto Open Data 2025–2026 annual ZIPs"
7702,111 Broadview Ave,43.6593483,-79.34993659999999,18,medium,True,False,,park_trail,medium|park_trail|near_park|near_major_road|charging_station,Medium park trail station near a park or trail and on a major road.,Broadview Avenue,2056,False,Thompson Street Parkette,56,True,Toronto Chinese Archway,705,False,Broadview Avenue,13,True,False,False,True,15.41,17.12,-1.7,high,low,"Small residential or park-adjacent station; if full, alternatives may be farther away.",gbfs|osm|ridership,"base metadata (name, lat/lon, capacity, charging) from GBFS station_information; spatial context (nearest subway, park, tourist, major road) from OpenStreetMap Overpass API; ridership stats from Toronto Open Data 2025–2026 annual ZIPs"
7704,24 Mountjoy Ave,43.68049350289877,-79.33044552721375,19,medium,False,False,,park_trail,medium|park_trail|near_subway|near_park,Medium park trail station near subway and near a park or trail.,Greenwood,230,True,Felstead Park,149,True,Create Art Studio,1032,False,Danforth Avenue,162,False,False,False,True,2.31,3.35,-1.05,medium,low,"Small residential or park-adjacent station; if full, alternatives may be farther away.",gbfs|osm|ridership,"base metadata (name, lat/lon, capacity, charging) from GBFS station_information; spatial context (nearest subway, park, tourist, major road) from OpenStreetMap Overpass API; ridership stats from Toronto Open Data 2025–2026 annual ZIPs"
7705,Colgate Ave / Carlaw Ave,43.6623658,-79.3413344,19,medium,False,False,,park_trail,medium|park_trail|near_park|near_major_road,Medium park trail station near a park or trail and on a major road.,Lipton Avenue,1964,False,John Chang Neighbourhood Park,62,True,Tchotchke House (Crazy Doll House),510,False,Carlaw Avenue,69,True,False,False,True,16.6,15.23,1.36,high,low,"Small residential or park-adjacent station; if full, alternatives may be farther away.",gbfs|osm|ridership,"base metadata (name, lat/lon, capacity, charging) from GBFS station_information; spatial context (nearest subway, park, tourist, major road) from OpenStreetMap Overpass API; ridership stats from Toronto Open Data 2025–2026 annual ZIPs"
7706,Felstead Ave/Gillard Ave (Monarch Park),43.6791345,-79.3263159,27,large,False,False,,park_trail,large|park_trail|near_park,Large park trail station near a park or trail.,Linnsmore Crescent,490,False,Monarch Park,156,True,Create Art Studio,835,False,Coxwell Avenue,345,False,False,False,True,9.66,10.32,-0.66,medium,low,"Small residential or park-adjacent station; if full, alternatives may be farther away.",gbfs|osm|ridership,"base metadata (name, lat/lon, capacity, charging) from GBFS station_information; spatial context (nearest subway, park, tourist, major road) from OpenStreetMap Overpass API; ridership stats from Toronto Open Data 2025–2026 annual ZIPs"
7707,Coronation Park (Martin Goodman Trail),43.635007,-79.403341,19,medium,False,False,,tourist_event,medium|tourist_event|downtown_core|waterfront|near_park|near_tourist,"Medium tourist event station in the downtown core, on the waterfront, near tourist or event venues and near a park or trail.",University / King Southwest corner (on King),2025,False,June Callwood Park,198,True,Arcadia,301,True,Lake Shore Boulevard West,86,False,True,True,False,43.4,44.32,-0.92,very_high,medium,Tourist or event-area station; demand may spike around weekends and events.,gbfs|osm|ridership,"base metadata (name, lat/lon, capacity, charging) from GBFS station_information; spatial context (nearest subway, park, tourist, major road) from OpenStreetMap Overpass API; ridership stats from Toronto Open Data 2025–2026 annual ZIPs"
7708,101 Cedarvale Ave,43.6868681,-79.3110942,28,large,True,False,,suburban_node,large|suburban_node|near_subway|charging_station,Large suburban node station near subway.,Woodbine,133,True,Oakcrest Parkette,381,False,Create Art Studio,679,False,Danforth Avenue,84,False,False,False,True,3.08,7.88,-4.8,medium,low,Suburban or lower-demand area; alternatives may require a longer detour.,gbfs|osm|ridership,"base metadata (name, lat/lon, capacity, charging) from GBFS station_information; spatial context (nearest subway, park, tourist, major road) from OpenStreetMap Overpass API; ridership stats from Toronto Open Data 2025–2026 annual ZIPs"
7709,Beltline Trail / Yonge St,43.6962302,-79.39504339999999,23,medium,False,False,,tourist_event,medium|tourist_event|near_subway|near_park|near_tourist,"Medium tourist event station near subway, near tourist or event venues and near a park or trail.",Davisville,252,True,,99,True,The Al Green Gallery / Green Family Companies,85,True,Yonge Street,90,False,False,False,False,5.65,6.25,-0.6,medium,low,Tourist or event-area station; demand may spike around weekends and events.,gbfs|osm|ridership,"base metadata (name, lat/lon, capacity, charging) from GBFS station_information; spatial context (nearest subway, park, tourist, major road) from OpenStreetMap Overpass API; ridership stats from Toronto Open Data 2025–2026 annual ZIPs"
7710,11 Spadina Rd,43.6677246,-79.4041365,18,medium,True,False,,transit_hub,medium|transit_hub|downtown_core|near_subway|near_park|near_major_road|charging_station,"Medium transit hub station near subway, in the downtown core, near a park or trail and on a major road.",Spadina Road East Entrance,48,True,Paul Martel Park,77,True,"Ukrainian Museum of Canada, Ontario Branch",671,False,Spadina Road,18,True,False,True,False,14.24,21.98,-7.74,high,low,"Large capacity helps, but downtown commuter demand can change quickly; check alternatives early.",gbfs|osm|ridership,"base metadata (name, lat/lon, capacity, charging) from GBFS station_information; spatial context (nearest subway, park, tourist, major road) from OpenStreetMap Overpass API; ridership stats from Toronto Open Data 2025–2026 annual ZIPs"
7711,Havelock St / Dewson St,43.6554793,-79.4302462,15,small,False,False,,park_trail,small|park_trail|near_park,Small park trail station near a park or trail.,Dufferin Street - East,659,False,Dufferin Grove Park,197,True,XPACE Cultural Centre,931,False,Dufferin Street,266,False,False,False,True,6.17,6.92,-0.75,medium,low,"Small residential or park-adjacent station; if full, alternatives may be farther away.",gbfs|osm|ridership,"base metadata (name, lat/lon, capacity, charging) from GBFS station_information; spatial context (nearest subway, park, tourist, major road) from OpenStreetMap Overpass API; ridership stats from Toronto Open Data 2025–2026 annual ZIPs"
7712,Queen St W / Shaw St,43.6442457,-79.41610440000001,22,medium,False,False,,tourist_event,medium|tourist_event|downtown_core|near_park|near_tourist|near_major_road,"Medium tourist event station in the downtown core, near tourist or event venues, near a park or trail and on a major road.",Ossington Avenue,2175,False,Shaw Park,52,True,Koffler Gallery,314,True,Queen Street West,54,True,False,True,False,32.54,33.68,-1.13,very_high,low,Tourist or event-area station; demand may spike around weekends and events.,gbfs|osm|ridership,"base metadata (name, lat/lon, capacity, charging) from GBFS station_information; spatial context (nearest subway, park, tourist, major road) from OpenStreetMap Overpass API; ridership stats from Toronto Open Data 2025–2026 annual ZIPs"
7713,Temperance St / Bay St,43.6506,-79.381285,19,medium,False,True,"Mon-Fri 7:00AM-10:00AM, 4:00PM-6:00PM",transit_hub,medium|transit_hub|downtown_core|near_subway|near_park|near_tourist|near_major_road|superstation|valet_station,"Medium transit hub station staffed superstation, near subway, in the downtown core, near tourist or event venues, near a park or trail and on a major road.",Entrance from Hudson's Bay (via PATH),222,True,Arnell Plaza,106,True,Nathan Phillips Square,307,True,Bay Street,19,True,False,True,False,29.43,32.18,-2.76,very_high,low,"Superstation: staffed Mon-Fri 7:00AM-10:00AM, 4:00PM-6:00PM with unlimited dock capacity; reliable during those windows, but normal commuter pressure outside them.",gbfs|osm|ridership|superstation_page|valet_page,"base metadata (name, lat/lon, capacity, charging) from GBFS station_information; spatial context (nearest subway, park, tourist, major road) from OpenStreetMap Overpass API; ridership stats from Toronto Open Data 2025–2026 annual ZIPs; superstation flag from bikesharetoronto.com/superstations/; valet hours (Mon-Fri 7:00AM-10:00AM, 4:00PM-6:00PM) from bikesharetoronto.com/valet-stations/"
7715,Lumsden Ave / Cedarvale Ave,43.693187,-79.314283,11,small,False,False,,residential,small|residential,Small residential station.,Woodbine / Strathmore Northwest Corner,739,False,Everett Park,410,False,Create Art Studio,1056,False,Woodbine Avenue,133,False,False,False,True,5.34,5.57,-0.23,medium,low,"Small residential or park-adjacent station; if full, alternatives may be farther away.",gbfs|osm|ridership,"base metadata (name, lat/lon, capacity, charging) from GBFS station_information; spatial context (nearest subway, park, tourist, major road) from OpenStreetMap Overpass API; ridership stats from Toronto Open Data 2025–2026 annual ZIPs"
7716,Church St / The Esplanade,43.6469251,-79.3733192,19,medium,False,False,,tourist_event,medium|tourist_event|downtown_core|near_park|near_tourist,"Medium tourist event station in the downtown core, near tourist or event venues and near a park or trail.",Yonge / Melinda,390,False,,68,True,The Market Gallery,273,True,Front Street East,161,False,False,True,False,31.28,32.59,-1.31,very_high,low,Tourist or event-area station; demand may spike around weekends and events.,gbfs|osm|ridership,"base metadata (name, lat/lon, capacity, charging) from GBFS station_information; spatial context (nearest subway, park, tourist, major road) from OpenStreetMap Overpass API; ridership stats from Toronto Open Data 2025–2026 annual ZIPs"
7717,Niagara St / Portland St,43.642453431392845,-79.39959004344777,11,small,False,False,,tourist_event,small|tourist_event|downtown_core|near_park|near_tourist,"Small tourist event station in the downtown core, near tourist or event venues and near a park or trail.",University / King Southwest corner (on King),1297,False,Victoria Memorial Square,61,True,The Ground Floor: Jumblies Theatre,344,True,Front Street West,130,False,False,True,False,23.25,24.3,-1.05,high,medium,Tourist or event-area station; demand may spike around weekends and events.,gbfs|osm|ridership,"base metadata (name, lat/lon, capacity, charging) from GBFS station_information; spatial context (nearest subway, park, tourist, major road) from OpenStreetMap Overpass API; ridership stats from Toronto Open Data 2025–2026 annual ZIPs"
7718,St. Andrew's Playground Park,43.646552,-79.399586,11,small,False,False,,park_trail,small|park_trail|downtown_core|near_park|near_major_road,"Small park trail station in the downtown core, near a park or trail and on a major road.","University / Queen, Southwest Entrance",1111,False,St. Andrew's Playground,50,True,the industREALarts room,586,False,Adelaide Street West,69,True,False,True,False,33.62,35.84,-2.22,very_high,medium,"Small residential or park-adjacent station; if full, alternatives may be farther away.",gbfs|osm|ridership,"base metadata (name, lat/lon, capacity, charging) from GBFS station_information; spatial context (nearest subway, park, tourist, major road) from OpenStreetMap Overpass API; ridership stats from Toronto Open Data 2025–2026 annual ZIPs"
7719,Wolseley St / Augusta Ave,43.6484201,-79.40051919999999,28,large,False,False,,park_trail,large|park_trail|downtown_core|near_park|near_major_road,"Large park trail station in the downtown core, near a park or trail and on a major road.","University / Queen, Southwest Entrance",1115,False,The Alex Wilson Community Garden,126,True,the industREALarts room,576,False,Queen Street West,59,True,False,True,False,27.92,28.77,-0.85,very_high,low,"Small residential or park-adjacent station; if full, alternatives may be farther away.",gbfs|osm|ridership,"base metadata (name, lat/lon, capacity, charging) from GBFS station_information; spatial context (nearest subway, park, tourist, major road) from OpenStreetMap Overpass API; ridership stats from Toronto Open Data 2025–2026 annual ZIPs"
7720,King St W / Portland St ,43.644395,-79.40065430000001,31,large,False,False,,park_trail,large|park_trail|downtown_core|near_park|near_major_road,"Large park trail station in the downtown core, near a park or trail and on a major road.",University / King Southwest corner (on King),1301,False,Adelaide Place Parkette,115,True,the industREALarts room,525,False,King Street West,17,True,False,True,False,79.38,83.12,-3.74,very_high,medium,"Small residential or park-adjacent station; if full, alternatives may be farther away.",gbfs|osm|ridership,"base metadata (name, lat/lon, capacity, charging) from GBFS station_information; spatial context (nearest subway, park, tourist, major road) from OpenStreetMap Overpass API; ridership stats from Toronto Open Data 2025–2026 annual ZIPs"
7721,Widmer St / King St W,43.6463574,-79.391206,11,small,False,False,,tourist_event,small|tourist_event|downtown_core|near_park|near_tourist|near_major_road,"Small tourist event station in the downtown core, near tourist or event venues, near a park or trail and on a major road.",University / King Southwest corner (on King),510,False,,292,True,CBC Museum,364,True,King Street West,14,True,False,True,False,49.16,50.87,-1.7,very_high,medium,Tourist or event-area station; demand may spike around weekends and events.,gbfs|osm|ridership,"base metadata (name, lat/lon, capacity, charging) from GBFS station_information; spatial context (nearest subway, park, tourist, major road) from OpenStreetMap Overpass API; ridership stats from Toronto Open Data 2025–2026 annual ZIPs"
7728,Randolph Ave / Perth Ave,43.6585504,-79.4497659,19,medium,False,False,,park_trail,medium|park_trail|near_subway|near_park,Medium park trail station near subway and near a park or trail.,Dundas St West,298,True,Perth Avenue Parkette,30,True,Fly on the Wall Gallery,408,False,Bloor Street West,180,False,False,False,True,8.79,9.32,-0.54,medium,low,"Small residential or park-adjacent station; if full, alternatives may be farther away.",gbfs|osm|ridership,"base metadata (name, lat/lon, capacity, charging) from GBFS station_information; spatial context (nearest subway, park, tourist, major road) from OpenStreetMap Overpass API; ridership stats from Toronto Open Data 2025–2026 annual ZIPs"
7729,265 Armadale Ave,43.6501644,-79.48296909999999,45,very_large,True,False,,park_trail,very_large|park_trail|near_subway|near_park|near_major_road|charging_station,"Very large park trail station near subway, near a park or trail and on a major road.",Armdale Avenue,32,True,George Chater Park,259,True,High Park Labyrinth,1398,False,Bloor Street West,53,True,False,False,True,6.47,13.1,-6.64,medium,low,"Small residential or park-adjacent station; if full, alternatives may be farther away.",gbfs|osm|ridership,"base metadata (name, lat/lon, capacity, charging) from GBFS station_information; spatial context (nearest subway, park, tourist, major road) from OpenStreetMap Overpass API; ridership stats from Toronto Open Data 2025–2026 annual ZIPs"
7731,Victoria Park Ave / Kingston Rd,43.68035,-79.28357,15,small,False,False,,residential,small|residential|near_major_road,Small residential station on a major road.,Victoria Park Avenue,1643,False,Blantyre Park,393,False,Create Art Studio,2859,False,Kingston Road,67,True,False,False,True,3.31,3.32,-0.0,medium,low,"Small residential or park-adjacent station; if full, alternatives may be farther away.",gbfs|osm|ridership,"base metadata (name, lat/lon, capacity, charging) from GBFS station_information; spatial context (nearest subway, park, tourist, major road) from OpenStreetMap Overpass API; ridership stats from Toronto Open Data 2025–2026 annual ZIPs"
7732,Kingston Rd / Warden Ave,43.68824135931814,-79.27046628033244,15,small,False,False,,residential,small|residential|near_major_road,Small residential station on a major road.,Teesdale Place Entrance,1595,False,Cresentwood Park,412,False,Bell Estate,2014,False,Warden Avenue,64,True,False,False,True,1.54,1.51,0.02,medium,low,"Small residential or park-adjacent station; if full, alternatives may be farther away.",gbfs|osm|ridership,"base metadata (name, lat/lon, capacity, charging) from GBFS station_information; spatial context (nearest subway, park, tourist, major road) from OpenStreetMap Overpass API; ridership stats from Toronto Open Data 2025–2026 annual ZIPs"
7733,Pharmacy Ave / Danforth Ave,43.6929478,-79.28339980000001,15,small,False,False,,park_trail,small|park_trail|near_park|near_major_road,Small park trail station near a park or trail and on a major road.,Teesdale Place Entrance,437,False,Madelaine Park,148,True,Bell Estate,1557,False,Danforth Avenue,69,True,False,False,True,0.91,1.03,-0.12,medium,low,"Small residential or park-adjacent station; if full, alternatives may be farther away.",gbfs|osm|ridership,"base metadata (name, lat/lon, capacity, charging) from GBFS station_information; spatial context (nearest subway, park, tourist, major road) from OpenStreetMap Overpass API; ridership stats from Toronto Open Data 2025–2026 annual ZIPs"
7734,Danforth Ave / Warden Ave,43.6950192,-79.27180659999999,15,small,False,False,,park_trail,small|park_trail|near_park|near_major_road,Small park trail station near a park or trail and on a major road.,Teesdale Place Entrance,1276,False,Scotia Parkette,25,True,Bell Estate,1256,False,Danforth Avenue,34,True,False,False,True,0.79,0.72,0.07,medium,low,"Small residential or park-adjacent station; if full, alternatives may be farther away.",gbfs|osm|ridership,"base metadata (name, lat/lon, capacity, charging) from GBFS station_information; spatial context (nearest subway, park, tourist, major road) from OpenStreetMap Overpass API; ridership stats from Toronto Open Data 2025–2026 annual ZIPs"
7735,Birchcliff Ave / Kingston Rd,43.691688,-79.265027,15,small,False,False,,park_trail,small|park_trail|near_park|near_major_road,Small park trail station near a park or trail and on a major road.,Teesdale Place Entrance,1866,False,Avalon Parkette,148,True,Bell Estate,1811,False,Kingston Road,35,True,False,False,True,0.97,0.94,0.04,medium,low,"Small residential or park-adjacent station; if full, alternatives may be farther away.",gbfs|osm|ridership,"base metadata (name, lat/lon, capacity, charging) from GBFS station_information; spatial context (nearest subway, park, tourist, major road) from OpenStreetMap Overpass API; ridership stats from Toronto Open Data 2025–2026 annual ZIPs"
7736,Birchmount Rd / Kingston Rd,43.69401297794256,-79.26257204548136,15,small,False,False,,park_trail,small|park_trail|near_park|near_major_road,Small park trail station near a park or trail and on a major road.,Teesdale Place Entrance,2023,False,Avalon Parkette,187,True,Bell Estate,1708,False,Birchmount Road,73,True,False,False,True,0.85,0.74,0.1,medium,low,"Small residential or park-adjacent station; if full, alternatives may be farther away.",gbfs|osm|ridership,"base metadata (name, lat/lon, capacity, charging) from GBFS station_information; spatial context (nearest subway, park, tourist, major road) from OpenStreetMap Overpass API; ridership stats from Toronto Open Data 2025–2026 annual ZIPs"
7737,Kingston Rd / Glen Everest Rd,43.697490048103,-79.25655146462776,15,small,False,False,,park_trail,small|park_trail|near_park|near_major_road,Small park trail station near a park or trail and on a major road.,,2358,False,,192,True,Bell Estate,1823,False,Kingston Road,29,True,False,False,True,1.37,1.3,0.08,medium,low,"Small residential or park-adjacent station; if full, alternatives may be farther away.",gbfs|osm|ridership,"base metadata (name, lat/lon, capacity, charging) from GBFS station_information; spatial context (nearest subway, park, tourist, major road) from OpenStreetMap Overpass API; ridership stats from Toronto Open Data 2025–2026 annual ZIPs"
7738,Highview Ave / Kennedy Rd,43.702418581463505,-79.2563167072858,15,small,False,False,,park_trail,small|park_trail|near_park,Small park trail station near a park or trail.,Warden,2067,False,Highview Park,123,True,Bell Estate,1631,False,Danforth Avenue,118,False,False,False,True,1.34,1.22,0.12,medium,low,"Small residential or park-adjacent station; if full, alternatives may be farther away.",gbfs|osm|ridership,"base metadata (name, lat/lon, capacity, charging) from GBFS station_information; spatial context (nearest subway, park, tourist, major road) from OpenStreetMap Overpass API; ridership stats from Toronto Open Data 2025–2026 annual ZIPs"
7739,Kingston Rd / Ridgemoor Ave,43.70643614257429,-79.25104443353288,15,small,False,False,,residential,small|residential|near_major_road,Small residential station on a major road.,Warden,2310,False,,396,False,Bell Estate,2009,False,Kingston Road,18,True,False,False,True,2.06,2.05,0.02,medium,low,"Small residential or park-adjacent station; if full, alternatives may be farther away.",gbfs|osm|ridership,"base metadata (name, lat/lon, capacity, charging) from GBFS station_information; spatial context (nearest subway, park, tourist, major road) from OpenStreetMap Overpass API; ridership stats from Toronto Open Data 2025–2026 annual ZIPs"
7740,Sharpe St / Park St (Sandown Park),43.7105975,-79.2541175,15,small,False,False,,park_trail,small|park_trail|near_park,Small park trail station near a park or trail.,Warden,2004,False,Sandown Park,91,True,Bell Estate,1837,False,Kingston Road,395,False,False,False,True,0.52,0.51,0.01,medium,low,"Small residential or park-adjacent station; if full, alternatives may be farther away.",gbfs|osm|ridership,"base metadata (name, lat/lon, capacity, charging) from GBFS station_information; spatial context (nearest subway, park, tourist, major road) from OpenStreetMap Overpass API; ridership stats from Toronto Open Data 2025–2026 annual ZIPs"
7741,Howard Park Ave / Parkside Dr,43.648657,-79.458111,15,small,False,False,,residential,small|residential|near_major_road,Small residential station on a major road.,Keele Street,770,False,Indian Valley Crescent,336,False,High Park Labyrinth,676,False,Parkside Drive,27,True,False,False,True,3.41,3.46,-0.06,medium,low,"Small residential or park-adjacent station; if full, alternatives may be farther away.",gbfs|osm|ridership,"base metadata (name, lat/lon, capacity, charging) from GBFS station_information; spatial context (nearest subway, park, tourist, major road) from OpenStreetMap Overpass API; ridership stats from Toronto Open Data 2025–2026 annual ZIPs"
7742,Eglinton Ave W / Prospect Cemetery,43.69415,-79.45782580000001,19,medium,False,False,,residential,medium|residential|near_major_road,Medium residential station on a major road.,Fairbank,600,False,,513,False,Little House,1361,False,Eglinton Avenue West,20,True,False,False,True,0.6,0.69,-0.09,medium,low,"Small residential or park-adjacent station; if full, alternatives may be farther away.",gbfs|osm|ridership,"base metadata (name, lat/lon, capacity, charging) from GBFS station_information; spatial context (nearest subway, park, tourist, major road) from OpenStreetMap Overpass API; ridership stats from Toronto Open Data 2025–2026 annual ZIPs"
7743,Eglinton Ave W / Gilbert Ave,43.69254716689966,-79.46332759272917,19,medium,False,False,,park_trail,medium|park_trail|near_park|near_major_road,Medium park trail station near a park or trail and on a major road.,Keelesdale,947,False,Eglinton Gilbert Parkette,59,True,Little House,1543,False,Eglinton Avenue West,40,True,False,False,True,0.69,0.82,-0.14,medium,low,"Small residential or park-adjacent station; if full, alternatives may be farther away.",gbfs|osm|ridership,"base metadata (name, lat/lon, capacity, charging) from GBFS station_information; spatial context (nearest subway, park, tourist, major road) from OpenStreetMap Overpass API; ridership stats from Toronto Open Data 2025–2026 annual ZIPs"
7744,Rogers Rd / Prospect Cemetery,43.68323,-79.455765,23,medium,False,False,,suburban_node,medium|suburban_node,Medium suburban node station.,Fairbank,1437,False,Nairn Park,373,False,Little House,629,False,Dufferin Street,818,False,False,False,True,1.13,1.09,0.04,medium,low,Suburban or lower-demand area; alternatives may require a longer detour.,gbfs|osm|ridership,"base metadata (name, lat/lon, capacity, charging) from GBFS station_information; spatial context (nearest subway, park, tourist, major road) from OpenStreetMap Overpass API; ridership stats from Toronto Open Data 2025–2026 annual ZIPs"
7745,Bert Robinson Park,43.688028,-79.460265,15,small,False,False,,park_trail,small|park_trail|near_park,Small park trail station near a park or trail.,Fairbank,1155,False,Bert Robinson Park,80,True,Little House,1073,False,Eglinton Avenue West,572,False,False,False,True,1.97,1.87,0.1,medium,low,"Small residential or park-adjacent station; if full, alternatives may be farther away.",gbfs|osm|ridership,"base metadata (name, lat/lon, capacity, charging) from GBFS station_information; spatial context (nearest subway, park, tourist, major road) from OpenStreetMap Overpass API; ridership stats from Toronto Open Data 2025–2026 annual ZIPs"
7746,Marlee Ave / York Beltline Trail,43.70163,-79.44099,19,medium,False,False,,residential,medium|residential,Medium residential station.,,444,False,Walter Saunders Memorial Park,432,False,Little House,2024,False,Eglinton Avenue West,420,False,False,False,True,2.85,2.59,0.26,medium,low,"Small residential or park-adjacent station; if full, alternatives may be farther away.",gbfs|osm|ridership,"base metadata (name, lat/lon, capacity, charging) from GBFS station_information; spatial context (nearest subway, park, tourist, major road) from OpenStreetMap Overpass API; ridership stats from Toronto Open Data 2025–2026 annual ZIPs"
7747,Eglinton Ave W / Ennerdale Rd,43.695032348609836,-79.45302971031188,15,small,False,False,,residential,small|residential|near_subway|near_major_road,Small residential station near subway and on a major road.,Fairbank,204,True,,367,False,Little House,1274,False,Eglinton Avenue West,23,True,False,False,True,1.0,0.88,0.12,medium,low,"Small residential or park-adjacent station; if full, alternatives may be farther away.",gbfs|osm|ridership,"base metadata (name, lat/lon, capacity, charging) from GBFS station_information; spatial context (nearest subway, park, tourist, major road) from OpenStreetMap Overpass API; ridership stats from Toronto Open Data 2025–2026 annual ZIPs"
7748,Bloor St W / Old Mill Trl,43.65016869999999,-79.4963345,19,medium,False,False,,residential,medium|residential|near_subway|near_major_road,Medium residential station near subway and on a major road.,Old Mill Trail,110,True,King's Mill Park,489,False,High Park Labyrinth,2453,False,Bloor Street West,39,True,False,False,True,2.88,2.96,-0.08,medium,low,"Small residential or park-adjacent station; if full, alternatives may be farther away.",gbfs|osm|ridership,"base metadata (name, lat/lon, capacity, charging) from GBFS station_information; spatial context (nearest subway, park, tourist, major road) from OpenStreetMap Overpass API; ridership stats from Toronto Open Data 2025–2026 annual ZIPs"
7749,Wendover Rd / Bloor St W (Green P),43.6492,-79.50601999999999,15,small,False,False,,residential,small|residential|near_subway|near_major_road,Small residential station near subway and on a major road.,Grenview Boulevard,180,True,Birchview Boulevard Parkette,771,False,MABELLEarts Pavilion,1850,False,Bloor Street West,68,True,False,False,True,2.03,2.04,-0.01,medium,low,"Small residential or park-adjacent station; if full, alternatives may be farther away.",gbfs|osm|ridership,"base metadata (name, lat/lon, capacity, charging) from GBFS station_information; spatial context (nearest subway, park, tourist, major road) from OpenStreetMap Overpass API; ridership stats from Toronto Open Data 2025–2026 annual ZIPs"
7750,Luttrell Ave / Danforth Ave,43.6897656,-79.2939525,15,small,False,False,,park_trail,small|park_trail|near_park|near_major_road,Small park trail station near a park or trail and on a major road.,Crescent Town Bridge,601,False,Maryland Park,254,True,Create Art Studio,2083,False,Danforth Avenue,57,True,False,False,True,1.72,1.79,-0.07,medium,low,"Small residential or park-adjacent station; if full, alternatives may be farther away.",gbfs|osm|ridership,"base metadata (name, lat/lon, capacity, charging) from GBFS station_information; spatial context (nearest subway, park, tourist, major road) from OpenStreetMap Overpass API; ridership stats from Toronto Open Data 2025–2026 annual ZIPs"
7751,Willingdon Blvd / Bloor St W (Green P),43.64817,-79.510392,15,small,False,False,,residential,small|residential|near_subway|near_major_road,Small residential station near subway and on a major road.,Royal York,73,True,Birchview Boulevard Parkette,402,False,MABELLEarts Pavilion,1482,False,Bloor Street West,59,True,False,False,True,3.28,3.23,0.05,medium,low,"Small residential or park-adjacent station; if full, alternatives may be farther away.",gbfs|osm|ridership,"base metadata (name, lat/lon, capacity, charging) from GBFS station_information; spatial context (nearest subway, park, tourist, major road) from OpenStreetMap Overpass API; ridership stats from Toronto Open Data 2025–2026 annual ZIPs"
7752,1926 Lake Shore Blvd W,43.6357643,-79.4674917,23,medium,False,False,,waterfront,medium|waterfront|near_park|near_major_road,"Medium waterfront station on the waterfront, near a park or trail and on a major road.",Kennedy Avenue,1899,False,Sir Casimir Gzowski Park,180,True,Colborne Lodge,791,False,Lake Shore Boulevard West,32,True,True,False,False,7.24,7.4,-0.16,medium,low,Waterfront station; expect higher demand on warm-weather weekends.,gbfs|osm|ridership,"base metadata (name, lat/lon, capacity, charging) from GBFS station_information; spatial context (nearest subway, park, tourist, major road) from OpenStreetMap Overpass API; ridership stats from Toronto Open Data 2025–2026 annual ZIPs"
7753,36 Park Lawn Rd,43.62369169999999,-79.4838132,15,small,False,False,,waterfront,small|waterfront|near_park|near_major_road,"Small waterfront station on the waterfront, near a park or trail and on a major road.",Bloor St W,2882,False,Flora Voisey Park,287,True,Lakeshore Arts,1106,False,Park Lawn Road,32,True,True,False,False,7.03,6.79,0.24,medium,low,Waterfront station; expect higher demand on warm-weather weekends.,gbfs|osm|ridership,"base metadata (name, lat/lon, capacity, charging) from GBFS station_information; spatial context (nearest subway, park, tourist, major road) from OpenStreetMap Overpass API; ridership stats from Toronto Open Data 2025–2026 annual ZIPs"
7754,Walter Saunders Park,43.699327072589426,-79.4493630391668,15,small,False,False,,park_trail,small|park_trail|near_park,Small park trail station near a park or trail.,Fairbank,407,False,J.T.Watson Park,268,True,Little House,1690,False,Dufferin Street,166,False,False,False,True,2.03,1.83,0.2,medium,low,"Small residential or park-adjacent station; if full, alternatives may be farther away.",gbfs|osm|ridership,"base metadata (name, lat/lon, capacity, charging) from GBFS station_information; spatial context (nearest subway, park, tourist, major road) from OpenStreetMap Overpass API; ridership stats from Toronto Open Data 2025–2026 annual ZIPs"
7755,Park Lawn Rd / Berry Rd,43.63605238134247,-79.49325238769686,15,small,False,False,,park_trail,small|park_trail|near_park,Small park trail station near a park or trail.,Old Mill,1534,False,Park Lawn Park,156,True,Lakeshore Arts,2418,False,Park Lawn Road,809,False,False,False,True,1.72,1.68,0.04,medium,low,"Small residential or park-adjacent station; if full, alternatives may be farther away.",gbfs|osm|ridership,"base metadata (name, lat/lon, capacity, charging) from GBFS station_information; spatial context (nearest subway, park, tourist, major road) from OpenStreetMap Overpass API; ridership stats from Toronto Open Data 2025–2026 annual ZIPs"
7756,Tobermory Dr / Finch Corridor Trail,43.761817236772615,-79.5107049103119,19,medium,False,False,,park_trail,medium|park_trail|near_park,Medium park trail station near a park or trail.,Tobermory,360,False,Driftwood Park,183,True,The Basketweave,4885,False,Finch Avenue West,342,False,False,False,True,0.32,0.34,-0.02,low,low,"Small residential or park-adjacent station; if full, alternatives may be farther away.",gbfs|osm|ridership,"base metadata (name, lat/lon, capacity, charging) from GBFS station_information; spatial context (nearest subway, park, tourist, major road) from OpenStreetMap Overpass API; ridership stats from Toronto Open Data 2025–2026 annual ZIPs"
7757,The Well,43.643025055165865,-79.39430137761319,19,medium,True,False,,park_trail,medium|park_trail|downtown_core|near_park|near_major_road|charging_station,"Medium park trail station in the downtown core, near a park or trail and on a major road.",University / King Southwest corner (on King),895,False,Clarence Square,132,True,The Ground Floor: Jumblies Theatre,537,False,Spadina Avenue,38,True,False,True,False,32.56,33.83,-1.27,very_high,low,"Small residential or park-adjacent station; if full, alternatives may be farther away.",gbfs|osm|ridership,"base metadata (name, lat/lon, capacity, charging) from GBFS station_information; spatial context (nearest subway, park, tourist, major road) from OpenStreetMap Overpass API; ridership stats from Toronto Open Data 2025–2026 annual ZIPs"
7758,Driftwood Ave / Finch Corridor Trail,43.7603624,-79.5162777,19,medium,False,False,,residential,medium|residential,Medium residential station.,Driftwood,346,False,Driftwood Park,392,False,The Basketweave,4820,False,Jane Street,174,False,False,False,True,0.29,0.32,-0.03,low,low,"Small residential or park-adjacent station; if full, alternatives may be farther away.",gbfs|osm|ridership,"base metadata (name, lat/lon, capacity, charging) from GBFS station_information; spatial context (nearest subway, park, tourist, major road) from OpenStreetMap Overpass API; ridership stats from Toronto Open Data 2025–2026 annual ZIPs"
7759,The Pond Rd / Shoreham Dr,43.772445,-79.511912,15,small,False,False,,residential,small|residential,Small residential station.,,522,False,,513,False,The Basketweave,6067,False,Steeles Avenue West,533,False,False,False,True,1.08,1.12,-0.05,medium,low,"Small residential or park-adjacent station; if full, alternatives may be farther away.",gbfs|osm|ridership,"base metadata (name, lat/lon, capacity, charging) from GBFS station_information; spatial context (nearest subway, park, tourist, major road) from OpenStreetMap Overpass API; ridership stats from Toronto Open Data 2025–2026 annual ZIPs"
7760,Grand Avenue Park,43.623708,-79.490054,23,medium,False,False,,waterfront,medium|waterfront|near_park,Medium waterfront station on the waterfront and near a park or trail.,Old Mill,2925,False,Grand Avenue Park,165,True,Lakeshore Arts,1025,False,Park Lawn Road,391,False,True,False,False,7.79,7.98,-0.19,medium,low,Waterfront station; expect higher demand on warm-weather weekends.,gbfs|osm|ridership,"base metadata (name, lat/lon, capacity, charging) from GBFS station_information; spatial context (nearest subway, park, tourist, major road) from OpenStreetMap Overpass API; ridership stats from Toronto Open Data 2025–2026 annual ZIPs"
7761,Moss Park,43.655972,-79.370638,15,small,False,False,,park_trail,small|park_trail|downtown_core|near_park,Small park trail station in the downtown core and near a park or trail.,Entrance by 2 Queen Street East,754,False,Moss Park,87,True,Toronto's First Post Office,446,False,Queen Street East,185,False,False,True,False,24.0,24.4,-0.4,high,low,"Small residential or park-adjacent station; if full, alternatives may be farther away.",gbfs|osm|ridership,"base metadata (name, lat/lon, capacity, charging) from GBFS station_information; spatial context (nearest subway, park, tourist, major road) from OpenStreetMap Overpass API; ridership stats from Toronto Open Data 2025–2026 annual ZIPs"
7762,College St / Henry St ,43.6591529,-79.3947953,13,small,False,False,,tourist_event,small|tourist_event|downtown_core|near_park|near_tourist|near_major_road,"Small tourist event station in the downtown core, near tourist or event venues, near a park or trail and on a major road.",University / College Southwest Entrance,324,False,McCaul-Orde Park,230,True,Centre For Inquiry Ontario,210,True,College Street,54,True,False,True,False,27.26,29.94,-2.68,very_high,medium,Tourist or event-area station; demand may spike around weekends and events.,gbfs|osm|ridership,"base metadata (name, lat/lon, capacity, charging) from GBFS station_information; spatial context (nearest subway, park, tourist, major road) from OpenStreetMap Overpass API; ridership stats from Toronto Open Data 2025–2026 annual ZIPs"
7765,St. John's Rd / Dundas St W,43.66526761605873,-79.47502122887077,15,small,False,False,,park_trail,small|park_trail|near_park|near_major_road,Small park trail station near a park or trail and on a major road.,Parkview Gardens North,1400,False,Malta Park,41,True,Fly on the Wall Gallery,1800,False,Dundas Street West,50,True,False,False,True,3.84,3.81,0.04,medium,low,"Small residential or park-adjacent station; if full, alternatives may be farther away.",gbfs|osm|ridership,"base metadata (name, lat/lon, capacity, charging) from GBFS station_information; spatial context (nearest subway, park, tourist, major road) from OpenStreetMap Overpass API; ridership stats from Toronto Open Data 2025–2026 annual ZIPs"
7766,Albany Ave / Bloor St W,43.66554144421798,-79.41010317605742,15,small,False,False,,transit_hub,small|transit_hub|downtown_core|near_subway|near_park|near_major_road,"Small transit hub station near subway, in the downtown core, near a park or trail and on a major road.",Bathurst,101,True,Seaton Park,55,True,"Ukrainian Museum of Canada, Ontario Branch",758,False,Bloor Street West,50,True,False,True,False,29.17,31.24,-2.08,very_high,low,"Large capacity helps, but downtown commuter demand can change quickly; check alternatives early.",gbfs|osm|ridership,"base metadata (name, lat/lon, capacity, charging) from GBFS station_information; spatial context (nearest subway, park, tourist, major road) from OpenStreetMap Overpass API; ridership stats from Toronto Open Data 2025–2026 annual ZIPs"
7767,Pioneer Village Subway Station,43.77649016265579,-79.5085364909097,11,small,False,False,,residential,small|residential|near_subway,Small residential station near subway.,,14,True,Harry W. Arthurs Common,664,False,Legoland Discovery Centre,5827,False,Steeles Avenue West,181,False,False,False,True,0.72,0.84,-0.11,medium,low,"Small residential or park-adjacent station; if full, alternatives may be farther away.",gbfs|osm|ridership,"base metadata (name, lat/lon, capacity, charging) from GBFS station_information; spatial context (nearest subway, park, tourist, major road) from OpenStreetMap Overpass API; ridership stats from Toronto Open Data 2025–2026 annual ZIPs"
7768,Armoury St / Chestnut St,43.65351799690878,-79.38591063795928,14,small,False,False,,transit_hub,small|transit_hub|downtown_core|near_subway|near_park|near_tourist,"Small transit hub station near subway, in the downtown core, near tourist or event venues and near a park or trail.","University / Dundas, Southeast corner",203,True,,150,True,Textile Museum Of Canada,125,True,University Avenue,128,False,False,True,False,39.34,42.22,-2.87,very_high,medium,"Large capacity helps, but downtown commuter demand can change quickly; check alternatives early.",gbfs|osm|ridership,"base metadata (name, lat/lon, capacity, charging) from GBFS station_information; spatial context (nearest subway, park, tourist, major road) from OpenStreetMap Overpass API; ridership stats from Toronto Open Data 2025–2026 annual ZIPs"
7769,Lake Shore Blvd W / Brow Dr,43.591410003452495,-79.54418190344097,15,small,False,False,,waterfront,small|waterfront|near_park|near_major_road,"Small waterfront station on the waterfront, near a park or trail and on a major road.",Kipling Station North Parking Lot,5113,False,Municipal Park,251,True,L Space,2387,False,Lake Shore Boulevard West,18,True,True,False,False,2.07,2.03,0.05,medium,low,Waterfront station; expect higher demand on warm-weather weekends.,gbfs|osm|ridership,"base metadata (name, lat/lon, capacity, charging) from GBFS station_information; spatial context (nearest subway, park, tourist, major road) from OpenStreetMap Overpass API; ridership stats from Toronto Open Data 2025–2026 annual ZIPs"
7770,Spadina Ave / Sullivan St,43.65082785552666,-79.39698099821702,23,medium,False,False,,park_trail,medium|park_trail|downtown_core|near_park|near_major_road,"Medium park trail station in the downtown core, near a park or trail and on a major road.",438 University Avenue Entrance,792,False,,43,True,George Brown House,584,False,Spadina Avenue,15,True,False,True,False,36.13,38.03,-1.9,very_high,low,"Small residential or park-adjacent station; if full, alternatives may be farther away.",gbfs|osm|ridership,"base metadata (name, lat/lon, capacity, charging) from GBFS station_information; spatial context (nearest subway, park, tourist, major road) from OpenStreetMap Overpass API; ridership stats from Toronto Open Data 2025–2026 annual ZIPs"
7771,St. Clair Ave W / Osler St,43.6739269797493,-79.46068479021301,11,small,False,False,,park_trail,small|park_trail|near_park|near_major_road,Small park trail station near a park or trail and on a major road.,Dundas West,1987,False,S.A.D.R.A. Park,192,True,MUSE Arts Creative Labs,596,False,St. Clair Avenue West,19,True,False,False,True,7.0,6.58,0.43,medium,low,"Small residential or park-adjacent station; if full, alternatives may be farther away.",gbfs|osm|ridership,"base metadata (name, lat/lon, capacity, charging) from GBFS station_information; spatial context (nearest subway, park, tourist, major road) from OpenStreetMap Overpass API; ridership stats from Toronto Open Data 2025–2026 annual ZIPs"
7772,Simcoe St / King St W,43.647508351306186,-79.38604436555764,15,small,False,False,,transit_hub,small|transit_hub|downtown_core|near_subway|near_tourist|near_major_road,"Small transit hub station near subway, in the downtown core, near tourist or event venues and on a major road.",University / King Southwest corner (on King),78,True,The Pasture,310,False,OCAD Graduate Gallery,306,True,King Street West,13,True,False,True,False,39.07,42.29,-3.22,very_high,medium,"Large capacity helps, but downtown commuter demand can change quickly; check alternatives early.",gbfs|osm|ridership,"base metadata (name, lat/lon, capacity, charging) from GBFS station_information; spatial context (nearest subway, park, tourist, major road) from OpenStreetMap Overpass API; ridership stats from Toronto Open Data 2025–2026 annual ZIPs"
7773,Grenoble Dr / Gateway Blvd,43.71513211098082,-79.33413623320465,14,small,False,False,,park_trail,small|park_trail|near_park,Small park trail station near a park or trail.,Don Valley,686,False,Flemingdon Park,262,True,Water Feature,2322,False,Don Mills Road,188,False,False,False,True,1.65,1.61,0.04,medium,low,"Small residential or park-adjacent station; if full, alternatives may be farther away.",gbfs|osm|ridership,"base metadata (name, lat/lon, capacity, charging) from GBFS station_information; spatial context (nearest subway, park, tourist, major road) from OpenStreetMap Overpass API; ridership stats from Toronto Open Data 2025–2026 annual ZIPs"
7774,Grenoble Dr / Deauville Ln,43.71649675774656,-79.33089439933623,15,small,False,False,,park_trail,small|park_trail|near_park,Small park trail station near a park or trail.,Don Valley,756,False,,257,True,Water Feature,2307,False,Don Mills Road,488,False,False,False,True,0.37,0.35,0.01,low,low,"Small residential or park-adjacent station; if full, alternatives may be farther away.",gbfs|osm|ridership,"base metadata (name, lat/lon, capacity, charging) from GBFS station_information; spatial context (nearest subway, park, tourist, major road) from OpenStreetMap Overpass API; ridership stats from Toronto Open Data 2025–2026 annual ZIPs"
7775,Grenoble Dr / Vendome Pl,43.715537998967406,-79.32811427663442,11,small,False,False,,park_trail,small|park_trail|near_park,Small park trail station near a park or trail.,Don Valley,985,False,,44,True,Water Feature,2517,False,Don Mills Road,662,False,False,False,True,0.76,0.7,0.05,medium,low,"Small residential or park-adjacent station; if full, alternatives may be farther away.",gbfs|osm|ridership,"base metadata (name, lat/lon, capacity, charging) from GBFS station_information; spatial context (nearest subway, park, tourist, major road) from OpenStreetMap Overpass API; ridership stats from Toronto Open Data 2025–2026 annual ZIPs"
7776,Ferrand Dr / Rochefort Dr,43.719632535237835,-79.33199950866776,19,medium,False,False,,park_trail,medium|park_trail|near_park,Medium park trail station near a park or trail.,Don Valley,456,False,Ferrand Drive Park,71,True,Water Feature,1965,False,Eglinton Avenue East,296,False,False,False,True,2.06,2.14,-0.07,medium,low,"Small residential or park-adjacent station; if full, alternatives may be farther away.",gbfs|osm|ridership,"base metadata (name, lat/lon, capacity, charging) from GBFS station_information; spatial context (nearest subway, park, tourist, major road) from OpenStreetMap Overpass API; ridership stats from Toronto Open Data 2025–2026 annual ZIPs"
7777,Thorncliffe Park Dr / Leaside Park Trail,43.70400405297843,-79.34807015078738,15,small,False,False,,park_trail,small|park_trail|near_park,Small park trail station near a park or trail.,Laird,1667,False,Leaside Park,232,True,4CATS Art Studio,2071,False,Overlea Boulevard,174,False,False,False,True,3.5,3.35,0.15,medium,low,"Small residential or park-adjacent station; if full, alternatives may be farther away.",gbfs|osm|ridership,"base metadata (name, lat/lon, capacity, charging) from GBFS station_information; spatial context (nearest subway, park, tourist, major road) from OpenStreetMap Overpass API; ridership stats from Toronto Open Data 2025–2026 annual ZIPs"
7778,75 Thorncliffe Park Dr,43.70518328279426,-79.34224729962946,11,small,False,False,,park_trail,small|park_trail|near_park,Small park trail station near a park or trail.,Don Valley,1676,False,R.V. Burgess Park,186,True,4CATS Art Studio,2556,False,Overlea Boulevard,271,False,False,False,True,1.43,1.43,0.0,medium,low,"Small residential or park-adjacent station; if full, alternatives may be farther away.",gbfs|osm|ridership,"base metadata (name, lat/lon, capacity, charging) from GBFS station_information; spatial context (nearest subway, park, tourist, major road) from OpenStreetMap Overpass API; ridership stats from Toronto Open Data 2025–2026 annual ZIPs"
7779,165 McRae Dr,43.70587454662511,-79.36800595602851,15,small,False,False,,park_trail,small|park_trail|near_park,Small park trail station near a park or trail.,Laird,864,False,Trace Manes Park,50,True,4CATS Art Studio,736,False,Laird Drive,487,False,False,False,True,1.91,2.03,-0.12,medium,low,"Small residential or park-adjacent station; if full, alternatives may be farther away.",gbfs|osm|ridership,"base metadata (name, lat/lon, capacity, charging) from GBFS station_information; spatial context (nearest subway, park, tourist, major road) from OpenStreetMap Overpass API; ridership stats from Toronto Open Data 2025–2026 annual ZIPs"
7780,Mount Pleasant Rd / Davisville Ave - SMART,43.70088225686968,-79.38736016665911,16,medium,False,False,,park_trail,medium|park_trail|near_park|near_major_road,Medium park trail station near a park or trail and on a major road.,Davisville,822,False,June Rowlands Park,96,True,The Al Green Gallery / Green Family Companies,721,False,Mount Pleasant Road,17,True,False,False,True,4.46,5.01,-0.55,medium,low,"Small residential or park-adjacent station; if full, alternatives may be farther away.",gbfs|osm|ridership,"base metadata (name, lat/lon, capacity, charging) from GBFS station_information; spatial context (nearest subway, park, tourist, major road) from OpenStreetMap Overpass API; ridership stats from Toronto Open Data 2025–2026 annual ZIPs"
7781,St. Clair Ave W / Avenue Rd ,43.68688938028234,-79.40099513147447,15,small,False,False,,park_trail,small|park_trail|near_park|near_major_road,Small park trail station near a park or trail and on a major road.,St. Clair Centre Entrance on Yonge,586,False,Amsterdam Square,21,True,Tunnel of Glam,604,False,St. Clair Avenue West,15,True,False,False,True,6.98,7.74,-0.76,medium,low,"Small residential or park-adjacent station; if full, alternatives may be farther away.",gbfs|osm|ridership,"base metadata (name, lat/lon, capacity, charging) from GBFS station_information; spatial context (nearest subway, park, tourist, major road) from OpenStreetMap Overpass API; ridership stats from Toronto Open Data 2025–2026 annual ZIPs"
7782,Downsview Park Subway Station - SMART,43.753107,-79.479626,20,medium,False,False,,residential,medium|residential|near_subway,Medium residential station near subway.,Vitti Street,52,True,Arbo Park,756,False,The Basketweave,4212,False,Sheppard Avenue West,139,False,False,False,True,1.67,1.85,-0.18,medium,low,"Small residential or park-adjacent station; if full, alternatives may be farther away.",gbfs|osm|ridership,"base metadata (name, lat/lon, capacity, charging) from GBFS station_information; spatial context (nearest subway, park, tourist, major road) from OpenStreetMap Overpass API; ridership stats from Toronto Open Data 2025–2026 annual ZIPs"
7783,60 Carl Hall Rd - SMART,43.74796393423666,-79.47521217354125,20,medium,False,False,,residential,medium|residential,Medium residential station.,Downsview Park Go Entrance,671,False,Arbo Park,794,False,The Basketweave,3873,False,Sheppard Avenue West,598,False,False,False,True,1.76,1.86,-0.1,medium,low,"Small residential or park-adjacent station; if full, alternatives may be farther away.",gbfs|osm|ridership,"base metadata (name, lat/lon, capacity, charging) from GBFS station_information; spatial context (nearest subway, park, tourist, major road) from OpenStreetMap Overpass API; ridership stats from Toronto Open Data 2025–2026 annual ZIPs"
7784,Downsview Park Blvd / Keele St  - SMART,43.73673829262113,-79.48227195568086,18,medium,False,False,,residential,medium|residential,Medium residential station.,Vitti Street,1874,False,,304,False,The Basketweave,2521,False,Keele Street,174,False,False,False,True,4.29,4.27,0.02,medium,low,"Small residential or park-adjacent station; if full, alternatives may be farther away.",gbfs|osm|ridership,"base metadata (name, lat/lon, capacity, charging) from GBFS station_information; spatial context (nearest subway, park, tourist, major road) from OpenStreetMap Overpass API; ridership stats from Toronto Open Data 2025–2026 annual ZIPs"
7785,Keele St / Dovehouse Ave - SMART,43.7494501,-79.4869662,16,medium,False,False,,park_trail,medium|park_trail|near_park|near_major_road,Medium park trail station near a park or trail and on a major road.,Vitti Street,767,False,Arbo Park,259,True,The Basketweave,3621,False,Keele Street,47,True,False,False,True,1.17,1.17,0.0,medium,low,"Small residential or park-adjacent station; if full, alternatives may be farther away.",gbfs|osm|ridership,"base metadata (name, lat/lon, capacity, charging) from GBFS station_information; spatial context (nearest subway, park, tourist, major road) from OpenStreetMap Overpass API; ridership stats from Toronto Open Data 2025–2026 annual ZIPs"
7787,HTO Park West,43.63737145931921,-79.38976958703309,31,large,False,False,,tourist_event,large|tourist_event|downtown_core|near_park|near_tourist,"Large tourist event station in the downtown core, near tourist or event venues and near a park or trail.",Toronto Union Station,1098,False,HTO Park West,32,True,Empire Sandy,164,True,Lake Shore Boulevard West,191,False,False,True,False,24.19,24.54,-0.34,high,low,Tourist or event-area station; demand may spike around weekends and events.,gbfs|osm|ridership,"base metadata (name, lat/lon, capacity, charging) from GBFS station_information; spatial context (nearest subway, park, tourist, major road) from OpenStreetMap Overpass API; ridership stats from Toronto Open Data 2025–2026 annual ZIPs"
7788,Queens Quay E / Lower Jarvis St ,43.64365842913001,-79.36908579410101,47,very_large,False,False,,waterfront,very_large|waterfront|downtown_core|near_park|near_major_road,"Very large waterfront station in the downtown core, on the waterfront, near a park or trail and on a major road.",Queens Quay - Ferry Docks,675,False,Sugar Beach North,86,True,Van Gogh Exhibit,437,False,Queens Quay East,27,True,True,True,False,51.07,53.04,-1.96,very_high,low,Waterfront station; expect higher demand on warm-weather weekends.,gbfs|osm|ridership,"base metadata (name, lat/lon, capacity, charging) from GBFS station_information; spatial context (nearest subway, park, tourist, major road) from OpenStreetMap Overpass API; ridership stats from Toronto Open Data 2025–2026 annual ZIPs"
7790,Lynn Williams St / Pirandello St ,43.639124514797004,-79.41423166721611,17,medium,False,False,,park_trail,medium|park_trail|downtown_core|near_park,Medium park trail station in the downtown core and near a park or trail.,University / King Southwest corner (on King),2525,False,Liberty Village Park,52,True,The Queen's York Rangers Museum,561,False,King Street West,264,False,False,True,False,27.78,29.85,-2.06,very_high,low,"Small residential or park-adjacent station; if full, alternatives may be farther away.",gbfs|osm|ridership,"base metadata (name, lat/lon, capacity, charging) from GBFS station_information; spatial context (nearest subway, park, tourist, major road) from OpenStreetMap Overpass API; ridership stats from Toronto Open Data 2025–2026 annual ZIPs"
7791,Ossington Ave / Bruce St,43.64570236705167,-79.41933192053696,15,small,False,False,,tourist_event,small|tourist_event|downtown_core|near_park|near_tourist,"Small tourist event station in the downtown core, near tourist or event venues and near a park or trail.",Ossington Avenue,1937,False,Osler Park,233,True,Koffler Gallery,200,True,Queen Street West,175,False,False,True,False,37.92,39.01,-1.09,very_high,medium,Tourist or event-area station; demand may spike around weekends and events.,gbfs|osm|ridership,"base metadata (name, lat/lon, capacity, charging) from GBFS station_information; spatial context (nearest subway, park, tourist, major road) from OpenStreetMap Overpass API; ridership stats from Toronto Open Data 2025–2026 annual ZIPs"
7792,Gladstone Ave / Queen St W,43.64314139337404,-79.42728015945511,15,small,False,False,,tourist_event,small|tourist_event|near_park|near_tourist|near_major_road,"Small tourist event station near tourist or event venues, near a park or trail and on a major road.",Russett Avenue - E,1989,False,Pessoa Park,115,True,InterAccess,347,True,Queen Street West,70,True,False,False,False,30.65,32.23,-1.57,very_high,medium,Tourist or event-area station; demand may spike around weekends and events.,gbfs|osm|ridership,"base metadata (name, lat/lon, capacity, charging) from GBFS station_information; spatial context (nearest subway, park, tourist, major road) from OpenStreetMap Overpass API; ridership stats from Toronto Open Data 2025–2026 annual ZIPs"
7794,York St / Harbour St (Love Park),43.64101663053319,-79.38035903750381,16,medium,False,False,,transit_hub,medium|transit_hub|downtown_core|waterfront|near_subway|near_park|near_tourist|near_major_road,"Medium transit hub station near subway, in the downtown core, on the waterfront, near tourist or event venues, near a park or trail and on a major road.",Queens Quay - Ferry Docks,257,True,Love Park,53,True,Mariposa Cruises,213,True,Harbour Street,19,True,True,True,False,24.32,25.3,-0.98,high,low,"Large capacity helps, but downtown commuter demand can change quickly; check alternatives early.",gbfs|osm|ridership,"base metadata (name, lat/lon, capacity, charging) from GBFS station_information; spatial context (nearest subway, park, tourist, major road) from OpenStreetMap Overpass API; ridership stats from Toronto Open Data 2025–2026 annual ZIPs"
7796,Dundas St E / River St,43.661152,-79.358505,19,medium,False,False,,park_trail,medium|park_trail|near_park,Medium park trail station near a park or trail.,Bloor Street,1597,False,Oak Street Park,118,True,Toronto Chinese Archway,615,False,Gerrard Street East,286,False,False,False,True,37.12,39.13,-2.01,very_high,low,"Small residential or park-adjacent station; if full, alternatives may be farther away.",gbfs|osm|ridership,"base metadata (name, lat/lon, capacity, charging) from GBFS station_information; spatial context (nearest subway, park, tourist, major road) from OpenStreetMap Overpass API; ridership stats from Toronto Open Data 2025–2026 annual ZIPs"
7798,Shuter St/River St,43.659296,-79.358035,15,small,False,False,,park_trail,small|park_trail|near_park,Small park trail station near a park or trail.,Bloor Street,1793,False,Regent Park Athletic Grounds,87,True,Toronto Chinese Archway,760,False,Queen Street East,245,False,False,False,True,28.72,30.79,-2.07,very_high,low,"Small residential or park-adjacent station; if full, alternatives may be farther away.",gbfs|osm|ridership,"base metadata (name, lat/lon, capacity, charging) from GBFS station_information; spatial context (nearest subway, park, tourist, major road) from OpenStreetMap Overpass API; ridership stats from Toronto Open Data 2025–2026 annual ZIPs"
7799,Danforth Ave / Danforth Rd,43.69362206784152,-79.27710529695892,15,small,False,False,,park_trail,small|park_trail|near_park|near_major_road,Small park trail station near a park or trail and on a major road.,Teesdale Place Entrance,871,False,Oakridge Park,192,True,Bell Estate,1368,False,Danforth Avenue,10,True,False,False,True,1.46,1.37,0.1,medium,low,"Small residential or park-adjacent station; if full, alternatives may be farther away.",gbfs|osm|ridership,"base metadata (name, lat/lon, capacity, charging) from GBFS station_information; spatial context (nearest subway, park, tourist, major road) from OpenStreetMap Overpass API; ridership stats from Toronto Open Data 2025–2026 annual ZIPs"
7800,Brimley Rd / McCowan District Park,43.72704086366749,-79.24391402446746,19,medium,False,False,,residential,medium|residential,Medium residential station.,GO Station Entrance,1633,False,Anson Park,342,False,Bell Estate,3491,False,Brimley Road,111,False,False,False,True,0.62,0.59,0.03,medium,low,"Small residential or park-adjacent station; if full, alternatives may be farther away.",gbfs|osm|ridership,"base metadata (name, lat/lon, capacity, charging) from GBFS station_information; spatial context (nearest subway, park, tourist, major road) from OpenStreetMap Overpass API; ridership stats from Toronto Open Data 2025–2026 annual ZIPs"
7801,Parkcrest Dr / Kingston Rd,43.73596719224253,-79.21995221481933,15,small,False,False,,residential,small|residential|near_major_road,Small residential station on a major road.,GO Station Entrance,3443,False,,411,False,Guildwood Pillar Archs,2580,False,Kingston Road,18,True,False,False,True,0.39,0.38,0.0,low,low,"Small residential or park-adjacent station; if full, alternatives may be farther away.",gbfs|osm|ridership,"base metadata (name, lat/lon, capacity, charging) from GBFS station_information; spatial context (nearest subway, park, tourist, major road) from OpenStreetMap Overpass API; ridership stats from Toronto Open Data 2025–2026 annual ZIPs"
7802,King St W / Jameson Ave - SMART,43.63735795888104,-79.43617975886079,12,small,False,False,,park_trail,small|park_trail|near_park|near_major_road,Small park trail station near a park or trail and on a major road.,Lansdowne Avenue,2469,False,Close Avenue Parkette,102,True,Museum of Television,1119,False,King Street West,25,True,False,False,True,12.51,12.78,-0.27,high,low,"Small residential or park-adjacent station; if full, alternatives may be farther away.",gbfs|osm|ridership,"base metadata (name, lat/lon, capacity, charging) from GBFS station_information; spatial context (nearest subway, park, tourist, major road) from OpenStreetMap Overpass API; ridership stats from Toronto Open Data 2025–2026 annual ZIPs"
7803,Scarborough Soccer Centre,43.7154661,-79.2876595,19,medium,False,False,,park_trail,medium|park_trail|near_park,Medium park trail station near a park or trail.,,844,False,Clairlea Park,145,True,Bell Estate,1417,False,Warden Avenue,399,False,False,False,True,0.77,0.81,-0.05,medium,low,"Small residential or park-adjacent station; if full, alternatives may be farther away.",gbfs|osm|ridership,"base metadata (name, lat/lon, capacity, charging) from GBFS station_information; spatial context (nearest subway, park, tourist, major road) from OpenStreetMap Overpass API; ridership stats from Toronto Open Data 2025–2026 annual ZIPs"
7804,Lansdowne Ave / Seaforth Ave ,43.642904395956684,-79.43746059447746,12,small,False,False,,park_trail,small|park_trail|near_park,Small park trail station near a park or trail.,Lansdowne Avenue,1845,False,,98,True,XPACE Cultural Centre,874,False,Queen Street West,266,False,False,False,True,9.87,10.34,-0.47,medium,low,"Small residential or park-adjacent station; if full, alternatives may be farther away.",gbfs|osm|ridership,"base metadata (name, lat/lon, capacity, charging) from GBFS station_information; spatial context (nearest subway, park, tourist, major road) from OpenStreetMap Overpass API; ridership stats from Toronto Open Data 2025–2026 annual ZIPs"
7805,Pharmacy Ave / Teesdale Pl,43.697356080874876,-79.28528711019696,19,medium,False,False,,park_trail,medium|park_trail|near_subway|near_park,Medium park trail station near subway and near a park or trail.,Teesdale Place Entrance,291,True,Prairie Drive Park,118,True,Bell Estate,1207,False,Victoria Park Avenue,425,False,False,False,True,1.63,1.64,-0.01,medium,low,"Small residential or park-adjacent station; if full, alternatives may be farther away.",gbfs|osm|ridership,"base metadata (name, lat/lon, capacity, charging) from GBFS station_information; spatial context (nearest subway, park, tourist, major road) from OpenStreetMap Overpass API; ridership stats from Toronto Open Data 2025–2026 annual ZIPs"
7806,Danforth Rd / Birchmount Rd ,43.70688,-79.26850999999999,15,small,False,False,,park_trail,small|park_trail|near_park|near_major_road,Small park trail station near a park or trail and on a major road.,Warden,969,False,,228,True,Bell Estate,614,False,Danforth Road,33,True,False,False,True,0.88,0.86,0.02,medium,low,"Small residential or park-adjacent station; if full, alternatives may be farther away.",gbfs|osm|ridership,"base metadata (name, lat/lon, capacity, charging) from GBFS station_information; spatial context (nearest subway, park, tourist, major road) from OpenStreetMap Overpass API; ridership stats from Toronto Open Data 2025–2026 annual ZIPs"
7807,552 Birchmount Rd,43.71176278859601,-79.27028152889692,15,small,False,False,,park_trail,small|park_trail|near_park|near_major_road,Small park trail station near a park or trail and on a major road.,Warden,708,False,Dunlop Park,252,True,Bell Estate,799,False,Birchmount Road,26,True,False,False,True,0.26,0.23,0.03,low,low,"Small residential or park-adjacent station; if full, alternatives may be farther away.",gbfs|osm|ridership,"base metadata (name, lat/lon, capacity, charging) from GBFS station_information; spatial context (nearest subway, park, tourist, major road) from OpenStreetMap Overpass API; ridership stats from Toronto Open Data 2025–2026 annual ZIPs"
7808,Eastgate Cres / Pharmacy Ave ,43.7110442448186,-79.29127313845584,15,small,False,False,,park_trail,small|park_trail|near_park,Small park trail station near a park or trail.,,965,False,,300,True,Bell Estate,1353,False,St Clair Avenue East,128,False,False,False,True,0.44,0.39,0.05,medium,low,"Small residential or park-adjacent station; if full, alternatives may be farther away.",gbfs|osm|ridership,"base metadata (name, lat/lon, capacity, charging) from GBFS station_information; spatial context (nearest subway, park, tourist, major road) from OpenStreetMap Overpass API; ridership stats from Toronto Open Data 2025–2026 annual ZIPs"
7809,Firvalley Ct / Warden Ave,43.7032112,-79.2787149,19,medium,False,False,,tourist_event,medium|tourist_event|near_park|near_tourist,Medium tourist event station near tourist or event venues and near a park or trail.,,857,False,Fir Valley Woods Park,167,True,Bell Estate,369,True,Warden Avenue,107,False,False,False,False,0.35,0.27,0.08,low,low,Tourist or event-area station; demand may spike around weekends and events.,gbfs|osm|ridership,"base metadata (name, lat/lon, capacity, charging) from GBFS station_information; spatial context (nearest subway, park, tourist, major road) from OpenStreetMap Overpass API; ridership stats from Toronto Open Data 2025–2026 annual ZIPs"
7810,Avenue Rd / Cumberland St ,43.669821695059376,-79.39444614603269,15,small,False,False,,transit_hub,small|transit_hub|downtown_core|near_subway|near_park|near_tourist|near_major_road,"Small transit hub station near subway, in the downtown core, near tourist or event venues, near a park or trail and on a major road.",Cumberland Street,162,True,Village of Yorkville Park,214,True,The Yorkville Rock,175,True,Avenue Road,18,True,False,True,False,36.12,38.41,-2.29,very_high,medium,"Large capacity helps, but downtown commuter demand can change quickly; check alternatives early.",gbfs|osm|ridership,"base metadata (name, lat/lon, capacity, charging) from GBFS station_information; spatial context (nearest subway, park, tourist, major road) from OpenStreetMap Overpass API; ridership stats from Toronto Open Data 2025–2026 annual ZIPs"
7811,Midland Ave / Kingston Rd,43.7128578,-79.2487086,19,medium,False,False,,residential,medium|residential,Medium residential station.,Warden,2446,False,Sandown Park,488,False,Bell Estate,2328,False,Midland Avenue,94,False,False,False,True,1.3,1.27,0.03,medium,low,"Small residential or park-adjacent station; if full, alternatives may be farther away.",gbfs|osm|ridership,"base metadata (name, lat/lon, capacity, charging) from GBFS station_information; spatial context (nearest subway, park, tourist, major road) from OpenStreetMap Overpass API; ridership stats from Toronto Open Data 2025–2026 annual ZIPs"
7812,Bellamy Rd S / Kingston Rd,43.7323277855009,-79.22496619876934,19,medium,False,False,,park_trail,medium|park_trail|near_park|near_major_road,Medium park trail station near a park or trail and on a major road.,GO Station Entrance,3023,False,,214,True,Guildwood Pillar Archs,3138,False,Kingston Road,39,True,False,False,True,0.39,0.37,0.02,low,low,"Small residential or park-adjacent station; if full, alternatives may be farther away.",gbfs|osm|ridership,"base metadata (name, lat/lon, capacity, charging) from GBFS station_information; spatial context (nearest subway, park, tourist, major road) from OpenStreetMap Overpass API; ridership stats from Toronto Open Data 2025–2026 annual ZIPs"
7813,Yonge St / Merton St ,43.6962750705313,-79.39629396191867,23,medium,False,False,,tourist_event,medium|tourist_event|near_subway|near_park|near_tourist|near_major_road,"Medium tourist event station near subway, near tourist or event venues, near a park or trail and on a major road.",Davisville,201,True,,136,True,The Al Green Gallery / Green Family Companies,174,True,Yonge Street,20,True,False,False,False,2.83,6.14,-3.31,medium,low,Tourist or event-area station; demand may spike around weekends and events.,gbfs|osm|ridership,"base metadata (name, lat/lon, capacity, charging) from GBFS station_information; spatial context (nearest subway, park, tourist, major road) from OpenStreetMap Overpass API; ridership stats from Toronto Open Data 2025–2026 annual ZIPs"
7814,Fenwood Ht / Kingston Rd,43.72690169821676,-79.22920396582664,15,small,False,False,,park_trail,small|park_trail|near_park|near_major_road,Small park trail station near a park or trail and on a major road.,GO Station Entrance,2762,False,Balcarra Parkette,201,True,The Guild Inn Estate Original Building,3767,False,Kingston Road,70,True,False,False,True,0.68,0.59,0.09,medium,low,"Small residential or park-adjacent station; if full, alternatives may be farther away.",gbfs|osm|ridership,"base metadata (name, lat/lon, capacity, charging) from GBFS station_information; spatial context (nearest subway, park, tourist, major road) from OpenStreetMap Overpass API; ridership stats from Toronto Open Data 2025–2026 annual ZIPs"
7815,Avenue Rd / Macpherson Ave ,43.67794376009951,-79.39836278587889,15,small,False,False,,park_trail,small|park_trail|near_park|near_major_road,Small park trail station near a park or trail and on a major road.,Summerhill,756,False,Macpherson Avenue Parkette,15,True,Spadina Museum,792,False,Avenue Road,39,True,False,False,True,6.55,7.33,-0.78,medium,low,"Small residential or park-adjacent station; if full, alternatives may be farther away.",gbfs|osm|ridership,"base metadata (name, lat/lon, capacity, charging) from GBFS station_information; spatial context (nearest subway, park, tourist, major road) from OpenStreetMap Overpass API; ridership stats from Toronto Open Data 2025–2026 annual ZIPs"
7816,Bay St / Dundas St W,43.655350778457056,-79.38345966759798,55,very_large,False,False,,transit_hub,very_large|transit_hub|downtown_core|near_subway|near_park|near_tourist|near_major_road,"Very large transit hub station near subway, in the downtown core, near tourist or event venues, near a park or trail and on a major road.",Entrance from Atrium on Bay (via PATH),197,True,Larry Sefton Park,106,True,Little Canada,255,True,Bay Street,10,True,False,True,False,60.96,62.44,-1.47,very_high,low,"Large capacity helps, but downtown commuter demand can change quickly; check alternatives early.",gbfs|osm|ridership,"base metadata (name, lat/lon, capacity, charging) from GBFS station_information; spatial context (nearest subway, park, tourist, major road) from OpenStreetMap Overpass API; ridership stats from Toronto Open Data 2025–2026 annual ZIPs"
7817,Shaw St / King St W,43.6412561641921,-79.41502994047545,15,small,False,False,,park_trail,small|park_trail|downtown_core|near_park|near_major_road,"Small park trail station in the downtown core, near a park or trail and on a major road.","University / Queen, Southwest Entrance",2486,False,Massey Harris Park,139,True,Koffler Gallery,657,False,King Street West,19,True,False,True,False,38.52,40.91,-2.4,very_high,medium,"Small residential or park-adjacent station; if full, alternatives may be farther away.",gbfs|osm|ridership,"base metadata (name, lat/lon, capacity, charging) from GBFS station_information; spatial context (nearest subway, park, tourist, major road) from OpenStreetMap Overpass API; ridership stats from Toronto Open Data 2025–2026 annual ZIPs"
7818,Soudan Ave / Yonge St ,43.70430959999999,-79.3972815,19,medium,False,False,,park_trail,medium|park_trail|near_subway|near_park|near_major_road,"Medium park trail station near subway, near a park or trail and on a major road.",Yonge St Entrance,142,True,Hillsdale Avenue Park,50,True,The Al Green Gallery / Green Family Companies,881,False,Yonge Street,44,True,False,False,True,10.78,13.4,-2.61,medium,low,"Small residential or park-adjacent station; if full, alternatives may be farther away.",gbfs|osm|ridership,"base metadata (name, lat/lon, capacity, charging) from GBFS station_information; spatial context (nearest subway, park, tourist, major road) from OpenStreetMap Overpass API; ridership stats from Toronto Open Data 2025–2026 annual ZIPs"
7819,Avenue Rd / Oxton Ave ,43.69711160305226,-79.40537298227844,15,small,False,False,,park_trail,small|park_trail|near_park|near_major_road,Small park trail station near a park or trail and on a major road.,Davisville,656,False,Forest Hill Road Park,143,True,The Al Green Gallery / Green Family Companies,898,False,Oxton Avenue,34,True,False,False,True,1.7,1.58,0.12,medium,low,"Small residential or park-adjacent station; if full, alternatives may be farther away.",gbfs|osm|ridership,"base metadata (name, lat/lon, capacity, charging) from GBFS station_information; spatial context (nearest subway, park, tourist, major road) from OpenStreetMap Overpass API; ridership stats from Toronto Open Data 2025–2026 annual ZIPs"
7820,1612 Danforth Ave ,43.68370788065334,-79.32262453633884,15,small,True,False,,tourist_event,small|tourist_event|near_subway|near_park|near_tourist|near_major_road|charging_station,"Small tourist event station near subway, near tourist or event venues, near a park or trail and on a major road.",Coxwell,60,True,Robertson Parkette,140,True,Create Art Studio,320,True,Danforth Avenue,16,True,False,False,False,4.05,7.69,-3.64,medium,low,Tourist or event-area station; demand may spike around weekends and events.,gbfs|osm|ridership,"base metadata (name, lat/lon, capacity, charging) from GBFS station_information; spatial context (nearest subway, park, tourist, major road) from OpenStreetMap Overpass API; ridership stats from Toronto Open Data 2025–2026 annual ZIPs"
7821,Lisgar St / Queen St W - SMART,43.64299174164139,-79.42355911563249,20,medium,False,False,,tourist_event,medium|tourist_event|near_park|near_tourist|near_major_road,"Medium tourist event station near tourist or event venues, near a park or trail and on a major road.",Dufferin Street - East,2129,False,Lisgar Park,55,True,InterAccess,118,True,Queen Street West,28,True,False,False,False,23.92,25.44,-1.51,high,low,Tourist or event-area station; demand may spike around weekends and events.,gbfs|osm|ridership,"base metadata (name, lat/lon, capacity, charging) from GBFS station_information; spatial context (nearest subway, park, tourist, major road) from OpenStreetMap Overpass API; ridership stats from Toronto Open Data 2025–2026 annual ZIPs"
7822,Leslie St / Commissioners St  ,43.657275497390124,-79.32661544194183,19,medium,False,False,,park_trail,medium|park_trail|near_park,Medium park trail station near a park or trail.,Donlands Avenue,2785,False,Leslie Barns Park,171,True,Tchotchke House (Crazy Doll House),965,False,Lake Shore Boulevard East,229,False,False,False,True,11.25,10.82,0.43,medium,low,"Small residential or park-adjacent station; if full, alternatives may be farther away.",gbfs|osm|ridership,"base metadata (name, lat/lon, capacity, charging) from GBFS station_information; spatial context (nearest subway, park, tourist, major road) from OpenStreetMap Overpass API; ridership stats from Toronto Open Data 2025–2026 annual ZIPs"
7824,Warden Subway Station,43.71161098023304,-79.28055565662231,19,medium,False,False,,residential,medium|residential|near_subway|near_major_road,Medium residential station near subway and on a major road.,,130,True,,343,False,Bell Estate,732,False,Warden Avenue,21,True,False,False,True,0.92,0.89,0.02,medium,low,"Small residential or park-adjacent station; if full, alternatives may be farther away.",gbfs|osm|ridership,"base metadata (name, lat/lon, capacity, charging) from GBFS station_information; spatial context (nearest subway, park, tourist, major road) from OpenStreetMap Overpass API; ridership stats from Toronto Open Data 2025–2026 annual ZIPs"
7825,Kingston Rd / Scarborough Golf Club Rd,43.74531103700256,-79.20970650787817,14,small,False,False,,park_trail,small|park_trail|near_park|near_major_road,Small park trail station near a park or trail and on a major road.,GO Station Entrance,4469,False,Bethune Park,192,True,The Wishing Well,1406,False,Kingston Road,24,True,False,False,True,0.22,0.21,0.01,low,low,"Small residential or park-adjacent station; if full, alternatives may be farther away.",gbfs|osm|ridership,"base metadata (name, lat/lon, capacity, charging) from GBFS station_information; spatial context (nearest subway, park, tourist, major road) from OpenStreetMap Overpass API; ridership stats from Toronto Open Data 2025–2026 annual ZIPs"
7826,Greenwood Ave / Gerrard St E,43.67036917803197,-79.32782698645094,15,small,False,False,,park_trail,small|park_trail|near_park|near_major_road,Small park trail station near a park or trail and on a major road.,Linnsmore Crescent,1369,False,Greenwood Park,177,True,Tchotchke House (Crazy Doll House),975,False,Gerrard Street East,63,True,False,False,True,11.27,11.42,-0.15,high,low,"Small residential or park-adjacent station; if full, alternatives may be farther away.",gbfs|osm|ridership,"base metadata (name, lat/lon, capacity, charging) from GBFS station_information; spatial context (nearest subway, park, tourist, major road) from OpenStreetMap Overpass API; ridership stats from Toronto Open Data 2025–2026 annual ZIPs"
7827,Chatham Ave / Byron Ave,43.6798678328407,-79.33424613862303,15,small,False,False,,park_trail,small|park_trail|near_park,Small park trail station near a park or trail.,Donlands Avenue,306,False,Oakvale Green,210,True,Create Art Studio,1341,False,Danforth Avenue,129,False,False,False,True,3.14,3.77,-0.62,medium,low,"Small residential or park-adjacent station; if full, alternatives may be farther away.",gbfs|osm|ridership,"base metadata (name, lat/lon, capacity, charging) from GBFS station_information; spatial context (nearest subway, park, tourist, major road) from OpenStreetMap Overpass API; ridership stats from Toronto Open Data 2025–2026 annual ZIPs"
7828,Wakunda Pl / O'Connor Dr,43.71602024377182,-79.3047092517501,11,small,False,False,,park_trail,small|park_trail|near_park,Small park trail station near a park or trail.,,2122,False,,276,True,Bell Estate,2566,False,O'Connor Drive,91,False,False,False,True,0.59,0.56,0.03,medium,low,"Small residential or park-adjacent station; if full, alternatives may be farther away.",gbfs|osm|ridership,"base metadata (name, lat/lon, capacity, charging) from GBFS station_information; spatial context (nearest subway, park, tourist, major road) from OpenStreetMap Overpass API; ridership stats from Toronto Open Data 2025–2026 annual ZIPs"
7830,Plaxton Dr / St. Clair Ave E,43.70751755961952,-79.30252066313936,15,small,False,False,,residential,small|residential|near_major_road,Small residential station on a major road.,Crescent Town Bridge,1734,False,Topham Park,418,False,Bell Estate,2138,False,St Clair Avenue East,22,True,False,False,True,0.55,0.57,-0.02,medium,low,"Small residential or park-adjacent station; if full, alternatives may be farther away.",gbfs|osm|ridership,"base metadata (name, lat/lon, capacity, charging) from GBFS station_information; spatial context (nearest subway, park, tourist, major road) from OpenStreetMap Overpass API; ridership stats from Toronto Open Data 2025–2026 annual ZIPs"
7831,Victoria Park Ave / Edge Park Ave,43.717678679534906,-79.29961580314475,19,medium,False,False,,park_trail,medium|park_trail|near_park|near_major_road,Medium park trail station near a park or trail and on a major road.,,1800,False,Edge Park,165,True,Bell Estate,2305,False,Victoria Park Avenue,24,True,False,False,True,0.51,0.54,-0.04,medium,low,"Small residential or park-adjacent station; if full, alternatives may be farther away.",gbfs|osm|ridership,"base metadata (name, lat/lon, capacity, charging) from GBFS station_information; spatial context (nearest subway, park, tourist, major road) from OpenStreetMap Overpass API; ridership stats from Toronto Open Data 2025–2026 annual ZIPs"
7832,Finch Subway Station ,43.781877158752955,-79.41528502874928,19,medium,False,False,,park_trail,medium|park_trail|near_subway|near_park|near_major_road,"Medium park trail station near subway, near a park or trail and on a major road.",Yonge / Bishop Entrance,35,True,,103,True,John Mckenzie House,1177,False,Yonge Street,55,True,False,False,True,4.67,4.8,-0.13,medium,low,"Small residential or park-adjacent station; if full, alternatives may be farther away.",gbfs|osm|ridership,"base metadata (name, lat/lon, capacity, charging) from GBFS station_information; spatial context (nearest subway, park, tourist, major road) from OpenStreetMap Overpass API; ridership stats from Toronto Open Data 2025–2026 annual ZIPs"
7833,Glencairn Subway Station,43.70925763810859,-79.44169105036657,15,small,False,False,,park_trail,small|park_trail|near_subway|near_park,Small park trail station near subway and near a park or trail.,Glencairn Avenue South Side,46,True,,282,True,Little House,2837,False,Lawrence Avenue West,780,False,False,False,True,1.16,1.14,0.03,medium,low,"Small residential or park-adjacent station; if full, alternatives may be farther away.",gbfs|osm|ridership,"base metadata (name, lat/lon, capacity, charging) from GBFS station_information; spatial context (nearest subway, park, tourist, major road) from OpenStreetMap Overpass API; ridership stats from Toronto Open Data 2025–2026 annual ZIPs"
7834,Glen Long Community Centre,43.70820992643782,-79.45627808717194,15,small,False,False,,park_trail,small|park_trail|near_park,Small park trail station near a park or trail.,Glencairn Avenue North Side,1215,False,Glen Long Park,80,True,Little House,2755,False,Dufferin Street,225,False,False,False,True,0.58,0.61,-0.04,medium,low,"Small residential or park-adjacent station; if full, alternatives may be farther away.",gbfs|osm|ridership,"base metadata (name, lat/lon, capacity, charging) from GBFS station_information; spatial context (nearest subway, park, tourist, major road) from OpenStreetMap Overpass API; ridership stats from Toronto Open Data 2025–2026 annual ZIPs"
7835,Caledonia Rd / Lotherton Pathway,43.70756436685646,-79.46571474966814,19,medium,False,False,,park_trail,medium|park_trail|near_park,Medium park trail station near a park or trail.,Fairbank,1778,False,Joyce Parkette,210,True,Little House,2965,False,Lawrence Avenue West,435,False,False,False,True,0.87,0.8,0.07,medium,low,"Small residential or park-adjacent station; if full, alternatives may be farther away.",gbfs|osm|ridership,"base metadata (name, lat/lon, capacity, charging) from GBFS station_information; spatial context (nearest subway, park, tourist, major road) from OpenStreetMap Overpass API; ridership stats from Toronto Open Data 2025–2026 annual ZIPs"
7836,Harvie Ave / Rogers Rd,43.68402031135697,-79.45297885330353,19,medium,False,False,,tourist_event,medium|tourist_event|near_park|near_tourist,Medium tourist event station near tourist or event venues and near a park or trail.,Fairbank,1299,False,Nairn Park,136,True,Little House,397,True,Dufferin Street,578,False,False,False,False,1.25,1.18,0.07,medium,low,Tourist or event-area station; demand may spike around weekends and events.,gbfs|osm|ridership,"base metadata (name, lat/lon, capacity, charging) from GBFS station_information; spatial context (nearest subway, park, tourist, major road) from OpenStreetMap Overpass API; ridership stats from Toronto Open Data 2025–2026 annual ZIPs"
7837,Ling Rd / Morningside Ave,43.766663817888656,-79.18521765344238,19,medium,False,False,,residential,medium|residential|near_major_road,Medium residential station on a major road.,GO Station Entrance,7264,False,St. Margaret's Parkette,593,False,The Rock Walk,2010,False,Morningside Avenue,36,True,False,False,True,0.49,0.46,0.03,medium,low,"Small residential or park-adjacent station; if full, alternatives may be farther away.",gbfs|osm|ridership,"base metadata (name, lat/lon, capacity, charging) from GBFS station_information; spatial context (nearest subway, park, tourist, major road) from OpenStreetMap Overpass API; ridership stats from Toronto Open Data 2025–2026 annual ZIPs"
7838,Lake Shore Blvd W / Legion Rd,43.62052630763223,-79.48320224237995,19,medium,False,False,,waterfront,medium|waterfront|near_park|near_major_road,"Medium waterfront station on the waterfront, near a park or trail and on a major road.",Bloor St W,3235,False,Flora Voisey Park,146,True,Lakeshore Arts,821,False,Lake Shore Boulevard West,3,True,True,False,False,6.56,6.11,0.45,medium,low,Waterfront station; expect higher demand on warm-weather weekends.,gbfs|osm|ridership,"base metadata (name, lat/lon, capacity, charging) from GBFS station_information; spatial context (nearest subway, park, tourist, major road) from OpenStreetMap Overpass API; ridership stats from Toronto Open Data 2025–2026 annual ZIPs"
7839,Lake Shore Blvd W / Seventeenth St,43.59841926031898,-79.51561102394257,11,small,False,False,,tourist_event,small|tourist_event|waterfront|near_tourist|near_major_road,"Small tourist event station on the waterfront, near tourist or event venues and on a major road.",Kipling,4643,False,Lake Shore Teachers College Centre Island,503,False,L Space,302,True,Lake Shore Boulevard West,71,True,True,False,False,2.02,1.98,0.04,medium,low,Tourist or event-area station; demand may spike around weekends and events.,gbfs|osm|ridership,"base metadata (name, lat/lon, capacity, charging) from GBFS station_information; spatial context (nearest subway, park, tourist, major road) from OpenStreetMap Overpass API; ridership stats from Toronto Open Data 2025–2026 annual ZIPs"
7840,Mabelle Park,43.645389479325615,-79.5276822170925,15,small,False,False,,tourist_event,small|tourist_event|near_subway|near_park|near_tourist,"Small tourist event station near subway, near tourist or event venues and near a park or trail.",Islington,231,True,Kenway Park,231,True,MABELLEarts Pavilion,64,True,Bloor Street West,179,False,False,False,False,1.17,1.05,0.12,medium,low,Tourist or event-area station; demand may spike around weekends and events.,gbfs|osm|ridership,"base metadata (name, lat/lon, capacity, charging) from GBFS station_information; spatial context (nearest subway, park, tourist, major road) from OpenStreetMap Overpass API; ridership stats from Toronto Open Data 2025–2026 annual ZIPs"
7841,Islington Subway Station (Aberfoyle Cres),43.645658591546216,-79.52339938954925,15,small,False,False,,residential,small|residential|near_subway|near_major_road,Small residential station near subway and on a major road.,Islington Av - East,41,True,Kenway Park,319,False,MABELLEarts Pavilion,407,False,Islington Avenue,31,True,False,False,True,2.8,2.8,-0.01,medium,low,"Small residential or park-adjacent station; if full, alternatives may be farther away.",gbfs|osm|ridership,"base metadata (name, lat/lon, capacity, charging) from GBFS station_information; spatial context (nearest subway, park, tourist, major road) from OpenStreetMap Overpass API; ridership stats from Toronto Open Data 2025–2026 annual ZIPs"
7842,Lake Shore Blvd W / Long Branch Ave,43.59445833196281,-79.53387390859834,11,small,False,False,,waterfront,small|waterfront|near_park|near_major_road,"Small waterfront station on the waterfront, near a park or trail and on a major road.",Kipling Station North Parking Lot,4758,False,Syd Cole Park,131,True,L Space,1515,False,Lake Shore Boulevard West,8,True,True,False,False,1.93,1.74,0.19,medium,low,Waterfront station; expect higher demand on warm-weather weekends.,gbfs|osm|ridership,"base metadata (name, lat/lon, capacity, charging) from GBFS station_information; spatial context (nearest subway, park, tourist, major road) from OpenStreetMap Overpass API; ridership stats from Toronto Open Data 2025–2026 annual ZIPs"
7843,Uno Dr / The Queensway,43.62649329992186,-79.50358167641535,15,small,False,False,,waterfront,small|waterfront|near_park|near_major_road,"Small waterfront station on the waterfront, near a park or trail and on a major road.",Royal York,2490,False,,153,True,Lakeshore Arts,1769,False,The Queensway,38,True,True,False,False,4.77,4.66,0.12,medium,low,Waterfront station; expect higher demand on warm-weather weekends.,gbfs|osm|ridership,"base metadata (name, lat/lon, capacity, charging) from GBFS station_information; spatial context (nearest subway, park, tourist, major road) from OpenStreetMap Overpass API; ridership stats from Toronto Open Data 2025–2026 annual ZIPs"
7844,Second St / Lake Shore Blvd W,43.60191488118503,-79.49941888654288,15,small,False,False,,waterfront,small|waterfront|near_park|near_major_road,"Small waterfront station on the waterfront, near a park or trail and on a major road.",Kipling,4919,False,Sand Beach Road Parkette,214,True,L Space,1441,False,Lake Shore Boulevard West,48,True,True,False,False,3.36,3.26,0.1,medium,low,Waterfront station; expect higher demand on warm-weather weekends.,gbfs|osm|ridership,"base metadata (name, lat/lon, capacity, charging) from GBFS station_information; spatial context (nearest subway, park, tourist, major road) from OpenStreetMap Overpass API; ridership stats from Toronto Open Data 2025–2026 annual ZIPs"
7845,Sixth St / Lake Shore Blvd W,43.60116229109828,-79.50416046627045,15,small,False,False,,waterfront,small|waterfront,Small waterfront station on the waterfront.,Kipling,4775,False,Eighth Street Park,341,False,L Space,1071,False,Lake Shore Boulevard West,84,False,True,False,False,2.28,2.11,0.17,medium,low,Waterfront station; expect higher demand on warm-weather weekends.,gbfs|osm|ridership,"base metadata (name, lat/lon, capacity, charging) from GBFS station_information; spatial context (nearest subway, park, tourist, major road) from OpenStreetMap Overpass API; ridership stats from Toronto Open Data 2025–2026 annual ZIPs"
7846,Bloor St W / Dundas St W (2),43.64285244644315,-79.53199489206543,15,small,False,False,,park_trail,small|park_trail|near_park|near_major_road,Small park trail station near a park or trail and on a major road.,St Albans / Kipling,465,False,Michael Power Park,285,True,MABELLEarts Pavilion,413,False,Bloor Street West,31,True,False,False,True,3.07,2.85,0.22,medium,low,"Small residential or park-adjacent station; if full, alternatives may be farther away.",gbfs|osm|ridership,"base metadata (name, lat/lon, capacity, charging) from GBFS station_information; spatial context (nearest subway, park, tourist, major road) from OpenStreetMap Overpass API; ridership stats from Toronto Open Data 2025–2026 annual ZIPs"
7848,Gerrard St E / Nasmith Ave ,43.66273618779861,-79.36253100740966,23,medium,False,False,,park_trail,medium|park_trail|downtown_core|near_park|near_major_road,"Medium park trail station in the downtown core, near a park or trail and on a major road.",Bloor Street,1287,False,Regent Park,188,True,Old Don Jail,757,False,Gerrard Street East,23,True,False,True,False,10.87,12.5,-1.62,medium,low,"Small residential or park-adjacent station; if full, alternatives may be farther away.",gbfs|osm|ridership,"base metadata (name, lat/lon, capacity, charging) from GBFS station_information; spatial context (nearest subway, park, tourist, major road) from OpenStreetMap Overpass API; ridership stats from Toronto Open Data 2025–2026 annual ZIPs"
7849,Viewmount Park,43.70735572654095,-79.43723072209013,15,small,False,False,,park_trail,small|park_trail|near_subway|near_park,Small park trail station near subway and near a park or trail.,Viewmount Avenue,244,True,Viewmount Park,52,True,Little House,2722,False,Bathurst Street,816,False,False,False,True,0.91,0.84,0.07,medium,low,"Small residential or park-adjacent station; if full, alternatives may be farther away.",gbfs|osm|ridership,"base metadata (name, lat/lon, capacity, charging) from GBFS station_information; spatial context (nearest subway, park, tourist, major road) from OpenStreetMap Overpass API; ridership stats from Toronto Open Data 2025–2026 annual ZIPs"
7850,Maud St / Adelaide St W - SMART,43.6460145694434,-79.39960497726345,16,medium,False,False,,park_trail,medium|park_trail|downtown_core|near_park|near_major_road,"Medium park trail station in the downtown core, near a park or trail and on a major road.","University / Queen, Southwest Entrance",1138,False,St. Andrew's Playground,66,True,the industREALarts room,580,False,Adelaide Street West,9,True,False,True,False,54.56,58.07,-3.51,very_high,medium,"Small residential or park-adjacent station; if full, alternatives may be farther away.",gbfs|osm|ridership,"base metadata (name, lat/lon, capacity, charging) from GBFS station_information; spatial context (nearest subway, park, tourist, major road) from OpenStreetMap Overpass API; ridership stats from Toronto Open Data 2025–2026 annual ZIPs"
7851,Keele St / Ingram Dr,43.698706949666914,-79.4756586460327,15,small,False,False,,residential,small|residential|near_major_road,Small residential station on a major road.,Keelesdale,919,False,Gulliver Park,334,False,Urban Arts,1861,False,Keele Street,16,True,False,False,True,1.03,0.93,0.1,medium,low,"Small residential or park-adjacent station; if full, alternatives may be farther away.",gbfs|osm|ridership,"base metadata (name, lat/lon, capacity, charging) from GBFS station_information; spatial context (nearest subway, park, tourist, major road) from OpenStreetMap Overpass API; ridership stats from Toronto Open Data 2025–2026 annual ZIPs"
7852,York Recreation Centre,43.688153079245126,-79.48219789940566,23,medium,False,False,,park_trail,medium|park_trail|near_park|near_major_road,Medium park trail station near a park or trail and on a major road.,Mount Dennis,322,False,,248,True,Urban Arts,1030,False,Eglinton Avenue West,45,True,False,False,True,0.67,0.71,-0.04,medium,low,"Small residential or park-adjacent station; if full, alternatives may be farther away.",gbfs|osm|ridership,"base metadata (name, lat/lon, capacity, charging) from GBFS station_information; spatial context (nearest subway, park, tourist, major road) from OpenStreetMap Overpass API; ridership stats from Toronto Open Data 2025–2026 annual ZIPs"
7853,Trethewey Dr / Black Creek Dr,43.695498400279796,-79.48809394482672,15,small,False,False,,residential,small|residential|near_major_road,Small residential station on a major road.,,807,False,Westview Greenbelt,359,False,Urban Arts,871,False,Trethewey Drive,14,True,False,False,True,0.3,0.26,0.04,low,low,"Small residential or park-adjacent station; if full, alternatives may be farther away.",gbfs|osm|ridership,"base metadata (name, lat/lon, capacity, charging) from GBFS station_information; spatial context (nearest subway, park, tourist, major road) from OpenStreetMap Overpass API; ridership stats from Toronto Open Data 2025–2026 annual ZIPs"
7854,Jane St / Haney Ave,43.6743457123134,-79.4948437786083,19,medium,False,False,,park_trail,medium|park_trail|near_park|near_major_road,Medium park trail station near a park or trail and on a major road.,Mount Dennis Station Main Entrance,1557,False,Haney Park,43,True,Duck pond,1628,False,Jane Street,5,True,False,False,True,1.01,0.97,0.04,medium,low,"Small residential or park-adjacent station; if full, alternatives may be farther away.",gbfs|osm|ridership,"base metadata (name, lat/lon, capacity, charging) from GBFS station_information; spatial context (nearest subway, park, tourist, major road) from OpenStreetMap Overpass API; ridership stats from Toronto Open Data 2025–2026 annual ZIPs"
7855,Scarlett Rd / Eileen Ave,43.668510906505354,-79.5007648392868,15,small,False,False,,residential,small|residential|near_major_road,Small residential station on a major road.,Old Mill Trail,2103,False,Marie Baldwin Park,313,False,Duck pond,1135,False,Scarlett Road,44,True,False,False,True,1.23,1.13,0.1,medium,low,"Small residential or park-adjacent station; if full, alternatives may be farther away.",gbfs|osm|ridership,"base metadata (name, lat/lon, capacity, charging) from GBFS station_information; spatial context (nearest subway, park, tourist, major road) from OpenStreetMap Overpass API; ridership stats from Toronto Open Data 2025–2026 annual ZIPs"
7856,Scarlett Rd / Old Scarlett Rd ,43.678276306636576,-79.50667332401198,15,small,False,False,,park_trail,small|park_trail|near_park|near_major_road,Small park trail station near a park or trail and on a major road.,Mount Dennis Station Main Entrance,1792,False,Scarlett Mills Park,221,True,Duck pond,1039,False,Scarlett Road,22,True,False,False,True,0.65,0.65,-0.0,medium,low,"Small residential or park-adjacent station; if full, alternatives may be farther away.",gbfs|osm|ridership,"base metadata (name, lat/lon, capacity, charging) from GBFS station_information; spatial context (nearest subway, park, tourist, major road) from OpenStreetMap Overpass API; ridership stats from Toronto Open Data 2025–2026 annual ZIPs"
7857,Eglinton Ave W / Venn Cres,43.69143920681119,-79.46908634795456,19,medium,False,False,,residential,medium|residential|near_major_road,Medium residential station on a major road.,Keelesdale,468,False,Haverson Park,375,False,Little House,1875,False,Eglinton Avenue West,15,True,False,False,True,0.91,0.92,-0.01,medium,low,"Small residential or park-adjacent station; if full, alternatives may be farther away.",gbfs|osm|ridership,"base metadata (name, lat/lon, capacity, charging) from GBFS station_information; spatial context (nearest subway, park, tourist, major road) from OpenStreetMap Overpass API; ridership stats from Toronto Open Data 2025–2026 annual ZIPs"
7858,Rogers Rd / Bicknell Ave,43.68189526215492,-79.4736382392868,23,medium,False,False,,suburban_node,medium|suburban_node|near_major_road,Medium suburban node station on a major road.,Keelesdale,957,False,,353,False,MUSE Arts Creative Labs,1781,False,Rogers Road,13,True,False,False,True,1.31,1.21,0.09,medium,low,Suburban or lower-demand area; alternatives may require a longer detour.,gbfs|osm|ridership,"base metadata (name, lat/lon, capacity, charging) from GBFS station_information; spatial context (nearest subway, park, tourist, major road) from OpenStreetMap Overpass API; ridership stats from Toronto Open Data 2025–2026 annual ZIPs"
7859,Mallaby Park ,43.706191092397106,-79.53262795581969,15,small,False,False,,park_trail,small|park_trail|near_park|near_major_road,Small park trail station near a park or trail and on a major road.,Mount Dennis Station Main Entrance,4111,False,Northend Parkette,53,True,The Basketweave,2896,False,St Phillips Road,19,True,False,False,True,0.35,0.38,-0.02,low,low,"Small residential or park-adjacent station; if full, alternatives may be farther away.",gbfs|osm|ridership,"base metadata (name, lat/lon, capacity, charging) from GBFS station_information; spatial context (nearest subway, park, tourist, major road) from OpenStreetMap Overpass API; ridership stats from Toronto Open Data 2025–2026 annual ZIPs"
7860,Cruickshank Park,43.7023860650084,-79.52594758324148,15,small,False,False,,park_trail,small|park_trail|near_park,Small park trail station near a park or trail.,Mount Dennis Station Main Entrance,3435,False,Cruickshank Park,52,True,The Basketweave,2696,False,Weston Road,83,False,False,False,True,0.51,0.51,-0.0,medium,low,"Small residential or park-adjacent station; if full, alternatives may be farther away.",gbfs|osm|ridership,"base metadata (name, lat/lon, capacity, charging) from GBFS station_information; spatial context (nearest subway, park, tourist, major road) from OpenStreetMap Overpass API; ridership stats from Toronto Open Data 2025–2026 annual ZIPs"
7861,Emmett Ave,43.68735514096443,-79.50623313806341,19,medium,False,False,,park_trail,medium|park_trail|near_park,Medium park trail station near a park or trail.,Mount Dennis Station Main Entrance,1429,False,Eglinton Flats,231,True,Urban Arts,940,False,Eglinton Avenue West,300,False,False,False,True,0.71,0.65,0.06,medium,low,"Small residential or park-adjacent station; if full, alternatives may be farther away.",gbfs|osm|ridership,"base metadata (name, lat/lon, capacity, charging) from GBFS station_information; spatial context (nearest subway, park, tourist, major road) from OpenStreetMap Overpass API; ridership stats from Toronto Open Data 2025–2026 annual ZIPs"
7862,Jane St / Weston Rd,43.69144464414302,-79.50154583869246,15,small,False,False,,residential,small|residential|near_major_road,Small residential station on a major road.,Mount Dennis Station Main Entrance,1137,False,Eglinton Flats,609,False,Urban Arts,581,False,Weston Road,12,True,False,False,True,0.58,0.51,0.06,medium,low,"Small residential or park-adjacent station; if full, alternatives may be farther away.",gbfs|osm|ridership,"base metadata (name, lat/lon, capacity, charging) from GBFS station_information; spatial context (nearest subway, park, tourist, major road) from OpenStreetMap Overpass API; ridership stats from Toronto Open Data 2025–2026 annual ZIPs"
7863,Jane St / Queens Dr,43.70673804962302,-79.50477543802873,15,small,False,False,,residential,small|residential|near_major_road,Small residential station on a major road.,,2501,False,,370,False,The Basketweave,1342,False,Jane Street,10,True,False,False,True,0.32,0.32,0.0,low,low,"Small residential or park-adjacent station; if full, alternatives may be farther away.",gbfs|osm|ridership,"base metadata (name, lat/lon, capacity, charging) from GBFS station_information; spatial context (nearest subway, park, tourist, major road) from OpenStreetMap Overpass API; ridership stats from Toronto Open Data 2025–2026 annual ZIPs"
7864,Sussex Ave / St George St,43.665304278965365,-79.39938263802871,15,small,False,False,,tourist_event,small|tourist_event|downtown_core|near_park|near_tourist,"Small tourist event station in the downtown core, near tourist or event venues and near a park or trail.",OISE Entrance,303,False,Huron & Washington Parkette,187,True,University of Toronto Art Centre,376,True,Bloor Street West,247,False,False,True,False,20.81,22.5,-1.69,high,low,Tourist or event-area station; demand may spike around weekends and events.,gbfs|osm|ridership,"base metadata (name, lat/lon, capacity, charging) from GBFS station_information; spatial context (nearest subway, park, tourist, major road) from OpenStreetMap Overpass API; ridership stats from Toronto Open Data 2025–2026 annual ZIPs"
7865,2700 Eglinton Ave W,43.69074600637147,-79.47820143344333,43,very_large,True,False,,park_trail,very_large|park_trail|near_subway|near_park|charging_station,Very large park trail station near subway and near a park or trail.,Keelesdale,279,True,Coronation Park,283,True,Urban Arts,1350,False,Eglinton Avenue West,140,False,False,False,True,0.52,1.12,-0.6,medium,low,"Small residential or park-adjacent station; if full, alternatives may be farther away.",gbfs|osm|ridership,"base metadata (name, lat/lon, capacity, charging) from GBFS station_information; spatial context (nearest subway, park, tourist, major road) from OpenStreetMap Overpass API; ridership stats from Toronto Open Data 2025–2026 annual ZIPs"
7866,697 Lansdowne Ave ,43.659221843735615,-79.44277410244676,23,medium,True,False,,park_trail,medium|park_trail|near_subway|near_park|charging_station,Medium park trail station near subway and near a park or trail.,Lansdowne,12,True,Susan Tibaldi Parkette,274,True,213 Sterling Road,496,False,Bloor Street West,94,False,False,False,True,12.68,20.07,-7.39,high,low,"Small residential or park-adjacent station; if full, alternatives may be farther away.",gbfs|osm|ridership,"base metadata (name, lat/lon, capacity, charging) from GBFS station_information; spatial context (nearest subway, park, tourist, major road) from OpenStreetMap Overpass API; ridership stats from Toronto Open Data 2025–2026 annual ZIPs"
7867,15 Price St ,43.6799477790745,-79.38994813684005,15,small,True,False,,park_trail,small|park_trail|near_subway|near_park|near_major_road|charging_station,"Small park trail station near subway, near a park or trail and on a major road.",Summerhill,197,True,Pricefield Road Playground,201,True,TD Gallery,961,False,Yonge Street,62,True,False,False,True,7.94,13.05,-5.1,medium,low,"Small residential or park-adjacent station; if full, alternatives may be farther away.",gbfs|osm|ridership,"base metadata (name, lat/lon, capacity, charging) from GBFS station_information; spatial context (nearest subway, park, tourist, major road) from OpenStreetMap Overpass API; ridership stats from Toronto Open Data 2025–2026 annual ZIPs"
7868,Sheppard Ave W / Chesswood Dr,43.755583971122874,-79.47446032684479,19,medium,False,False,,residential,medium|residential|near_major_road,Medium residential station on a major road.,Downsview Park Go Entrance,330,False,Michael Feldman Parkette,1171,False,The Basketweave,4640,False,Sheppard Avenue West,20,True,False,False,True,0.79,0.92,-0.13,medium,low,"Small residential or park-adjacent station; if full, alternatives may be farther away.",gbfs|osm|ridership,"base metadata (name, lat/lon, capacity, charging) from GBFS station_information; spatial context (nearest subway, park, tourist, major road) from OpenStreetMap Overpass API; ridership stats from Toronto Open Data 2025–2026 annual ZIPs"
7869,Sentinel Rd / Sheppard Ave W,43.74386580997666,-79.49181654358595,15,small,False,False,,park_trail,small|park_trail|near_park|near_major_road,Small park trail station near a park or trail and on a major road.,Vitti Street,1471,False,,57,True,The Basketweave,2916,False,Sheppard Avenue West,23,True,False,False,True,0.05,0.06,-0.01,low,low,"Small residential or park-adjacent station; if full, alternatives may be farther away.",gbfs|osm|ridership,"base metadata (name, lat/lon, capacity, charging) from GBFS station_information; spatial context (nearest subway, park, tourist, major road) from OpenStreetMap Overpass API; ridership stats from Toronto Open Data 2025–2026 annual ZIPs"
7870,Humber River Hospital ,43.72537884183677,-79.48719674218903,15,small,False,False,,residential,small|residential|near_major_road,Small residential station on a major road.,Passenger PU/DO,3030,False,Roding Park,536,False,The Basketweave,1339,False,Wilson Avenue,16,True,False,False,True,0.68,0.66,0.01,medium,low,"Small residential or park-adjacent station; if full, alternatives may be farther away.",gbfs|osm|ridership,"base metadata (name, lat/lon, capacity, charging) from GBFS station_information; spatial context (nearest subway, park, tourist, major road) from OpenStreetMap Overpass API; ridership stats from Toronto Open Data 2025–2026 annual ZIPs"
7871,Jane St / Lawrence Ave W,43.702340220597975,-79.50347389514123,14,small,False,False,,park_trail,small|park_trail|near_park|near_major_road,Small park trail station near a park or trail and on a major road.,Mount Dennis Station Main Entrance,2039,False,Merrill Park,245,True,Urban Arts,1596,False,Jane Street,12,True,False,False,True,0.34,0.35,-0.02,low,low,"Small residential or park-adjacent station; if full, alternatives may be farther away.",gbfs|osm|ridership,"base metadata (name, lat/lon, capacity, charging) from GBFS station_information; spatial context (nearest subway, park, tourist, major road) from OpenStreetMap Overpass API; ridership stats from Toronto Open Data 2025–2026 annual ZIPs"
7872,Keele St / Catford Rd,43.75919330632997,-79.49001046850891,15,small,False,False,,residential,small|residential|near_major_road,Small residential station on a major road.,Finch West,546,False,Bratty Park,528,False,The Basketweave,4611,False,Keele Street,16,True,False,False,True,1.25,1.29,-0.03,medium,low,"Small residential or park-adjacent station; if full, alternatives may be farther away.",gbfs|osm|ridership,"base metadata (name, lat/lon, capacity, charging) from GBFS station_information; spatial context (nearest subway, park, tourist, major road) from OpenStreetMap Overpass API; ridership stats from Toronto Open Data 2025–2026 annual ZIPs"
7874,The Pond Rd / Ian Macdonald Blvd,43.77086729028769,-79.49812990660705,15,small,False,False,,residential,small|residential,Small residential station.,,334,False,Jack Evelyn Wiggins Park,351,False,The Basketweave,5830,False,Keele Street,411,False,False,False,True,1.83,1.95,-0.12,medium,low,"Small residential or park-adjacent station; if full, alternatives may be farther away.",gbfs|osm|ridership,"base metadata (name, lat/lon, capacity, charging) from GBFS station_information; spatial context (nearest subway, park, tourist, major road) from OpenStreetMap Overpass API; ridership stats from Toronto Open Data 2025–2026 annual ZIPs"
7875,Oakdale Community Centre,43.74751496038769,-79.5132569853195,15,small,False,False,,park_trail,small|park_trail|near_park,Small park trail station near a park or trail.,Jane and Finch,1141,False,,69,True,The Basketweave,3380,False,Jane Street,156,False,False,False,True,0.19,0.18,0.01,low,low,"Small residential or park-adjacent station; if full, alternatives may be farther away.",gbfs|osm|ridership,"base metadata (name, lat/lon, capacity, charging) from GBFS station_information; spatial context (nearest subway, park, tourist, major road) from OpenStreetMap Overpass API; ridership stats from Toronto Open Data 2025–2026 annual ZIPs"
7877,Jane St / Yorkwoods Gt,43.7503016975738,-79.51577557434386,15,small,False,False,,park_trail,small|park_trail|near_park|near_major_road,Small park trail station near a park or trail and on a major road.,Jane and Finch,789,False,Yorkwoods Park,170,True,The Basketweave,3737,False,Jane Street,14,True,False,False,True,0.2,0.18,0.02,low,low,"Small residential or park-adjacent station; if full, alternatives may be farther away.",gbfs|osm|ridership,"base metadata (name, lat/lon, capacity, charging) from GBFS station_information; spatial context (nearest subway, park, tourist, major road) from OpenStreetMap Overpass API; ridership stats from Toronto Open Data 2025–2026 annual ZIPs"
7878,Weston Rd / Sheppard Ave W,43.73262849415089,-79.5381993243286,15,small,False,False,,park_trail,small|park_trail|near_park|near_major_road,Small park trail station near a park or trail and on a major road.,Emery,2185,False,Joseph Bannon Park,241,True,The Basketweave,3389,False,Weston Road,18,True,False,False,True,0.44,0.44,0.0,medium,low,"Small residential or park-adjacent station; if full, alternatives may be farther away.",gbfs|osm|ridership,"base metadata (name, lat/lon, capacity, charging) from GBFS station_information; spatial context (nearest subway, park, tourist, major road) from OpenStreetMap Overpass API; ridership stats from Toronto Open Data 2025–2026 annual ZIPs"
7880,Lindylou Rd / Lanyard Rd,43.74845421407306,-79.5504039969242,15,small,False,False,,residential,small|residential|near_subway,Small residential station near subway.,Milvan Rumike,228,True,Lindy Lou Park,481,False,The Basketweave,5193,False,Finch Avenue West,194,False,False,False,True,0.16,0.18,-0.02,low,low,"Small residential or park-adjacent station; if full, alternatives may be farther away.",gbfs|osm|ridership,"base metadata (name, lat/lon, capacity, charging) from GBFS station_information; spatial context (nearest subway, park, tourist, major road) from OpenStreetMap Overpass API; ridership stats from Toronto Open Data 2025–2026 annual ZIPs"
7883,Wynford Heights Cres / Concorde Pl,43.72749778259739,-79.32714222209015,11,small,False,False,,park_trail,small|park_trail|near_park,Small park trail station near a park or trail.,Don Valley,1009,False,,239,True,Water Feature,1672,False,Eglinton Avenue East,365,False,False,False,True,1.06,0.94,0.12,medium,low,"Small residential or park-adjacent station; if full, alternatives may be farther away.",gbfs|osm|ridership,"base metadata (name, lat/lon, capacity, charging) from GBFS station_information; spatial context (nearest subway, park, tourist, major road) from OpenStreetMap Overpass API; ridership stats from Toronto Open Data 2025–2026 annual ZIPs"
7884,Bartley Park ,43.72211166436462,-79.30864830919265,15,small,False,False,,park_trail,small|park_trail|near_park,Small park trail station near a park or trail.,Don Valley,2267,False,Bartley Park,40,True,Bell Estate,3182,False,Eglinton Avenue East,337,False,False,False,True,0.59,0.56,0.03,medium,low,"Small residential or park-adjacent station; if full, alternatives may be farther away.",gbfs|osm|ridership,"base metadata (name, lat/lon, capacity, charging) from GBFS station_information; spatial context (nearest subway, park, tourist, major road) from OpenStreetMap Overpass API; ridership stats from Toronto Open Data 2025–2026 annual ZIPs"
7885,Brooklawn Ave / Kingston Rd,43.721761400691236,-79.2359137196434,11,small,False,False,,residential,small|residential|near_major_road,Small residential station on a major road.,GO Station Entrance,2472,False,Barkdene Park,568,False,Bell Estate,3675,False,Kingston Road,20,True,False,False,True,1.21,1.13,0.09,medium,low,"Small residential or park-adjacent station; if full, alternatives may be farther away.",gbfs|osm|ridership,"base metadata (name, lat/lon, capacity, charging) from GBFS station_information; spatial context (nearest subway, park, tourist, major road) from OpenStreetMap Overpass API; ridership stats from Toronto Open Data 2025–2026 annual ZIPs"
7888,The Kingsway / Ashley Rd,43.66279594478841,-79.51959827976225,15,small,False,False,,park_trail,small|park_trail|near_park,Small park trail station near a park or trail.,Royal York Rd,1756,False,St Stevens Court Parkette,147,True,Duck pond,984,False,Royal York Road,106,False,False,False,True,1.03,0.88,0.15,medium,low,"Small residential or park-adjacent station; if full, alternatives may be farther away.",gbfs|osm|ridership,"base metadata (name, lat/lon, capacity, charging) from GBFS station_information; spatial context (nearest subway, park, tourist, major road) from OpenStreetMap Overpass API; ridership stats from Toronto Open Data 2025–2026 annual ZIPs"
7889,Dundas St W / Prince Edward Dr N,43.660324268765464,-79.51154350422973,19,medium,False,False,,park_trail,medium|park_trail|near_park|near_major_road,Medium park trail station near a park or trail and on a major road.,Grenview Boulevard,1315,False,Joshua Glover Park,135,True,Duck pond,1194,False,Dundas Street West,24,True,False,False,True,1.98,1.8,0.18,medium,low,"Small residential or park-adjacent station; if full, alternatives may be farther away.",gbfs|osm|ridership,"base metadata (name, lat/lon, capacity, charging) from GBFS station_information; spatial context (nearest subway, park, tourist, major road) from OpenStreetMap Overpass API; ridership stats from Toronto Open Data 2025–2026 annual ZIPs"
7890,60 Broadway Ave,43.71024429599603,-79.39578744603273,23,medium,False,False,,park_trail,medium|park_trail|near_park,Medium park trail station near a park or trail.,ePlace,383,False,Redpath Avenue Parkette,260,True,The Al Green Gallery / Green Family Companies,1511,False,Yonge Street,264,False,False,False,True,4.3,5.05,-0.75,medium,low,"Small residential or park-adjacent station; if full, alternatives may be farther away.",gbfs|osm|ridership,"base metadata (name, lat/lon, capacity, charging) from GBFS station_information; spatial context (nearest subway, park, tourist, major road) from OpenStreetMap Overpass API; ridership stats from Toronto Open Data 2025–2026 annual ZIPs"
7891,Opposite 1103 Leslie St,43.72093164598881,-79.34989416350709,19,medium,False,False,,residential,medium|residential|near_major_road,Medium residential station on a major road.,Don Valley,864,False,Serena Gundy Park,848,False,Water Feature,1519,False,Leslie Street,21,True,False,False,True,1.34,1.45,-0.11,medium,low,"Small residential or park-adjacent station; if full, alternatives may be farther away.",gbfs|osm|ridership,"base metadata (name, lat/lon, capacity, charging) from GBFS station_information; spatial context (nearest subway, park, tourist, major road) from OpenStreetMap Overpass API; ridership stats from Toronto Open Data 2025–2026 annual ZIPs"
7892,Erskine Ave / Redpath Ave,43.712154792369496,-79.39425906322937,15,small,False,False,,park_trail,small|park_trail|near_park,Small park trail station near a park or trail.,,496,False,Redpath Avenue Parkette,26,True,The Al Green Gallery / Green Family Companies,1719,False,Mount Pleasant Road,208,False,False,False,True,0.01,0.09,-0.07,low,low,"Small residential or park-adjacent station; if full, alternatives may be farther away.",gbfs|osm|ridership,"base metadata (name, lat/lon, capacity, charging) from GBFS station_information; spatial context (nearest subway, park, tourist, major road) from OpenStreetMap Overpass API; ridership stats from Toronto Open Data 2025–2026 annual ZIPs"
7893,Overlea Blvd / Thorncliffe Park Dr,43.707555968595464,-79.34272024477463,19,medium,False,False,,park_trail,medium|park_trail|near_park|near_major_road,Medium park trail station near a park or trail and on a major road.,Don Valley,1422,False,E. T. Seton Park,213,True,4CATS Art Studio,2586,False,Overlea Boulevard,36,True,False,False,True,1.63,1.62,0.01,medium,low,"Small residential or park-adjacent station; if full, alternatives may be farther away.",gbfs|osm|ridership,"base metadata (name, lat/lon, capacity, charging) from GBFS station_information; spatial context (nearest subway, park, tourist, major road) from OpenStreetMap Overpass API; ridership stats from Toronto Open Data 2025–2026 annual ZIPs"
7894,Millwood Rd / Southvale Dr,43.70241717215276,-79.36175932936095,15,small,False,False,,park_trail,small|park_trail|near_park,Small park trail station near a park or trail.,Laird,1240,False,,102,True,4CATS Art Studio,958,False,Millwood Road,126,False,False,False,True,3.5,3.38,0.12,medium,low,"Small residential or park-adjacent station; if full, alternatives may be farther away.",gbfs|osm|ridership,"base metadata (name, lat/lon, capacity, charging) from GBFS station_information; spatial context (nearest subway, park, tourist, major road) from OpenStreetMap Overpass API; ridership stats from Toronto Open Data 2025–2026 annual ZIPs"
7895,Keele St / Lloyd Ave,43.67115532642577,-79.46701597756929,15,small,False,False,,park_trail,small|park_trail|near_park|near_major_road,Small park trail station near a park or trail and on a major road.,Keele,1833,False,Keele-Mulock Parkette,58,True,MUSE Arts Creative Labs,1178,False,Keele Street,73,True,False,False,True,2.43,2.35,0.09,medium,low,"Small residential or park-adjacent station; if full, alternatives may be farther away.",gbfs|osm|ridership,"base metadata (name, lat/lon, capacity, charging) from GBFS station_information; spatial context (nearest subway, park, tourist, major road) from OpenStreetMap Overpass API; ridership stats from Toronto Open Data 2025–2026 annual ZIPs"
7896,Arlington Parkette,43.69105005197055,-79.43281746494293,15,small,False,False,,park_trail,small|park_trail|near_park,Small park trail station near a park or trail.,Cedarvale Entrance,878,False,Arlington Parkette,66,True,Little House,1444,False,Bathurst Street,872,False,False,False,True,1.51,1.42,0.09,medium,low,"Small residential or park-adjacent station; if full, alternatives may be farther away.",gbfs|osm|ridership,"base metadata (name, lat/lon, capacity, charging) from GBFS station_information; spatial context (nearest subway, park, tourist, major road) from OpenStreetMap Overpass API; ridership stats from Toronto Open Data 2025–2026 annual ZIPs"
7897,50 Overlea Blvd,43.707225,-79.345324,15,small,False,False,,residential,small|residential|near_major_road,Small residential station on a major road.,Don Valley,1513,False,E. T. Seton Park,354,False,4CATS Art Studio,2375,False,Overlea Boulevard,15,True,False,False,True,2.88,2.94,-0.06,medium,low,"Small residential or park-adjacent station; if full, alternatives may be farther away.",gbfs|osm|ridership,"base metadata (name, lat/lon, capacity, charging) from GBFS station_information; spatial context (nearest subway, park, tourist, major road) from OpenStreetMap Overpass API; ridership stats from Toronto Open Data 2025–2026 annual ZIPs"
7898,University Ave / Gerrard St W - SMART(South),43.65748153286412,-79.38921396018827,16,medium,False,True,"Mon-Fri 7:00AM-10:00AM, 4:00PM-6:00PM",transit_hub,medium|transit_hub|downtown_core|near_subway|near_park|near_tourist|near_major_road|superstation|valet_station,"Medium transit hub station staffed superstation, near subway, in the downtown core, near tourist or event venues, near a park or trail and on a major road.",University / College Southeast Entrance,250,True,Children's Healing Garden,30,True,Insulin: Toronto’s Gift to the World,303,True,University Avenue,16,True,False,True,False,10.68,12.26,-1.58,medium,low,"Superstation: staffed Mon-Fri 7:00AM-10:00AM, 4:00PM-6:00PM with unlimited dock capacity; reliable during those windows, but normal commuter pressure outside them.",gbfs|osm|ridership|superstation_page|valet_page,"base metadata (name, lat/lon, capacity, charging) from GBFS station_information; spatial context (nearest subway, park, tourist, major road) from OpenStreetMap Overpass API; ridership stats from Toronto Open Data 2025–2026 annual ZIPs; superstation flag from bikesharetoronto.com/superstations/; valet hours (Mon-Fri 7:00AM-10:00AM, 4:00PM-6:00PM) from bikesharetoronto.com/valet-stations/"
7899,Queens Park Cres / College St ,43.66018127636866,-79.39083271520538,23,medium,False,False,,transit_hub,medium|transit_hub|downtown_core|near_subway|near_park|near_tourist|near_major_road,"Medium transit hub station near subway, in the downtown core, near tourist or event venues, near a park or trail and on a major road.",University / College Northwest Entrance,18,True,,43,True,Insulin: Toronto’s Gift to the World,244,True,Queen's Park,17,True,False,True,False,30.14,35.65,-5.51,very_high,low,"Large capacity helps, but downtown commuter demand can change quickly; check alternatives early.",gbfs|osm|ridership,"base metadata (name, lat/lon, capacity, charging) from GBFS station_information; spatial context (nearest subway, park, tourist, major road) from OpenStreetMap Overpass API; ridership stats from Toronto Open Data 2025–2026 annual ZIPs"
7900,Simcoe St / Elm St,43.656038841714505,-79.38970387738495,11,small,False,False,,transit_hub,small|transit_hub|downtown_core|near_subway|near_park|near_tourist|near_major_road,"Small transit hub station near subway, in the downtown core, near tourist or event venues, near a park or trail and on a major road.","University / Dundas, Northwest corner",137,True,,109,True,Toronto bicycle tour,253,True,University Avenue,57,True,False,True,False,15.86,17.56,-1.7,high,low,"Large capacity helps, but downtown commuter demand can change quickly; check alternatives early.",gbfs|osm|ridership,"base metadata (name, lat/lon, capacity, charging) from GBFS station_information; spatial context (nearest subway, park, tourist, major road) from OpenStreetMap Overpass API; ridership stats from Toronto Open Data 2025–2026 annual ZIPs"
7901,Bloor St W / Kingsmill Rd,43.64927890131737,-79.50312995581972,11,small,False,False,,residential,small|residential|near_major_road,Small residential station on a major road.,Grenview Boulevard,410,False,King's Mill Park,771,False,MABELLEarts Pavilion,2080,False,Bloor Street West,49,True,False,False,True,0.88,0.92,-0.04,medium,low,"Small residential or park-adjacent station; if full, alternatives may be farther away.",gbfs|osm|ridership,"base metadata (name, lat/lon, capacity, charging) from GBFS station_information; spatial context (nearest subway, park, tourist, major road) from OpenStreetMap Overpass API; ridership stats from Toronto Open Data 2025–2026 annual ZIPs"
7902,Gunns Rd / Lavender Creek Trail,43.675531973168354,-79.47199740066374,15,small,False,False,,park_trail,small|park_trail|near_park,Small park trail station near a park or trail.,Keelesdale,1675,False,Upper Junction Park,261,True,MUSE Arts Creative Labs,1488,False,Weston Road,135,False,False,False,True,0.67,0.66,0.0,medium,low,"Small residential or park-adjacent station; if full, alternatives may be farther away.",gbfs|osm|ridership,"base metadata (name, lat/lon, capacity, charging) from GBFS station_information; spatial context (nearest subway, park, tourist, major road) from OpenStreetMap Overpass API; ridership stats from Toronto Open Data 2025–2026 annual ZIPs"
7903,St. Clair Ave W / Symes Rd,43.670042134416704,-79.4789424818056,15,small,False,False,,park_trail,small|park_trail|near_park|near_major_road,Small park trail station near a park or trail and on a major road.,Parkview Gardens North,2011,False,Runnymede Park,191,True,MUSE Arts Creative Labs,2126,False,St. Clair Avenue West,15,True,False,False,True,1.72,1.7,0.02,medium,low,"Small residential or park-adjacent station; if full, alternatives may be farther away.",gbfs|osm|ridership,"base metadata (name, lat/lon, capacity, charging) from GBFS station_information; spatial context (nearest subway, park, tourist, major road) from OpenStreetMap Overpass API; ridership stats from Toronto Open Data 2025–2026 annual ZIPs"
7904,Palmerston Blvd / Lennox St,43.66335070995886,-79.41312798316125,11,small,False,False,,transit_hub,small|transit_hub|downtown_core|near_subway|near_park,"Small transit hub station near subway, in the downtown core and near a park or trail.",Markham Street,239,True,Honest Ed’s Park,98,True,"Ukrainian Museum of Canada, Ontario Branch",896,False,Bloor Street West,146,False,False,True,False,18.48,19.7,-1.22,high,low,"Large capacity helps, but downtown commuter demand can change quickly; check alternatives early.",gbfs|osm|ridership,"base metadata (name, lat/lon, capacity, charging) from GBFS station_information; spatial context (nearest subway, park, tourist, major road) from OpenStreetMap Overpass API; ridership stats from Toronto Open Data 2025–2026 annual ZIPs"
7906,Princess St / Front St E,43.650297574961044,-79.36648460341635,14,small,False,False,,tourist_event,small|tourist_event|downtown_core|near_park|near_tourist|near_major_road,"Small tourist event station in the downtown core, near tourist or event venues, near a park or trail and on a major road.",Yonge / King Southeast corner,882,False,Time and Space Courtyard,87,True,Museum of Illusions,259,True,Front Street East,44,True,False,True,False,34.1,38.23,-4.13,very_high,medium,Tourist or event-area station; demand may spike around weekends and events.,gbfs|osm|ridership,"base metadata (name, lat/lon, capacity, charging) from GBFS station_information; spatial context (nearest subway, park, tourist, major road) from OpenStreetMap Overpass API; ridership stats from Toronto Open Data 2025–2026 annual ZIPs"
7907,365 Lippincott St,43.6649482,-79.40947,41,very_large,True,False,,transit_hub,very_large|transit_hub|downtown_core|near_subway|near_park|charging_station,"Very large transit hub station near subway, in the downtown core and near a park or trail.",Bathurst,179,True,Seaton Park,138,True,"Ukrainian Museum of Canada, Ontario Branch",680,False,Bloor Street West,98,False,False,True,False,19.96,42.89,-22.93,high,low,"Large capacity helps, but downtown commuter demand can change quickly; check alternatives early.",gbfs|osm|ridership,"base metadata (name, lat/lon, capacity, charging) from GBFS station_information; spatial context (nearest subway, park, tourist, major road) from OpenStreetMap Overpass API; ridership stats from Toronto Open Data 2025–2026 annual ZIPs"
7909,E.T Seton Park - South ,43.70503461857136,-79.33547292037659,23,medium,False,False,,suburban_node,medium|suburban_node,Medium suburban node station.,Don Valley,1701,False,R.V. Burgess Park,666,False,Create Art Studio,2676,False,Don Mills Road,120,False,False,False,True,3.23,3.29,-0.05,medium,low,Suburban or lower-demand area; alternatives may require a longer detour.,gbfs|osm|ridership,"base metadata (name, lat/lon, capacity, charging) from GBFS station_information; spatial context (nearest subway, park, tourist, major road) from OpenStreetMap Overpass API; ridership stats from Toronto Open Data 2025–2026 annual ZIPs"
7910,Eglinton Ave E / Brentcliffe Rd,43.714305793017544,-79.36089045040129,15,small,False,False,,residential,small|residential|near_subway|near_major_road,Small residential station near subway and on a major road.,Laird,270,True,Serena Gundy Park,427,False,4CATS Art Studio,1833,False,Eglinton Avenue East,24,True,False,False,True,5.08,4.95,0.14,medium,low,"Small residential or park-adjacent station; if full, alternatives may be farther away.",gbfs|osm|ridership,"base metadata (name, lat/lon, capacity, charging) from GBFS station_information; spatial context (nearest subway, park, tourist, major road) from OpenStreetMap Overpass API; ridership stats from Toronto Open Data 2025–2026 annual ZIPs"
7911,King St W / York St (2),43.647968822765,-79.38316961352653,19,medium,False,False,,transit_hub,medium|transit_hub|downtown_core|near_subway|near_park|near_tourist|near_major_road,"Medium transit hub station near subway, in the downtown core, near tourist or event venues, near a park or trail and on a major road.",Entrance from 145 King West (via PATH),109,True,The Pasture,99,True,TD Gallery of Indigenous Art,223,True,King Street West,31,True,False,True,False,15.83,16.54,-0.71,high,low,"Large capacity helps, but downtown commuter demand can change quickly; check alternatives early.",gbfs|osm|ridership,"base metadata (name, lat/lon, capacity, charging) from GBFS station_information; spatial context (nearest subway, park, tourist, major road) from OpenStreetMap Overpass API; ridership stats from Toronto Open Data 2025–2026 annual ZIPs"
7912,Joe Shuster Way / King St W ,43.64039672322004,-79.4237424131447,19,medium,False,False,,tourist_event,medium|tourist_event|near_park|near_tourist|near_major_road,"Medium tourist event station near tourist or event venues, near a park or trail and on a major road.",Russett Avenue - E,2384,False,Rita Cox Park,151,True,InterAccess,176,True,King Street West,78,True,False,False,False,29.94,31.24,-1.3,very_high,low,Tourist or event-area station; demand may spike around weekends and events.,gbfs|osm|ridership,"base metadata (name, lat/lon, capacity, charging) from GBFS station_information; spatial context (nearest subway, park, tourist, major road) from OpenStreetMap Overpass API; ridership stats from Toronto Open Data 2025–2026 annual ZIPs"
7913,St. George St / Willcocks St,43.662452744495575,-79.3978384219513,35,large,False,False,,tourist_event,large|tourist_event|downtown_core|near_park|near_tourist,"Large tourist event station in the downtown core, near tourist or event venues and near a park or trail.",,531,False,Front Campus,230,True,University of Toronto Art Centre,200,True,Spadina Avenue,305,False,False,True,False,39.05,51.41,-12.36,very_high,low,Tourist or event-area station; demand may spike around weekends and events.,gbfs|osm|ridership,"base metadata (name, lat/lon, capacity, charging) from GBFS station_information; spatial context (nearest subway, park, tourist, major road) from OpenStreetMap Overpass API; ridership stats from Toronto Open Data 2025–2026 annual ZIPs"
7914,York St / Wellington St W (2),43.647043061824,-79.38314120681535,27,large,False,False,,transit_hub,large|transit_hub|downtown_core|near_subway|near_park|near_tourist,"Large transit hub station near subway, in the downtown core, near tourist or event venues and near a park or trail.",Entrance from 145 King West (via PATH),120,True,The Pasture,87,True,TD Gallery of Indigenous Art,162,True,University Avenue,100,False,False,True,False,10.86,11.21,-0.34,medium,low,"Large capacity helps, but downtown commuter demand can change quickly; check alternatives early.",gbfs|osm|ridership,"base metadata (name, lat/lon, capacity, charging) from GBFS station_information; spatial context (nearest subway, park, tourist, major road) from OpenStreetMap Overpass API; ridership stats from Toronto Open Data 2025–2026 annual ZIPs"
7915,Rogers Rd / Watt Ave,43.68233679999999,-79.4680594,15,small,False,False,,park_trail,small|park_trail|near_park|near_major_road,Small park trail station near a park or trail and on a major road.,Keelesdale,1052,False,,121,True,MUSE Arts Creative Labs,1413,False,Rogers Road,35,True,False,False,True,1.7,1.69,0.01,medium,low,"Small residential or park-adjacent station; if full, alternatives may be farther away.",gbfs|osm|ridership,"base metadata (name, lat/lon, capacity, charging) from GBFS station_information; spatial context (nearest subway, park, tourist, major road) from OpenStreetMap Overpass API; ridership stats from Toronto Open Data 2025–2026 annual ZIPs"
7916,University Ave / Pearl St ,43.64836809385241,-79.3853510232788,19,medium,False,False,,transit_hub,medium|transit_hub|downtown_core|near_subway|near_park|near_tourist|near_major_road,"Medium transit hub station near subway, in the downtown core, near tourist or event venues, near a park or trail and on a major road.",University / King Northwest corner,55,True,,249,True,Onsite [at] OCAD U,302,True,University Avenue,18,True,False,True,False,18.39,18.35,0.04,high,low,"Large capacity helps, but downtown commuter demand can change quickly; check alternatives early.",gbfs|osm|ridership,"base metadata (name, lat/lon, capacity, charging) from GBFS station_information; spatial context (nearest subway, park, tourist, major road) from OpenStreetMap Overpass API; ridership stats from Toronto Open Data 2025–2026 annual ZIPs"
7917,King St W / University Ave,43.64781808540915,-79.38427999073791,35,large,False,False,,transit_hub,large|transit_hub|downtown_core|near_subway|near_park|near_tourist|near_major_road,"Large transit hub station near subway, in the downtown core, near tourist or event venues, near a park or trail and on a major road.",Entrance from 145 King West (via PATH),28,True,The Pasture,173,True,TD Gallery of Indigenous Art,283,True,King Street West,46,True,False,True,False,21.82,23.67,-1.85,high,low,"Large capacity helps, but downtown commuter demand can change quickly; check alternatives early.",gbfs|osm|ridership,"base metadata (name, lat/lon, capacity, charging) from GBFS station_information; spatial context (nearest subway, park, tourist, major road) from OpenStreetMap Overpass API; ridership stats from Toronto Open Data 2025–2026 annual ZIPs"
7918,Albion Rd/ Arcot Blvd,43.727621709316395,-79.55254902939286,15,small,False,False,,residential,small|residential|near_major_road,Small residential station on a major road.,Pearldale,2383,False,Summerlea Park,464,False,The Basketweave,4278,False,Albion Road,24,True,False,False,True,0.65,0.69,-0.04,medium,low,"Small residential or park-adjacent station; if full, alternatives may be farther away.",gbfs|osm|ridership,"base metadata (name, lat/lon, capacity, charging) from GBFS station_information; spatial context (nearest subway, park, tourist, major road) from OpenStreetMap Overpass API; ridership stats from Toronto Open Data 2025–2026 annual ZIPs"
7919,Armel Ct / Albion Rd,43.721532966873205,-79.5455834809678,19,medium,False,False,,residential,medium|residential|near_major_road,Medium residential station on a major road.,Duncanwoods,3184,False,Acacia Park,394,False,The Basketweave,3611,False,Albion Road,28,True,False,False,True,0.95,0.94,0.01,medium,low,"Small residential or park-adjacent station; if full, alternatives may be farther away.",gbfs|osm|ridership,"base metadata (name, lat/lon, capacity, charging) from GBFS station_information; spatial context (nearest subway, park, tourist, major road) from OpenStreetMap Overpass API; ridership stats from Toronto Open Data 2025–2026 annual ZIPs"
7920,75 Tandridge Cres,43.729578273586064,-79.54699793872719,15,small,False,False,,park_trail,small|park_trail|near_park,Small park trail station near a park or trail.,Duncanwoods,2298,False,Summerlea Park,96,True,The Basketweave,3909,False,Albion Road,510,False,False,False,True,0.22,0.24,-0.02,low,low,"Small residential or park-adjacent station; if full, alternatives may be farther away.",gbfs|osm|ridership,"base metadata (name, lat/lon, capacity, charging) from GBFS station_information; spatial context (nearest subway, park, tourist, major road) from OpenStreetMap Overpass API; ridership stats from Toronto Open Data 2025–2026 annual ZIPs"
7922,35 Erindale Ave,43.67729,-79.35741,23,medium,True,False,,tourist_event,medium|tourist_event|near_subway|near_park|near_tourist|charging_station,"Medium tourist event station near subway, near tourist or event venues and near a park or trail.",Broadview Avenue,119,True,Broadview Subway Station Parkette,79,True,The Danforth Art Studio,216,True,Broadview Avenue,104,False,False,False,False,3.05,9.64,-6.58,medium,low,Tourist or event-area station; demand may spike around weekends and events.,gbfs|osm|ridership,"base metadata (name, lat/lon, capacity, charging) from GBFS station_information; spatial context (nearest subway, park, tourist, major road) from OpenStreetMap Overpass API; ridership stats from Toronto Open Data 2025–2026 annual ZIPs"
7923,Trethewey Dr / Jane St,43.697417070558615,-79.50079830912324,19,medium,False,False,,park_trail,medium|park_trail|near_park|near_major_road,Medium park trail station near a park or trail and on a major road.,Mount Dennis Station Main Entrance,1478,False,Trethewey Park,250,True,Urban Arts,1010,False,Trethewey Drive,35,True,False,False,True,0.6,0.54,0.06,medium,low,"Small residential or park-adjacent station; if full, alternatives may be farther away.",gbfs|osm|ridership,"base metadata (name, lat/lon, capacity, charging) from GBFS station_information; spatial context (nearest subway, park, tourist, major road) from OpenStreetMap Overpass API; ridership stats from Toronto Open Data 2025–2026 annual ZIPs"
7924,Duncan St / Adelaide St W - SMART,43.64813057569729,-79.38858106137695,12,small,False,False,,transit_hub,small|transit_hub|downtown_core|near_subway|near_tourist|near_major_road,"Small transit hub station near subway, in the downtown core, near tourist or event venues and on a major road.",University / King Northwest corner,280,True,,311,False,OCAD Graduate Gallery,136,True,Adelaide Street West,10,True,False,True,False,30.4,32.76,-2.36,very_high,medium,"Large capacity helps, but downtown commuter demand can change quickly; check alternatives early.",gbfs|osm|ridership,"base metadata (name, lat/lon, capacity, charging) from GBFS station_information; spatial context (nearest subway, park, tourist, major road) from OpenStreetMap Overpass API; ridership stats from Toronto Open Data 2025–2026 annual ZIPs"
7925,Niagara St / King St W - SMART,43.64281323408372,-79.40751415588915,24,medium,False,False,,tourist_event,medium|tourist_event|downtown_core|near_park|near_tourist|near_major_road,"Medium tourist event station in the downtown core, near tourist or event venues, near a park or trail and on a major road.","University / Queen, Southwest Entrance",1867,False,Stanley Park,128,True,the industREALarts room,354,True,King Street West,18,True,False,True,False,27.68,30.07,-2.39,very_high,low,Tourist or event-area station; demand may spike around weekends and events.,gbfs|osm|ridership,"base metadata (name, lat/lon, capacity, charging) from GBFS station_information; spatial context (nearest subway, park, tourist, major road) from OpenStreetMap Overpass API; ridership stats from Toronto Open Data 2025–2026 annual ZIPs"
7926,McRae Dr / Laird Dr - SMART,43.70979296822595,-79.36389214460489,24,medium,False,False,,suburban_node,medium|suburban_node|near_major_road,Medium suburban node station on a major road.,Laird,402,False,Trace Manes Park,528,False,4CATS Art Studio,1283,False,Laird Drive,49,True,False,False,True,3.21,3.3,-0.09,medium,low,Suburban or lower-demand area; alternatives may require a longer detour.,gbfs|osm|ridership,"base metadata (name, lat/lon, capacity, charging) from GBFS station_information; spatial context (nearest subway, park, tourist, major road) from OpenStreetMap Overpass API; ridership stats from Toronto Open Data 2025–2026 annual ZIPs"
7927,Strachan Ave / East Liberty St - SMART,43.63906470236988,-79.41080996164456,24,medium,False,False,,tourist_event,medium|tourist_event|downtown_core|near_park|near_tourist,"Medium tourist event station in the downtown core, near tourist or event venues and near a park or trail.",University / King Southwest corner (on King),2274,False,Gateway Park,93,True,The Queen's York Rangers Museum,336,True,King Street West,344,False,False,True,False,57.14,57.67,-0.52,very_high,medium,Tourist or event-area station; demand may spike around weekends and events.,gbfs|osm|ridership,"base metadata (name, lat/lon, capacity, charging) from GBFS station_information; spatial context (nearest subway, park, tourist, major road) from OpenStreetMap Overpass API; ridership stats from Toronto Open Data 2025–2026 annual ZIPs"
7928,Simcoe St / Pullan Pl,43.65105290412541,-79.38764943227872,79,very_large,False,False,,transit_hub,very_large|transit_hub|downtown_core|near_subway|near_park|near_tourist|near_major_road,"Very large transit hub station near subway, in the downtown core, near tourist or event venues, near a park or trail and on a major road.","University / Queen, Northwest Entrance",55,True,,117,True,Campbell House,26,True,Queen Street West,47,True,False,True,False,17.79,20.08,-2.29,high,low,"Large capacity helps, but downtown commuter demand can change quickly; check alternatives early.",gbfs|osm|ridership,"base metadata (name, lat/lon, capacity, charging) from GBFS station_information; spatial context (nearest subway, park, tourist, major road) from OpenStreetMap Overpass API; ridership stats from Toronto Open Data 2025–2026 annual ZIPs"
7929,Spadina Ave / Bulwer St- SMART ,43.649354475273796,-79.39675713332855,12,small,False,False,,park_trail,small|park_trail|downtown_core|near_park|near_major_road,"Small park trail station in the downtown core, near a park or trail and on a major road.","University / Queen, Southwest Entrance",798,False,,124,True,OCAD Graduate Gallery,633,False,Spadina Avenue,8,True,False,True,False,21.14,22.68,-1.54,high,low,"Small residential or park-adjacent station; if full, alternatives may be farther away.",gbfs|osm|ridership,"base metadata (name, lat/lon, capacity, charging) from GBFS station_information; spatial context (nearest subway, park, tourist, major road) from OpenStreetMap Overpass API; ridership stats from Toronto Open Data 2025–2026 annual ZIPs"
7930,Dunn Ave / Queen St W,43.639522754211804,-79.43395976815727,15,small,False,False,,park_trail,small|park_trail|near_park,Small park trail station near a park or trail.,Russett Avenue - E,2256,False,Dunn Avenue Parkette,37,True,InterAccess,900,False,Queen Street West,174,False,False,False,True,3.79,3.68,0.12,medium,low,"Small residential or park-adjacent station; if full, alternatives may be farther away.",gbfs|osm|ridership,"base metadata (name, lat/lon, capacity, charging) from GBFS station_information; spatial context (nearest subway, park, tourist, major road) from OpenStreetMap Overpass API; ridership stats from Toronto Open Data 2025–2026 annual ZIPs"
7931,Symes Rd / Glen Scarlett Rd - SMART,43.673391524931525,-79.47798367814572,16,medium,False,False,,park_trail,medium|park_trail|near_park,Medium park trail station near a park or trail.,Mount Dennis Station Secondary Entrance,1737,False,,245,True,MUSE Arts Creative Labs,1980,False,St. Clair Avenue West,341,False,False,False,True,0.79,0.77,0.02,medium,low,"Small residential or park-adjacent station; if full, alternatives may be farther away.",gbfs|osm|ridership,"base metadata (name, lat/lon, capacity, charging) from GBFS station_information; spatial context (nearest subway, park, tourist, major road) from OpenStreetMap Overpass API; ridership stats from Toronto Open Data 2025–2026 annual ZIPs"
7932,Boston Ave / Queen St E- SMART,43.661601650964336,-79.33894582857273,12,small,False,False,,tourist_event,small|tourist_event|near_park|near_tourist|near_major_road,"Small tourist event station near tourist or event venues, near a park or trail and on a major road.",Lipton Avenue,2078,False,John Chang Neighbourhood Park,264,True,Tchotchke House (Crazy Doll House),364,True,Queen Street East,31,True,False,False,False,9.56,8.71,0.85,medium,low,Tourist or event-area station; demand may spike around weekends and events.,gbfs|osm|ridership,"base metadata (name, lat/lon, capacity, charging) from GBFS station_information; spatial context (nearest subway, park, tourist, major road) from OpenStreetMap Overpass API; ridership stats from Toronto Open Data 2025–2026 annual ZIPs"
7933,Elizabeth St / Elm St,43.6570908165693,-79.38593668834272,23,medium,False,False,,transit_hub,medium|transit_hub|downtown_core|near_subway|near_park|near_tourist,"Medium transit hub station near subway, in the downtown core, near tourist or event venues and near a park or trail.","University / Dundas, Northeast corner",294,True,Children's Healing Garden,238,True,Textile Museum Of Canada,295,True,Bay Street,129,False,False,True,False,49.39,51.18,-1.79,very_high,medium,"Large capacity helps, but downtown commuter demand can change quickly; check alternatives early.",gbfs|osm|ridership,"base metadata (name, lat/lon, capacity, charging) from GBFS station_information; spatial context (nearest subway, park, tourist, major road) from OpenStreetMap Overpass API; ridership stats from Toronto Open Data 2025–2026 annual ZIPs"
7934,19 Glendora Ave,43.75921143833388,-79.40960364801701,11,small,True,False,,park_trail,small|park_trail|near_subway|near_park|near_major_road|charging_station,"Small park trail station near subway, near a park or trail and on a major road.",4711 Yonge Street Entrance,82,True,Avondale Park,262,True,Fire Hose Tower,1064,False,Yonge Street,59,True,False,False,True,1.98,2.75,-0.77,medium,low,"Small residential or park-adjacent station; if full, alternatives may be farther away.",gbfs|osm|ridership,"base metadata (name, lat/lon, capacity, charging) from GBFS station_information; spatial context (nearest subway, park, tourist, major road) from OpenStreetMap Overpass API; ridership stats from Toronto Open Data 2025–2026 annual ZIPs"
7935,Ramsden Park,43.676184561302776,-79.38962496400146,15,small,False,False,,park_trail,small|park_trail|near_subway|near_park|near_major_road,"Small park trail station near subway, near a park or trail and on a major road.",Cresecent Road Entrance,110,True,Budd Sugarman Park,72,True,TD Gallery,558,False,Yonge Street,33,True,False,False,True,10.95,12.68,-1.74,medium,low,"Small residential or park-adjacent station; if full, alternatives may be farther away.",gbfs|osm|ridership,"base metadata (name, lat/lon, capacity, charging) from GBFS station_information; spatial context (nearest subway, park, tourist, major road) from OpenStreetMap Overpass API; ridership stats from Toronto Open Data 2025–2026 annual ZIPs"
7936,Adelaide St W / Bay St (South),43.65011637593798,-79.37953068860327,15,small,False,False,Mon-Fri 7:00AM-10:00AM,transit_hub,small|transit_hub|downtown_core|near_subway|near_park|near_tourist|near_major_road|valet_station,"Small transit hub station valet-served station, near subway, in the downtown core, near tourist or event venues, near a park or trail and on a major road.",Entrance from Scotia Plaza (via PATH),144,True,Arnell Plaza,51,True,Design Exchange,268,True,Adelaide Street West,8,True,False,True,False,7.06,8.54,-1.47,medium,low,"Valet station: extra capacity available Mon-Fri 7:00AM-10:00AM; outside those hours, treated as a regular dock.",gbfs|osm|ridership|valet_page,"base metadata (name, lat/lon, capacity, charging) from GBFS station_information; spatial context (nearest subway, park, tourist, major road) from OpenStreetMap Overpass API; ridership stats from Toronto Open Data 2025–2026 annual ZIPs; valet hours (Mon-Fri 7:00AM-10:00AM) from bikesharetoronto.com/valet-stations/"
7937,Adelaide St W / Yonge St,43.65038002325664,-79.3787277120385,19,medium,False,False,,transit_hub,medium|transit_hub|downtown_core|near_subway|near_park|near_tourist|near_major_road,"Medium transit hub station near subway, in the downtown core, near tourist or event venues, near a park or trail and on a major road.",Entrance from Scotia Plaza (via PATH),129,True,Arnell Plaza,102,True,Canada's Theatre Museum,296,True,Adelaide Street West,25,True,False,True,False,33.92,37.04,-3.12,very_high,low,"Large capacity helps, but downtown commuter demand can change quickly; check alternatives early.",gbfs|osm|ridership,"base metadata (name, lat/lon, capacity, charging) from GBFS station_information; spatial context (nearest subway, park, tourist, major road) from OpenStreetMap Overpass API; ridership stats from Toronto Open Data 2025–2026 annual ZIPs"
7938,Portland St / Wellington St W,43.64290167152932,-79.39937033134326,15,small,False,False,,tourist_event,small|tourist_event|downtown_core|near_park|near_tourist,"Small tourist event station in the downtown core, near tourist or event venues and near a park or trail.",University / King Southwest corner (on King),1260,False,Victoria Memorial Square,78,True,The Ground Floor: Jumblies Theatre,391,True,Front Street West,172,False,False,True,False,39.35,42.21,-2.86,very_high,medium,Tourist or event-area station; demand may spike around weekends and events.,gbfs|osm|ridership,"base metadata (name, lat/lon, capacity, charging) from GBFS station_information; spatial context (nearest subway, park, tourist, major road) from OpenStreetMap Overpass API; ridership stats from Toronto Open Data 2025–2026 annual ZIPs"
7939,Princes' Gates,43.63467323676012,-79.40897321886649,17,medium,False,False,,tourist_event,medium|tourist_event|downtown_core|waterfront|near_park|near_tourist|near_major_road,"Medium tourist event station in the downtown core, on the waterfront, near tourist or event venues, near a park or trail and on a major road.",University / King Southwest corner (on King),2396,False,The Gore,105,True,LAV III Monument,235,True,Lake Shore Boulevard West,16,True,True,True,False,18.41,18.89,-0.49,high,low,Tourist or event-area station; demand may spike around weekends and events.,gbfs|osm|ridership,"base metadata (name, lat/lon, capacity, charging) from GBFS station_information; spatial context (nearest subway, park, tourist, major road) from OpenStreetMap Overpass API; ridership stats from Toronto Open Data 2025–2026 annual ZIPs"
7940,Lillian St / Soudan Ave - SMART,43.70607287248461,-79.39356161653288,32,large,False,False,,park_trail,large|park_trail|near_park,Large park trail station near a park or trail.,ePlace,357,False,Dunfield Park,105,True,The Al Green Gallery / Green Family Companies,1044,False,Eglinton Avenue East,176,False,False,False,True,3.01,4.19,-1.18,medium,low,"Small residential or park-adjacent station; if full, alternatives may be farther away.",gbfs|osm|ridership,"base metadata (name, lat/lon, capacity, charging) from GBFS station_information; spatial context (nearest subway, park, tourist, major road) from OpenStreetMap Overpass API; ridership stats from Toronto Open Data 2025–2026 annual ZIPs"
7941,Hanna Ave / Snooker St,43.639547,-79.420022,15,small,False,False,,tourist_event,small|tourist_event|near_park|near_tourist,Small tourist event station near tourist or event venues and near a park or trail.,Delaware Avenue,2577,False,34 Hanna Avenue Park,148,True,Museum of Television,285,True,King Street West,95,False,False,False,False,25.34,26.57,-1.23,high,low,Tourist or event-area station; demand may spike around weekends and events.,gbfs|osm|ridership,"base metadata (name, lat/lon, capacity, charging) from GBFS station_information; spatial context (nearest subway, park, tourist, major road) from OpenStreetMap Overpass API; ridership stats from Toronto Open Data 2025–2026 annual ZIPs"
7942,Hillsdale Ave E / Mount Pleasant Rd,43.70512126615395,-79.3890271081274,14,small,False,False,,park_trail,small|park_trail|near_park|near_major_road,Small park trail station near a park or trail and on a major road.,Mount Pleasant,382,False,Manor Community Green,102,True,The Al Green Gallery / Green Family Companies,1025,False,Mount Pleasant Road,47,True,False,False,True,4.38,5.27,-0.89,medium,low,"Small residential or park-adjacent station; if full, alternatives may be farther away.",gbfs|osm|ridership,"base metadata (name, lat/lon, capacity, charging) from GBFS station_information; spatial context (nearest subway, park, tourist, major road) from OpenStreetMap Overpass API; ridership stats from Toronto Open Data 2025–2026 annual ZIPs"
7943,OCAD University,43.65231552304792,-79.39091185000235,23,medium,False,False,,tourist_event,medium|tourist_event|downtown_core|near_park|near_tourist,"Medium tourist event station in the downtown core, near tourist or event venues and near a park or trail.",438 University Avenue Entrance,306,False,Butterfield Park,42,True,Toronto bicycle tour,188,True,Dundas Street West,225,False,False,True,False,32.66,35.59,-2.93,very_high,low,Tourist or event-area station; demand may spike around weekends and events.,gbfs|osm|ridership,"base metadata (name, lat/lon, capacity, charging) from GBFS station_information; spatial context (nearest subway, park, tourist, major road) from OpenStreetMap Overpass API; ridership stats from Toronto Open Data 2025–2026 annual ZIPs"
7944,Harbord St / Grace St (Bickford Park),43.65995363518053,-79.41787388888551,23,medium,False,False,,park_trail,medium|park_trail|downtown_core|near_park,Medium park trail station in the downtown core and near a park or trail.,Christie Street,463,False,Art Eggleton Park,81,True,No. 8 Hose Station,1111,False,Bloor Street West,397,False,False,True,False,15.62,17.3,-1.68,high,low,"Small residential or park-adjacent station; if full, alternatives may be farther away.",gbfs|osm|ridership,"base metadata (name, lat/lon, capacity, charging) from GBFS station_information; spatial context (nearest subway, park, tourist, major road) from OpenStreetMap Overpass API; ridership stats from Toronto Open Data 2025–2026 annual ZIPs"
7945,Front St W / Spadina Ave,43.64235480340359,-79.39519751877137,31,large,False,False,,park_trail,large|park_trail|downtown_core|near_park|near_major_road,"Large park trail station in the downtown core, near a park or trail and on a major road.",University / King Southwest corner (on King),997,False,Draper Park,197,True,The Ground Floor: Jumblies Theatre,434,False,Front Street West,23,True,False,True,False,47.02,49.41,-2.39,very_high,low,"Small residential or park-adjacent station; if full, alternatives may be farther away.",gbfs|osm|ridership,"base metadata (name, lat/lon, capacity, charging) from GBFS station_information; spatial context (nearest subway, park, tourist, major road) from OpenStreetMap Overpass API; ridership stats from Toronto Open Data 2025–2026 annual ZIPs"
7946,Richmond St W / Bathurst St,43.64666748425228,-79.40299591349182,15,small,False,False,,tourist_event,small|tourist_event|downtown_core|near_park|near_tourist|near_major_road,"Small tourist event station in the downtown core, near tourist or event venues, near a park or trail and on a major road.","University / Queen, Southwest Entrance",1361,False,,151,True,the industREALarts room,318,True,Richmond Street West,12,True,False,True,False,50.96,54.47,-3.51,very_high,medium,Tourist or event-area station; demand may spike around weekends and events.,gbfs|osm|ridership,"base metadata (name, lat/lon, capacity, charging) from GBFS station_information; spatial context (nearest subway, park, tourist, major road) from OpenStreetMap Overpass API; ridership stats from Toronto Open Data 2025–2026 annual ZIPs"
7947,Niagara St / Queen St W ,43.64572868466845,-79.40990680181771,11,small,False,False,,tourist_event,small|tourist_event|downtown_core|near_tourist|near_major_road,"Small tourist event station in the downtown core, near tourist or event venues and on a major road.","University / Queen, Southwest Entrance",1923,False,Stanley Park,364,False,the industREALarts room,250,True,Queen Street West,33,True,False,True,False,18.82,19.59,-0.77,high,low,Tourist or event-area station; demand may spike around weekends and events.,gbfs|osm|ridership,"base metadata (name, lat/lon, capacity, charging) from GBFS station_information; spatial context (nearest subway, park, tourist, major road) from OpenStreetMap Overpass API; ridership stats from Toronto Open Data 2025–2026 annual ZIPs"
7948,Bathurst St / Housey St,43.63781903961206,-79.40013176752855,23,medium,False,False,,tourist_event,medium|tourist_event|downtown_core|near_park|near_tourist|near_major_road,"Medium tourist event station in the downtown core, near tourist or event venues, near a park or trail and on a major road.",University / King Southwest corner (on King),1623,False,Arcadia Co-operative Backyard,298,True,8-Inch Shell Gun (No. 406),138,True,Bathurst Street,52,True,False,True,False,39.26,41.57,-2.31,very_high,low,Tourist or event-area station; demand may spike around weekends and events.,gbfs|osm|ridership,"base metadata (name, lat/lon, capacity, charging) from GBFS station_information; spatial context (nearest subway, park, tourist, major road) from OpenStreetMap Overpass API; ridership stats from Toronto Open Data 2025–2026 annual ZIPs"
7949,Thompson St / Carroll St,43.65907064983235,-79.35240134225845,15,small,False,False,,park_trail,small|park_trail|near_park,Small park trail station near a park or trail.,Broadview Avenue,2027,False,Joel Weeks Park,57,True,Toronto Chinese Archway,686,False,Queen Street East,129,False,False,False,True,16.43,15.63,0.8,high,low,"Small residential or park-adjacent station; if full, alternatives may be farther away.",gbfs|osm|ridership,"base metadata (name, lat/lon, capacity, charging) from GBFS station_information; spatial context (nearest subway, park, tourist, major road) from OpenStreetMap Overpass API; ridership stats from Toronto Open Data 2025–2026 annual ZIPs"
7950,Crawford St / Lobb Ave,43.64654941401018,-79.41558900317995,23,medium,False,False,,tourist_event,medium|tourist_event|downtown_core|near_park|near_tourist,"Medium tourist event station in the downtown core, near tourist or event venues and near a park or trail.",Ossington Avenue,1956,False,Trinity Bellwoods Park,144,True,Koffler Gallery,156,True,Queen Street West,182,False,False,True,False,15.73,14.2,1.52,high,low,Tourist or event-area station; demand may spike around weekends and events.,gbfs|osm|ridership,"base metadata (name, lat/lon, capacity, charging) from GBFS station_information; spatial context (nearest subway, park, tourist, major road) from OpenStreetMap Overpass API; ridership stats from Toronto Open Data 2025–2026 annual ZIPs"
7951,Fort York Blvd / Grand Magazine St,43.63758782904466,-79.40314232209015,19,medium,False,False,,tourist_event,medium|tourist_event|downtown_core|near_park|near_tourist,"Medium tourist event station in the downtown core, near tourist or event venues and near a park or trail.",University / King Southwest corner (on King),1826,False,June Callwood Park,115,True,Fort York,161,True,Lake Shore Boulevard West,201,False,False,True,False,38.81,41.96,-3.15,very_high,medium,Tourist or event-area station; demand may spike around weekends and events.,gbfs|osm|ridership,"base metadata (name, lat/lon, capacity, charging) from GBFS station_information; spatial context (nearest subway, park, tourist, major road) from OpenStreetMap Overpass API; ridership stats from Toronto Open Data 2025–2026 annual ZIPs"
7952,Adelaide St W / York St ,43.6491919790139,-79.38363237427446,19,medium,False,False,,transit_hub,medium|transit_hub|downtown_core|near_subway|near_park|near_tourist|near_major_road,"Medium transit hub station near subway, in the downtown core, near tourist or event venues, near a park or trail and on a major road.",University / King Northeast corner,175,True,The Pasture,228,True,Design Exchange,326,True,Adelaide Street West,28,True,False,True,False,23.3,25.5,-2.19,high,low,"Large capacity helps, but downtown commuter demand can change quickly; check alternatives early.",gbfs|osm|ridership,"base metadata (name, lat/lon, capacity, charging) from GBFS station_information; spatial context (nearest subway, park, tourist, major road) from OpenStreetMap Overpass API; ridership stats from Toronto Open Data 2025–2026 annual ZIPs"
7953,Church St / Shuter St,43.65505698168995,-79.37651024603271,14,small,False,False,,transit_hub,small|transit_hub|downtown_core|near_subway|near_park|near_tourist,"Small transit hub station near subway, in the downtown core, near tourist or event venues and near a park or trail.",Yonge / Shuter Southeast corner,298,True,,106,True,Mackenzie House,159,True,Dundas Street East,169,False,False,True,False,49.42,53.62,-4.2,very_high,medium,"Large capacity helps, but downtown commuter demand can change quickly; check alternatives early.",gbfs|osm|ridership,"base metadata (name, lat/lon, capacity, charging) from GBFS station_information; spatial context (nearest subway, park, tourist, major road) from OpenStreetMap Overpass API; ridership stats from Toronto Open Data 2025–2026 annual ZIPs"
7954,Adelaide St E / Parliament St,43.65378337432506,-79.36335973372954,23,medium,False,False,,park_trail,medium|park_trail|downtown_core|near_park|near_major_road,"Medium park trail station in the downtown core, near a park or trail and on a major road.",Yonge / King Southeast corner,1235,False,Little Trinity Church Park,132,True,Distillery District,495,False,Adelaide Street East,30,True,False,True,False,26.41,28.46,-2.05,very_high,low,"Small residential or park-adjacent station; if full, alternatives may be farther away.",gbfs|osm|ridership,"base metadata (name, lat/lon, capacity, charging) from GBFS station_information; spatial context (nearest subway, park, tourist, major road) from OpenStreetMap Overpass API; ridership stats from Toronto Open Data 2025–2026 annual ZIPs"
7955,Wellesley St E / Jarvis St,43.6662047,-79.37901219999999,23,medium,False,False,,park_trail,medium|park_trail|downtown_core|near_park|near_major_road,"Medium park trail station in the downtown core, near a park or trail and on a major road.",Wellesley,393,False,Barbara Hall Park,133,True,Allan Gardens Conservatory,593,False,Jarvis Street,55,True,False,True,False,24.0,28.85,-4.85,high,low,"Small residential or park-adjacent station; if full, alternatives may be farther away.",gbfs|osm|ridership,"base metadata (name, lat/lon, capacity, charging) from GBFS station_information; spatial context (nearest subway, park, tourist, major road) from OpenStreetMap Overpass API; ridership stats from Toronto Open Data 2025–2026 annual ZIPs"
7956,Benshire Dr / The Meadoway,43.76174092019504,-79.24473961415558,11,small,False,False,,park_trail,small|park_trail|near_park,Small park trail station near a park or trail.,GO Station Entrance,3518,False,,166,True,P. C. Ho Theatre,3760,False,McCowan Road,212,False,False,False,True,0.37,0.36,0.01,low,low,"Small residential or park-adjacent station; if full, alternatives may be farther away.",gbfs|osm|ridership,"base metadata (name, lat/lon, capacity, charging) from GBFS station_information; spatial context (nearest subway, park, tourist, major road) from OpenStreetMap Overpass API; ridership stats from Toronto Open Data 2025–2026 annual ZIPs"
7957,Brimley Rd / Lawrence Ave E ,43.75404854399297,-79.2553167552948,19,medium,False,False,,residential,medium|residential|near_major_road,Medium residential station on a major road.,GO Station Entrance,2429,False,Thomson Memorial Park,525,False,P. C. Ho Theatre,4832,False,Brimley Road,59,True,False,False,True,1.88,1.96,-0.07,medium,low,"Small residential or park-adjacent station; if full, alternatives may be farther away.",gbfs|osm|ridership,"base metadata (name, lat/lon, capacity, charging) from GBFS station_information; spatial context (nearest subway, park, tourist, major road) from OpenStreetMap Overpass API; ridership stats from Toronto Open Data 2025–2026 annual ZIPs"
7958,Centennial College (Ashtonbee Campus),43.73003601845614,-79.2920036521843,19,medium,False,False,,residential,medium|residential,Medium residential station.,Passenger Pick Up and Drop Off,2204,False,Ashtonbee Reservoir Park,315,False,Bell Estate,2975,False,Warden Avenue,272,False,False,False,True,0.98,0.97,0.02,medium,low,"Small residential or park-adjacent station; if full, alternatives may be farther away.",gbfs|osm|ridership,"base metadata (name, lat/lon, capacity, charging) from GBFS station_information; spatial context (nearest subway, park, tourist, major road) from OpenStreetMap Overpass API; ridership stats from Toronto Open Data 2025–2026 annual ZIPs"
7959,Bellamy Rd N / The Meadoway,43.76507271818177,-79.23835381614684,15,small,False,False,,park_trail,small|park_trail|near_park,Small park trail station near a park or trail.,GO Station Entrance,4078,False,Woodsworth Park,142,True,P. C. Ho Theatre,3304,False,McCowan Road,833,False,False,False,True,0.25,0.32,-0.07,low,low,"Small residential or park-adjacent station; if full, alternatives may be farther away.",gbfs|osm|ridership,"base metadata (name, lat/lon, capacity, charging) from GBFS station_information; spatial context (nearest subway, park, tourist, major road) from OpenStreetMap Overpass API; ridership stats from Toronto Open Data 2025–2026 annual ZIPs"
7960,Markham Rd / The Meadoway ,43.77121894873629,-79.22956526983644,19,medium,False,False,,residential,medium|residential|near_major_road,Medium residential station on a major road.,GO Station Entrance,5024,False,Churchill Heights Park,342,False,P. C. Ho Theatre,2619,False,Markham Road,14,True,False,False,True,0.55,0.57,-0.02,medium,low,"Small residential or park-adjacent station; if full, alternatives may be farther away.",gbfs|osm|ridership,"base metadata (name, lat/lon, capacity, charging) from GBFS station_information; spatial context (nearest subway, park, tourist, major road) from OpenStreetMap Overpass API; ridership stats from Toronto Open Data 2025–2026 annual ZIPs"
7961,Ellesmere Rd / Markham Rd,43.77682938751077,-79.2305003612381,15,small,False,False,,residential,small|residential|near_major_road,Small residential station on a major road.,GO Station Entrance,5528,False,Woburn Park,566,False,P. C. Ho Theatre,1990,False,Ellesmere Road,13,True,False,False,True,0.54,0.49,0.05,medium,low,"Small residential or park-adjacent station; if full, alternatives may be farther away.",gbfs|osm|ridership,"base metadata (name, lat/lon, capacity, charging) from GBFS station_information; spatial context (nearest subway, park, tourist, major road) from OpenStreetMap Overpass API; ridership stats from Toronto Open Data 2025–2026 annual ZIPs"
7962,Slan Ave / Scarborough Golf Club Rd,43.77327261711258,-79.21971485277862,15,small,False,False,,residential,small|residential,Small residential station.,GO Station Entrance,5662,False,,491,False,P. C. Ho Theatre,2620,False,Ellesmere Road,615,False,False,False,True,0.35,0.38,-0.03,low,low,"Small residential or park-adjacent station; if full, alternatives may be farther away.",gbfs|osm|ridership,"base metadata (name, lat/lon, capacity, charging) from GBFS station_information; spatial context (nearest subway, park, tourist, major road) from OpenStreetMap Overpass API; ridership stats from Toronto Open Data 2025–2026 annual ZIPs"
7963,Cedar Dr / Eglinton Ave E,43.744208202155754,-79.21564636613158,11,small,False,False,,park_trail,small|park_trail|near_park|near_major_road,Small park trail station near a park or trail and on a major road.,GO Station Entrance,3977,False,Councillor Fred Johnson Park,294,True,The Wishing Well,1899,False,Eglinton Avenue East,26,True,False,False,True,0.27,0.3,-0.03,low,low,"Small residential or park-adjacent station; if full, alternatives may be farther away.",gbfs|osm|ridership,"base metadata (name, lat/lon, capacity, charging) from GBFS station_information; spatial context (nearest subway, park, tourist, major road) from OpenStreetMap Overpass API; ridership stats from Toronto Open Data 2025–2026 annual ZIPs"
7964,Kennedy Rd/Ranstone Gdns (Jack Goodlad Park),43.74190570940633,-79.27181887640458,15,small,False,False,,park_trail,small|park_trail|near_park|near_major_road,Small park trail station near a park or trail and on a major road.,Kennedy,1237,False,Jack Goodlad Park,175,True,Bell Estate,4018,False,Kennedy Road,11,True,False,False,True,0.76,0.76,0.0,medium,low,"Small residential or park-adjacent station; if full, alternatives may be farther away.",gbfs|osm|ridership,"base metadata (name, lat/lon, capacity, charging) from GBFS station_information; spatial context (nearest subway, park, tourist, major road) from OpenStreetMap Overpass API; ridership stats from Toronto Open Data 2025–2026 annual ZIPs"
7965,Eglinton Ave E / Brimley Rd,43.736952572933866,-79.24798367249146,19,medium,False,False,,park_trail,medium|park_trail|near_park|near_major_road,Medium park trail station near a park or trail and on a major road.,GO Station Entrance,1259,False,6 Horton Park,176,True,Bell Estate,4123,False,Brimley Road,19,True,False,False,True,1.22,1.33,-0.11,medium,low,"Small residential or park-adjacent station; if full, alternatives may be farther away.",gbfs|osm|ridership,"base metadata (name, lat/lon, capacity, charging) from GBFS station_information; spatial context (nearest subway, park, tourist, major road) from OpenStreetMap Overpass API; ridership stats from Toronto Open Data 2025–2026 annual ZIPs"
7966,Albany Ave / Dupont St,43.67348899977229,-79.41339520555726,15,small,False,False,,park_trail,small|park_trail|near_park|near_major_road,Small park trail station near a park or trail and on a major road.,Northwest Entrance,504,False,Cawthra Playground,284,True,Casa Loma,606,False,Dupont Street,16,True,False,False,True,9.58,10.66,-1.07,medium,low,"Small residential or park-adjacent station; if full, alternatives may be farther away.",gbfs|osm|ridership,"base metadata (name, lat/lon, capacity, charging) from GBFS station_information; spatial context (nearest subway, park, tourist, major road) from OpenStreetMap Overpass API; ridership stats from Toronto Open Data 2025–2026 annual ZIPs"
7967,Gordonridge Pl / Danforth Rd,43.72729077290258,-79.25237907196654,15,small,False,False,,park_trail,small|park_trail|near_park|near_major_road,Small park trail station near a park or trail and on a major road.,GO Station Entrance,1027,False,Greystone Park,127,True,Bell Estate,3044,False,Danforth Road,32,True,False,False,True,1.25,1.21,0.05,medium,low,"Small residential or park-adjacent station; if full, alternatives may be farther away.",gbfs|osm|ridership,"base metadata (name, lat/lon, capacity, charging) from GBFS station_information; spatial context (nearest subway, park, tourist, major road) from OpenStreetMap Overpass API; ridership stats from Toronto Open Data 2025–2026 annual ZIPs"
7968,McCowan Rd / Trudelle St,43.74033901575211,-79.23935319629516,19,medium,False,False,,park_trail,medium|park_trail|near_park,Medium park trail station near a park or trail.,GO Station Entrance,2044,False,Trudelle Street Park,236,True,The Wishing Well,3850,False,Eglinton Avenue East,188,False,False,False,True,0.67,0.7,-0.02,medium,low,"Small residential or park-adjacent station; if full, alternatives may be farther away.",gbfs|osm|ridership,"base metadata (name, lat/lon, capacity, charging) from GBFS station_information; spatial context (nearest subway, park, tourist, major road) from OpenStreetMap Overpass API; ridership stats from Toronto Open Data 2025–2026 annual ZIPs"
7969,Bayview Ave / Finch Recreational Trail,43.789068698639504,-79.39315096004944,19,medium,False,False,,park_trail,medium|park_trail|near_park|near_major_road,Medium park trail station near a park or trail and on a major road.,Pemberton Av Entrance,1912,False,Bayview Arena Park,119,True,John Mckenzie House,2430,False,Bayview Avenue,57,True,False,False,True,1.25,1.33,-0.08,medium,low,"Small residential or park-adjacent station; if full, alternatives may be farther away.",gbfs|osm|ridership,"base metadata (name, lat/lon, capacity, charging) from GBFS station_information; spatial context (nearest subway, park, tourist, major road) from OpenStreetMap Overpass API; ridership stats from Toronto Open Data 2025–2026 annual ZIPs"
7970,Willowdale Ave / Bishop Ave ,43.78387252467251,-79.40786809814757,19,medium,False,False,,residential,medium|residential,Medium residential station.,Pemberton Av Entrance,597,False,Silverview Park,312,False,John Mckenzie House,1388,False,Finch Avenue East,257,False,False,False,True,1.88,2.09,-0.21,medium,low,"Small residential or park-adjacent station; if full, alternatives may be farther away.",gbfs|osm|ridership,"base metadata (name, lat/lon, capacity, charging) from GBFS station_information; spatial context (nearest subway, park, tourist, major road) from OpenStreetMap Overpass API; ridership stats from Toronto Open Data 2025–2026 annual ZIPs"
7971,Talbot Rd / Finch Hydro Corridor,43.78225298110634,-79.42367062831116,15,small,False,False,,park_trail,small|park_trail|near_park,Small park trail station near a park or trail.,Finch PPUDO Entrance,549,False,,234,True,John Mckenzie House,1533,False,Finch Avenue West,456,False,False,False,True,1.74,1.95,-0.2,medium,low,"Small residential or park-adjacent station; if full, alternatives may be farther away.",gbfs|osm|ridership,"base metadata (name, lat/lon, capacity, charging) from GBFS station_information; spatial context (nearest subway, park, tourist, major road) from OpenStreetMap Overpass API; ridership stats from Toronto Open Data 2025–2026 annual ZIPs"
7972,Eglinton Ave E / Mason Rd ,43.742037440522616,-79.22488680080262,11,small,False,False,,residential,small|residential|near_major_road,Small residential station on a major road.,GO Station Entrance,3197,False,Bellamy Road Tot Lot,361,False,The Wishing Well,2679,False,Eglinton Avenue East,32,True,False,False,True,0.57,0.57,0.0,medium,low,"Small residential or park-adjacent station; if full, alternatives may be farther away.",gbfs|osm|ridership,"base metadata (name, lat/lon, capacity, charging) from GBFS station_information; spatial context (nearest subway, park, tourist, major road) from OpenStreetMap Overpass API; ridership stats from Toronto Open Data 2025–2026 annual ZIPs"
7973,Lawrence Ave E / Don Mills Trail,43.73458185912293,-79.35485399272919,19,medium,False,False,,park_trail,medium|park_trail|near_park|near_major_road,Medium park trail station near a park or trail and on a major road.,Don Valley,1946,False,Mike Bela Park,187,True,Water Feature,733,False,Lawrence Avenue East,25,True,False,False,True,3.76,3.58,0.18,medium,low,"Small residential or park-adjacent station; if full, alternatives may be farther away.",gbfs|osm|ridership,"base metadata (name, lat/lon, capacity, charging) from GBFS station_information; spatial context (nearest subway, park, tourist, major road) from OpenStreetMap Overpass API; ridership stats from Toronto Open Data 2025–2026 annual ZIPs"
7974,Kempford Blvd / Yonge St,43.776857235099826,-79.4151161430729,19,medium,False,False,,park_trail,medium|park_trail|near_park|near_major_road,Medium park trail station near a park or trail and on a major road.,Yonge / Finch Northwest Entrance,367,False,,78,True,John Mckenzie House,649,False,Yonge Street,18,True,False,False,True,2.99,3.21,-0.23,medium,low,"Small residential or park-adjacent station; if full, alternatives may be farther away.",gbfs|osm|ridership,"base metadata (name, lat/lon, capacity, charging) from GBFS station_information; spatial context (nearest subway, park, tourist, major road) from OpenStreetMap Overpass API; ridership stats from Toronto Open Data 2025–2026 annual ZIPs"
7975,Empress Ave / Yonge St,43.769395456625546,-79.41266521769707,19,medium,False,False,,tourist_event,medium|tourist_event|near_subway|near_park|near_tourist|near_major_road,"Medium tourist event station near subway, near tourist or event venues, near a park or trail and on a major road.",North York Centre,80,True,Princess Park,151,True,Fire Hose Tower,138,True,Yonge Street,16,True,False,False,False,2.44,2.62,-0.18,medium,low,Tourist or event-area station; demand may spike around weekends and events.,gbfs|osm|ridership,"base metadata (name, lat/lon, capacity, charging) from GBFS station_information; spatial context (nearest subway, park, tourist, major road) from OpenStreetMap Overpass API; ridership stats from Toronto Open Data 2025–2026 annual ZIPs"
7976,Yonge St / Sheppard Ave E,43.76128605777495,-79.41071644205269,19,medium,False,False,,park_trail,medium|park_trail|near_subway|near_park|near_major_road,"Medium park trail station near subway, near a park or trail and on a major road.",Sheppard-Yonge,24,True,Albert Standing Park,215,True,Fire Hose Tower,826,False,Yonge Street,22,True,False,False,True,4.91,5.09,-0.18,medium,low,"Small residential or park-adjacent station; if full, alternatives may be farther away.",gbfs|osm|ridership,"base metadata (name, lat/lon, capacity, charging) from GBFS station_information; spatial context (nearest subway, park, tourist, major road) from OpenStreetMap Overpass API; ridership stats from Toronto Open Data 2025–2026 annual ZIPs"
7977,Leslie Subway Station,43.77037892370793,-79.36702734195678,15,small,False,False,,park_trail,small|park_trail|near_subway|near_park,Small park trail station near subway and near a park or trail.,Old Leslie St Entrance,48,True,,50,True,Fire Hose Tower,3555,False,Sheppard Avenue East,102,False,False,False,True,1.05,1.02,0.04,medium,low,"Small residential or park-adjacent station; if full, alternatives may be farther away.",gbfs|osm|ridership,"base metadata (name, lat/lon, capacity, charging) from GBFS station_information; spatial context (nearest subway, park, tourist, major road) from OpenStreetMap Overpass API; ridership stats from Toronto Open Data 2025–2026 annual ZIPs"
7978,Yonge St / North York Blvd,43.76726589934926,-79.41263489814757,23,medium,False,False,,tourist_event,medium|tourist_event|near_subway|near_park|near_tourist|near_major_road,"Medium tourist event station near subway, near tourist or event venues, near a park or trail and on a major road.",Mel Lastman Square Entrance,115,True,Princess Park,213,True,Fire Hose Tower,195,True,Yonge Street,23,True,False,False,False,2.14,2.37,-0.23,medium,low,Tourist or event-area station; demand may spike around weekends and events.,gbfs|osm|ridership,"base metadata (name, lat/lon, capacity, charging) from GBFS station_information; spatial context (nearest subway, park, tourist, major road) from OpenStreetMap Overpass API; ridership stats from Toronto Open Data 2025–2026 annual ZIPs"
7979,Bond Ave / Don Mills Trail,43.74475834253035,-79.35348069940567,19,medium,False,False,,park_trail,medium|park_trail|near_park,Medium park trail station near a park or trail.,Don Valley,2846,False,,230,True,Water Feature,1323,False,Leslie Street,376,False,False,False,True,0.93,0.96,-0.03,medium,low,"Small residential or park-adjacent station; if full, alternatives may be farther away.",gbfs|osm|ridership,"base metadata (name, lat/lon, capacity, charging) from GBFS station_information; spatial context (nearest subway, park, tourist, major road) from OpenStreetMap Overpass API; ridership stats from Toronto Open Data 2025–2026 annual ZIPs"
7981,Duncan Mill Rd / Valleybrook Dr,43.76167125342455,-79.35258302698364,15,small,False,False,,park_trail,small|park_trail|near_park,Small park trail station near a park or trail.,Leslie St,1424,False,Moatfield Farm Park,157,True,Lol Art School,2904,False,Don Mills Road,425,False,False,False,True,0.62,0.62,0.0,medium,low,"Small residential or park-adjacent station; if full, alternatives may be farther away.",gbfs|osm|ridership,"base metadata (name, lat/lon, capacity, charging) from GBFS station_information; spatial context (nearest subway, park, tourist, major road) from OpenStreetMap Overpass API; ridership stats from Toronto Open Data 2025–2026 annual ZIPs"
7982,Finch Ave W / Wilmington Ave,43.77060244428048,-79.45997589178772,19,medium,False,False,,residential,medium|residential|near_major_road,Medium residential station on a major road.,Sheppard West - North Side,2233,False,Bayhampton Parkette,311,False,John Mckenzie House,3899,False,Finch Avenue West,45,True,False,False,True,0.62,0.68,-0.06,medium,low,"Small residential or park-adjacent station; if full, alternatives may be farther away.",gbfs|osm|ridership,"base metadata (name, lat/lon, capacity, charging) from GBFS station_information; spatial context (nearest subway, park, tourist, major road) from OpenStreetMap Overpass API; ridership stats from Toronto Open Data 2025–2026 annual ZIPs"
7983,York Mills Rd / Lesmill Rd,43.7549215557014,-79.35174838465576,14,small,False,False,,residential,small|residential|near_major_road,Small residential station on a major road.,Leslie St,2076,False,Moatfield Farm Park,715,False,Water Feature,2348,False,York Mills Road,34,True,False,False,True,1.3,1.26,0.04,medium,low,"Small residential or park-adjacent station; if full, alternatives may be farther away.",gbfs|osm|ridership,"base metadata (name, lat/lon, capacity, charging) from GBFS station_information; spatial context (nearest subway, park, tourist, major road) from OpenStreetMap Overpass API; ridership stats from Toronto Open Data 2025–2026 annual ZIPs"
7984,Lake Shore Blvd W / Bathurst St,43.63675592256874,-79.39920538954927,23,medium,False,False,,tourist_event,medium|tourist_event|downtown_core|waterfront|near_park|near_tourist|near_major_road,"Medium tourist event station in the downtown core, on the waterfront, near tourist or event venues, near a park or trail and on a major road.",University / King Southwest corner (on King),1652,False,Arcadia Co-operative Backyard,204,True,Arcadia,174,True,Lake Shore Boulevard West,27,True,True,True,False,21.72,21.96,-0.23,high,low,Tourist or event-area station; demand may spike around weekends and events.,gbfs|osm|ridership,"base metadata (name, lat/lon, capacity, charging) from GBFS station_information; spatial context (nearest subway, park, tourist, major road) from OpenStreetMap Overpass API; ridership stats from Toronto Open Data 2025–2026 annual ZIPs"
7985,Hawksbury Dr / Sheppard Ave E ,43.76816239444779,-79.38312075158996,15,small,False,False,,park_trail,small|park_trail|near_subway|near_park|near_major_road,"Small park trail station near subway, near a park or trail and on a major road.",Sheppard Av,289,True,Rean Park,297,True,Fire Hose Tower,2258,False,Sheppard Avenue East,29,True,False,False,True,2.09,2.02,0.08,medium,low,"Small residential or park-adjacent station; if full, alternatives may be farther away.",gbfs|osm|ridership,"base metadata (name, lat/lon, capacity, charging) from GBFS station_information; spatial context (nearest subway, park, tourist, major road) from OpenStreetMap Overpass API; ridership stats from Toronto Open Data 2025–2026 annual ZIPs"
7986,Sheppard Ave E / Leslie St,43.77114830031903,-79.36381166455688,19,medium,False,False,,park_trail,medium|park_trail|near_subway|near_park|near_major_road,"Medium park trail station near subway, near a park or trail and on a major road.",Leslie St,54,True,Betty Sutherland Trail Park,76,True,Lol Art School,3375,False,Leslie Street,23,True,False,False,True,1.18,1.12,0.06,medium,low,"Small residential or park-adjacent station; if full, alternatives may be farther away.",gbfs|osm|ridership,"base metadata (name, lat/lon, capacity, charging) from GBFS station_information; spatial context (nearest subway, park, tourist, major road) from OpenStreetMap Overpass API; ridership stats from Toronto Open Data 2025–2026 annual ZIPs"
7987,Shaughnessy Blvd / Sheppard Ave E,43.77351462694018,-79.35306224113921,15,small,False,False,,residential,small|residential|near_major_road,Small residential station on a major road.,Don Mills,607,False,Dallington Park,341,False,Lol Art School,2484,False,Sheppard Avenue East,24,True,False,False,True,0.82,0.71,0.11,medium,low,"Small residential or park-adjacent station; if full, alternatives may be farther away.",gbfs|osm|ridership,"base metadata (name, lat/lon, capacity, charging) from GBFS station_information; spatial context (nearest subway, park, tourist, major road) from OpenStreetMap Overpass API; ridership stats from Toronto Open Data 2025–2026 annual ZIPs"
7988,Brahms Ave / Finch Ave E,43.79236326442992,-79.35836318028717,19,medium,False,False,,park_trail,medium|park_trail|near_park|near_major_road,Medium park trail station near a park or trail and on a major road.,Fairview Mall Garage Entrance,2040,False,,197,True,St. Mark's Coptic Museum,3005,False,Finch Avenue East,50,True,False,False,True,0.69,0.78,-0.1,medium,low,"Small residential or park-adjacent station; if full, alternatives may be farther away.",gbfs|osm|ridership,"base metadata (name, lat/lon, capacity, charging) from GBFS station_information; spatial context (nearest subway, park, tourist, major road) from OpenStreetMap Overpass API; ridership stats from Toronto Open Data 2025–2026 annual ZIPs"
7989,Don Mills Rd / Fairview Mall Dr,43.77888550790407,-79.34837169762268,15,small,False,False,,park_trail,small|park_trail|near_park|near_major_road,Small park trail station near a park or trail and on a major road.,Fairview Mall Garage Entrance,340,False,Oriole Park,299,True,Lol Art School,2117,False,Don Mills Road,32,True,False,False,True,1.26,1.28,-0.02,medium,low,"Small residential or park-adjacent station; if full, alternatives may be farther away.",gbfs|osm|ridership,"base metadata (name, lat/lon, capacity, charging) from GBFS station_information; spatial context (nearest subway, park, tourist, major road) from OpenStreetMap Overpass API; ridership stats from Toronto Open Data 2025–2026 annual ZIPs"
7990,Don Mills Rd / Goodview Rd,43.78394400645062,-79.35325023303736,11,small,False,False,,residential,small|residential|near_major_road,Small residential station on a major road.,Fairview Mall Garage Entrance,1024,False,Oriole Park,394,False,Lol Art School,2637,False,Don Mills Road West,67,True,False,False,True,0.73,0.81,-0.08,medium,low,"Small residential or park-adjacent station; if full, alternatives may be farther away.",gbfs|osm|ridership,"base metadata (name, lat/lon, capacity, charging) from GBFS station_information; spatial context (nearest subway, park, tourist, major road) from OpenStreetMap Overpass API; ridership stats from Toronto Open Data 2025–2026 annual ZIPs"
7991,Kingston Rd / Markham Rd,43.73878438927323,-79.21746485700835,15,small,False,False,,park_trail,small|park_trail|near_park|near_major_road,Small park trail station near a park or trail and on a major road.,GO Station Entrance,3685,False,,184,True,Guildwood Pillar Archs,2251,False,Kingston Road,27,True,False,False,True,0.2,0.21,-0.01,low,low,"Small residential or park-adjacent station; if full, alternatives may be farther away.",gbfs|osm|ridership,"base metadata (name, lat/lon, capacity, charging) from GBFS station_information; spatial context (nearest subway, park, tourist, major road) from OpenStreetMap Overpass API; ridership stats from Toronto Open Data 2025–2026 annual ZIPs"
7992,Fairglen Cres / Weston Rd,43.70876747477083,-79.53445192394257,11,small,False,False,,park_trail,small|park_trail|near_park|near_major_road,Small park trail station near a park or trail and on a major road.,Mount Dennis Station Main Entrance,4385,False,Mallaby Park,190,True,The Basketweave,2908,False,Weston Road,26,True,False,False,True,0.54,0.56,-0.03,medium,low,"Small residential or park-adjacent station; if full, alternatives may be farther away.",gbfs|osm|ridership,"base metadata (name, lat/lon, capacity, charging) from GBFS station_information; spatial context (nearest subway, park, tourist, major road) from OpenStreetMap Overpass API; ridership stats from Toronto Open Data 2025–2026 annual ZIPs"
7993,Wells St / Brunswick Ave,43.67105163758377,-79.40904755211488,15,small,False,False,,park_trail,small|park_trail|near_subway|near_park,Small park trail station near subway and near a park or trail.,Spadina,300,True,Jean Sibelius Square,49,True,Casa Loma,785,False,Spadina Road,270,False,False,False,True,10.05,12.61,-2.56,medium,low,"Small residential or park-adjacent station; if full, alternatives may be farther away.",gbfs|osm|ridership,"base metadata (name, lat/lon, capacity, charging) from GBFS station_information; spatial context (nearest subway, park, tourist, major road) from OpenStreetMap Overpass API; ridership stats from Toronto Open Data 2025–2026 annual ZIPs"
7994,Eglinton Ave E / Victoria Park Ave,43.72486103230542,-79.30351306295167,11,small,False,False,,park_trail,small|park_trail|near_park|near_major_road,Small park trail station near a park or trail and on a major road.,Warden,2490,False,Victoria Park-Eglinton Parkette,169,True,Bell Estate,3054,False,Eglinton Avenue East,16,True,False,False,True,0.8,0.8,-0.0,medium,low,"Small residential or park-adjacent station; if full, alternatives may be farther away.",gbfs|osm|ridership,"base metadata (name, lat/lon, capacity, charging) from GBFS station_information; spatial context (nearest subway, park, tourist, major road) from OpenStreetMap Overpass API; ridership stats from Toronto Open Data 2025–2026 annual ZIPs"
7995,Eglinton Ave W / Oakwood Ave,43.69705023028765,-79.4437599043325,15,small,False,False,,residential,small|residential|near_major_road,Small residential station on a major road.,,496,False,Senator Peter Bosa Parkette,324,False,Little House,1474,False,Eglinton Avenue West,48,True,False,False,True,1.18,1.48,-0.3,medium,low,"Small residential or park-adjacent station; if full, alternatives may be farther away.",gbfs|osm|ridership,"base metadata (name, lat/lon, capacity, charging) from GBFS station_information; spatial context (nearest subway, park, tourist, major road) from OpenStreetMap Overpass API; ridership stats from Toronto Open Data 2025–2026 annual ZIPs"
7997,3220 Bloor St W,43.646186757495194,-79.51762536747455,39,large,True,False,,park_trail,large|park_trail|near_park|near_major_road|charging_station,Large park trail station near a park or trail and on a major road.,Islington Av - East,484,False,Montgomery Green Space,188,True,MABELLEarts Pavilion,874,False,Bloor Street West,23,True,False,False,True,2.0,3.67,-1.67,medium,low,"Small residential or park-adjacent station; if full, alternatives may be farther away.",gbfs|osm|ridership,"base metadata (name, lat/lon, capacity, charging) from GBFS station_information; spatial context (nearest subway, park, tourist, major road) from OpenStreetMap Overpass API; ridership stats from Toronto Open Data 2025–2026 annual ZIPs"
7998,Eglinton West Subway Station,43.69867103968614,-79.43680738560357,19,medium,False,False,,park_trail,medium|park_trail|near_subway|near_park|near_major_road,"Medium park trail station near subway, near a park or trail and on a major road.",,22,True,Ben Nobleman Park,131,True,Little House,1849,False,Eglinton Avenue West,29,True,False,False,True,3.21,3.74,-0.53,medium,low,"Small residential or park-adjacent station; if full, alternatives may be farther away.",gbfs|osm|ridership,"base metadata (name, lat/lon, capacity, charging) from GBFS station_information; spatial context (nearest subway, park, tourist, major road) from OpenStreetMap Overpass API; ridership stats from Toronto Open Data 2025–2026 annual ZIPs"
7999,Lawrence Ave W / Marlee Ave,43.715552692740914,-79.4461544565374,15,small,False,False,,residential,small|residential|near_subway|near_major_road,Small residential station near subway and on a major road.,"Lawrence Av W, South Entrance",162,True,,368,False,Little House,3494,False,Lawrence Avenue West,27,True,False,False,True,1.82,1.95,-0.13,medium,low,"Small residential or park-adjacent station; if full, alternatives may be farther away.",gbfs|osm|ridership,"base metadata (name, lat/lon, capacity, charging) from GBFS station_information; spatial context (nearest subway, park, tourist, major road) from OpenStreetMap Overpass API; ridership stats from Toronto Open Data 2025–2026 annual ZIPs"
8000,16 Riverview Gardens ,43.64883712159794,-79.48675294250663,31,large,True,False,,park_trail,large|park_trail|near_subway|near_park|charging_station,Large park trail station near subway and near a park or trail.,Jane St,212,True,Traymore Park,120,True,High Park Labyrinth,1669,False,Bloor Street West,95,False,False,False,True,1.75,2.71,-0.96,medium,low,"Small residential or park-adjacent station; if full, alternatives may be farther away.",gbfs|osm|ridership,"base metadata (name, lat/lon, capacity, charging) from GBFS station_information; spatial context (nearest subway, park, tourist, major road) from OpenStreetMap Overpass API; ridership stats from Toronto Open Data 2025–2026 annual ZIPs"
8001,Union Station (North) - SMART,43.645649620032444,-79.38116314068574,24,medium,False,False,,transit_hub,medium|transit_hub|downtown_core|near_subway|near_park|near_tourist|near_major_road,"Medium transit hub station near subway, in the downtown core, near tourist or event venues, near a park or trail and on a major road.",Union,77,True,,208,True,TD Gallery of Indigenous Art,97,True,Front Street West,19,True,False,True,False,21.75,23.65,-1.9,high,low,"Large capacity helps, but downtown commuter demand can change quickly; check alternatives early.",gbfs|osm|ridership,"base metadata (name, lat/lon, capacity, charging) from GBFS station_information; spatial context (nearest subway, park, tourist, major road) from OpenStreetMap Overpass API; ridership stats from Toronto Open Data 2025–2026 annual ZIPs"
8002,Grantbrook St / Finch Hydro Corridor Trail,43.780468305361154,-79.43280415488479,15,small,False,False,,residential,small|residential,Small residential station.,Finch PPUDO Entrance,1294,False,Charlton Park,437,False,John Mckenzie House,1975,False,Finch Avenue West,481,False,False,False,True,0.98,1.04,-0.06,medium,low,"Small residential or park-adjacent station; if full, alternatives may be farther away.",gbfs|osm|ridership,"base metadata (name, lat/lon, capacity, charging) from GBFS station_information; spatial context (nearest subway, park, tourist, major road) from OpenStreetMap Overpass API; ridership stats from Toronto Open Data 2025–2026 annual ZIPs"
8003,Tecumseth St / Tecumseth Pl,43.642697996199985,-79.4049993694586,11,small,False,False,,tourist_event,small|tourist_event|downtown_core|near_tourist,Small tourist event station in the downtown core and near tourist or event venues.,University / King Southwest corner (on King),1691,False,Stanley Park,327,False,the industREALarts room,390,True,King Street West,81,False,False,True,False,20.31,21.64,-1.33,high,low,Tourist or event-area station; demand may spike around weekends and events.,gbfs|osm|ridership,"base metadata (name, lat/lon, capacity, charging) from GBFS station_information; spatial context (nearest subway, park, tourist, major road) from OpenStreetMap Overpass API; ridership stats from Toronto Open Data 2025–2026 annual ZIPs"
8004,21 Pleasant Blvd (1),43.687211810315254,-79.39269591804246,11,small,True,False,,tourist_event,small|tourist_event|near_subway|near_tourist|charging_station,Small tourist event station near subway and near tourist or event venues.,St. Clair,46,True,,441,False,Tunnel of Glam,263,True,Yonge Street,81,False,False,False,False,0.34,2.27,-1.93,low,low,Tourist or event-area station; demand may spike around weekends and events.,gbfs|osm|ridership,"base metadata (name, lat/lon, capacity, charging) from GBFS station_information; spatial context (nearest subway, park, tourist, major road) from OpenStreetMap Overpass API; ridership stats from Toronto Open Data 2025–2026 annual ZIPs"
8005,21 Pleasant Blvd (2),43.687204264115415,-79.39269726524513,11,small,True,False,,tourist_event,small|tourist_event|near_subway|near_tourist|charging_station,Small tourist event station near subway and near tourist or event venues.,St. Clair,47,True,,442,False,Tunnel of Glam,264,True,Yonge Street,81,False,False,False,False,2.55,5.65,-3.1,medium,low,Tourist or event-area station; demand may spike around weekends and events.,gbfs|osm|ridership,"base metadata (name, lat/lon, capacity, charging) from GBFS station_information; spatial context (nearest subway, park, tourist, major road) from OpenStreetMap Overpass API; ridership stats from Toronto Open Data 2025–2026 annual ZIPs"
8006,803 Richmond St W,43.644381896942434,-79.4108533793123,23,medium,True,False,,tourist_event,medium|tourist_event|downtown_core|near_park|near_tourist|charging_station,"Medium tourist event station in the downtown core, near tourist or event venues and near a park or trail.","University / Queen, Southwest Entrance",2042,False,Stanley Park,253,True,the industREALarts room,369,True,Queen Street West,153,False,False,True,False,14.49,16.21,-1.72,high,low,Tourist or event-area station; demand may spike around weekends and events.,gbfs|osm|ridership,"base metadata (name, lat/lon, capacity, charging) from GBFS station_information; spatial context (nearest subway, park, tourist, major road) from OpenStreetMap Overpass API; ridership stats from Toronto Open Data 2025–2026 annual ZIPs"
8007,385 Pacific Ave,43.6651094724602,-79.46833581423087,31,large,True,False,,park_trail,large|park_trail|near_park|near_major_road|charging_station,Large park trail station near a park or trail and on a major road.,High Park Avenue,1251,False,Vine Avenue Playground,275,True,Fly on the Wall Gallery,1281,False,Dundas Street West,45,True,False,False,True,6.19,12.08,-5.89,medium,low,"Small residential or park-adjacent station; if full, alternatives may be farther away.",gbfs|osm|ridership,"base metadata (name, lat/lon, capacity, charging) from GBFS station_information; spatial context (nearest subway, park, tourist, major road) from OpenStreetMap Overpass API; ridership stats from Toronto Open Data 2025–2026 annual ZIPs"
8008,Brookdale Ave / Yonge St,43.72991999271573,-79.40372719797139,16,medium,False,False,,residential,medium|residential|near_subway|near_major_road,Medium residential station near subway and on a major road.,Ranleigh Av Entrance,247,True,Woburn Park,317,False,C.W. Jefferys house,1814,False,Yonge Street,61,True,False,False,True,1.72,2.03,-0.3,medium,low,"Small residential or park-adjacent station; if full, alternatives may be farther away.",gbfs|osm|ridership,"base metadata (name, lat/lon, capacity, charging) from GBFS station_information; spatial context (nearest subway, park, tourist, major road) from OpenStreetMap Overpass API; ridership stats from Toronto Open Data 2025–2026 annual ZIPs"
8009,1 Shortt St,43.69592993313034,-79.45190139609524,39,large,True,False,,park_trail,large|park_trail|near_subway|near_park|near_major_road|charging_station,"Large park trail station near subway, near a park or trail and on a major road.",Fairbank,96,True,,296,True,Little House,1345,False,Eglinton Avenue West,74,True,False,False,True,1.67,4.65,-2.99,medium,low,"Small residential or park-adjacent station; if full, alternatives may be farther away.",gbfs|osm|ridership,"base metadata (name, lat/lon, capacity, charging) from GBFS station_information; spatial context (nearest subway, park, tourist, major road) from OpenStreetMap Overpass API; ridership stats from Toronto Open Data 2025–2026 annual ZIPs"
8010,Finch Ave W / Bathurst St,43.77356135731388,-79.44404830910908,19,medium,False,False,,park_trail,medium|park_trail|near_park|near_major_road,Medium park trail station near a park or trail and on a major road.,Finch PPUDO Entrance,2380,False,,178,True,John Mckenzie House,2627,False,Finch Avenue West,21,True,False,False,True,0.59,0.6,-0.01,medium,low,"Small residential or park-adjacent station; if full, alternatives may be farther away.",gbfs|osm|ridership,"base metadata (name, lat/lon, capacity, charging) from GBFS station_information; spatial context (nearest subway, park, tourist, major road) from OpenStreetMap Overpass API; ridership stats from Toronto Open Data 2025–2026 annual ZIPs"
8011,33 Queen St E,43.6523196075425,-79.37684857674785,31,large,True,False,,transit_hub,large|transit_hub|downtown_core|near_subway|near_park|near_tourist|near_major_road|charging_station,"Large transit hub station near subway, in the downtown core, near tourist or event venues, near a park or trail and on a major road.",Entrance by 2 Queen Street East,160,True,,121,True,Canada's Theatre Museum,212,True,Richmond Street East,19,True,False,True,False,10.34,20.53,-10.19,medium,low,"Large capacity helps, but downtown commuter demand can change quickly; check alternatives early.",gbfs|osm|ridership,"base metadata (name, lat/lon, capacity, charging) from GBFS station_information; spatial context (nearest subway, park, tourist, major road) from OpenStreetMap Overpass API; ridership stats from Toronto Open Data 2025–2026 annual ZIPs"
8012,Cherry St / Polson St,43.643320932767004,-79.35120948518066,19,medium,True,False,,residential,medium|residential|charging_station,Medium residential station.,Queens Quay - Ferry Docks,2080,False,Jennifer Kateryna Koval's'kyj Park,412,False,Distillery District,1025,False,Lake Shore Boulevard East,591,False,False,False,True,22.21,24.99,-2.77,high,low,"Small residential or park-adjacent station; if full, alternatives may be farther away.",gbfs|osm|ridership,"base metadata (name, lat/lon, capacity, charging) from GBFS station_information; spatial context (nearest subway, park, tourist, major road) from OpenStreetMap Overpass API; ridership stats from Toronto Open Data 2025–2026 annual ZIPs"
8013,Logan Ave / Eastern Ave - SMART,43.657925501075496,-79.34143486929416,12,small,False,False,,park_trail,small|park_trail|near_park,Small park trail station near a park or trail.,Chester West,2426,False,Morse Street Playground,167,True,Tchotchke House (Crazy Doll House),789,False,Carlaw Avenue,205,False,False,False,True,10.76,10.24,0.52,medium,low,"Small residential or park-adjacent station; if full, alternatives may be farther away.",gbfs|osm|ridership,"base metadata (name, lat/lon, capacity, charging) from GBFS station_information; spatial context (nearest subway, park, tourist, major road) from OpenStreetMap Overpass API; ridership stats from Toronto Open Data 2025–2026 annual ZIPs"
8014,Wellington St W / Blue Jays Way,43.64473387070102,-79.39168963262681,23,medium,False,False,,tourist_event,medium|tourist_event|downtown_core|near_park|near_tourist,"Medium tourist event station in the downtown core, near tourist or event venues and near a park or trail.",University / King Southwest corner (on King),616,False,Clarence Square,174,True,CBC Museum,332,True,Front Street West,149,False,False,True,False,51.24,54.24,-3.0,very_high,medium,Tourist or event-area station; demand may spike around weekends and events.,gbfs|osm|ridership,"base metadata (name, lat/lon, capacity, charging) from GBFS station_information; spatial context (nearest subway, park, tourist, major road) from OpenStreetMap Overpass API; ridership stats from Toronto Open Data 2025–2026 annual ZIPs"
8015,Spadina Ave / Dundas St W - SMART,43.652352301216055,-79.39801617693556,12,small,False,False,,park_trail,small|park_trail|downtown_core|near_park|near_major_road,"Small park trail station in the downtown core, near a park or trail and on a major road.","University / Dundas, Northwest corner",799,False,,232,True,George Brown House,460,False,Spadina Avenue,25,True,False,True,False,36.45,39.44,-2.98,very_high,medium,"Small residential or park-adjacent station; if full, alternatives may be farther away.",gbfs|osm|ridership,"base metadata (name, lat/lon, capacity, charging) from GBFS station_information; spatial context (nearest subway, park, tourist, major road) from OpenStreetMap Overpass API; ridership stats from Toronto Open Data 2025–2026 annual ZIPs"
8016,Queens Quay E / Freeland St,43.64249948081925,-79.37285779318468,23,medium,False,False,,tourist_event,medium|tourist_event|downtown_core|waterfront|near_tourist|near_major_road,"Medium tourist event station in the downtown core, on the waterfront, near tourist or event venues and on a major road.",Queens Quay - Ferry Docks,346,False,Sugar Beach North,379,False,Van Gogh Exhibit,120,True,Queens Quay East,15,True,True,True,False,48.89,47.53,1.37,very_high,medium,Tourist or event-area station; demand may spike around weekends and events.,gbfs|osm|ridership,"base metadata (name, lat/lon, capacity, charging) from GBFS station_information; spatial context (nearest subway, park, tourist, major road) from OpenStreetMap Overpass API; ridership stats from Toronto Open Data 2025–2026 annual ZIPs"
8017,Pharmacy Ave / Eglinton Ave E ,43.72534466992445,-79.2976874085289,15,small,False,False,,residential,small|residential|near_major_road,Small residential station on a major road.,Warden,2179,False,Victoria Park-Eglinton Parkette,340,False,Bell Estate,2776,False,Eglinton Avenue East,23,True,False,False,True,1.59,1.66,-0.06,medium,low,"Small residential or park-adjacent station; if full, alternatives may be farther away.",gbfs|osm|ridership,"base metadata (name, lat/lon, capacity, charging) from GBFS station_information; spatial context (nearest subway, park, tourist, major road) from OpenStreetMap Overpass API; ridership stats from Toronto Open Data 2025–2026 annual ZIPs"
8018,Saulter St / Queen St E - SMART,43.65897697159562,-79.34715316627046,16,medium,False,False,,park_trail,medium|park_trail|near_park|near_major_road,Medium park trail station near a park or trail and on a major road.,Broadview Avenue,2181,False,McCleary Playground,151,True,Toronto Chinese Archway,851,False,Queen Street East,71,True,False,False,True,11.48,10.52,0.96,high,low,"Small residential or park-adjacent station; if full, alternatives may be farther away.",gbfs|osm|ridership,"base metadata (name, lat/lon, capacity, charging) from GBFS station_information; spatial context (nearest subway, park, tourist, major road) from OpenStreetMap Overpass API; ridership stats from Toronto Open Data 2025–2026 annual ZIPs"
8020,Euclid Ave / Queen St W - SMART,43.64656806400965,-79.4076868902591,9,tiny,False,False,,tourist_event,tiny|tourist_event|downtown_core|near_tourist|near_major_road,"Tiny tourist event station in the downtown core, near tourist or event venues and on a major road.","University / Queen, Southwest Entrance",1725,False,Stanley Park,464,False,the industREALarts room,98,True,Queen Street West,13,True,False,True,False,28.28,30.16,-1.89,very_high,medium,Tourist or event-area station; demand may spike around weekends and events.,gbfs|osm|ridership,"base metadata (name, lat/lon, capacity, charging) from GBFS station_information; spatial context (nearest subway, park, tourist, major road) from OpenStreetMap Overpass API; ridership stats from Toronto Open Data 2025–2026 annual ZIPs"
8021,Torresdale Ave / Finch Ave W,43.77245563489829,-79.45102085413427,19,medium,False,False,,park_trail,medium|park_trail|near_park|near_major_road,Medium park trail station near a park or trail and on a major road.,Sheppard West - North Side,2599,False,Herbert H. Carnegie Centennial Centre,144,True,John Mckenzie House,3179,False,Finch Avenue West,18,True,False,False,True,0.72,0.72,0.0,medium,low,"Small residential or park-adjacent station; if full, alternatives may be farther away.",gbfs|osm|ridership,"base metadata (name, lat/lon, capacity, charging) from GBFS station_information; spatial context (nearest subway, park, tourist, major road) from OpenStreetMap Overpass API; ridership stats from Toronto Open Data 2025–2026 annual ZIPs"
8022,Sunrise Ave / Victoria Park Ave,43.71940912890232,-79.30226117096939,11,small,False,False,,park_trail,small|park_trail|near_park,Small park trail station near a park or trail.,,2076,False,,191,True,Bell Estate,2589,False,Victoria Park Avenue,140,False,False,False,True,0.6,0.69,-0.09,medium,low,"Small residential or park-adjacent station; if full, alternatives may be farther away.",gbfs|osm|ridership,"base metadata (name, lat/lon, capacity, charging) from GBFS station_information; spatial context (nearest subway, park, tourist, major road) from OpenStreetMap Overpass API; ridership stats from Toronto Open Data 2025–2026 annual ZIPs"
8023,Shaw St / College St,43.6551193,-79.4201454,11,small,False,False,,park_trail,small|park_trail|near_park|near_major_road,Small park trail station near a park or trail and on a major road.,Ossington Avenue,941,False,,83,True,Small World Music Centre,914,False,College Street,22,True,False,False,True,26.01,25.51,0.51,high,medium,"Small residential or park-adjacent station; if full, alternatives may be farther away.",gbfs|osm|ridership,"base metadata (name, lat/lon, capacity, charging) from GBFS station_information; spatial context (nearest subway, park, tourist, major road) from OpenStreetMap Overpass API; ridership stats from Toronto Open Data 2025–2026 annual ZIPs"
8025,Front St E / Scott St (2),43.6476241415141,-79.37552498892019,11,small,False,False,,transit_hub,small|transit_hub|downtown_core|near_subway|near_park|near_tourist|near_major_road,"Small transit hub station near subway, in the downtown core, near tourist or event venues, near a park or trail and on a major road.",Yonge / Melinda,196,True,Berczy Park,49,True,The Market Gallery,342,True,Front Street East,26,True,False,True,False,8.13,8.39,-0.26,medium,low,"Large capacity helps, but downtown commuter demand can change quickly; check alternatives early.",gbfs|osm|ridership,"base metadata (name, lat/lon, capacity, charging) from GBFS station_information; spatial context (nearest subway, park, tourist, major road) from OpenStreetMap Overpass API; ridership stats from Toronto Open Data 2025–2026 annual ZIPs"
8026,Jack Layton Ferry Terminal,43.64103161936887,-79.37670442726134,23,medium,False,False,,transit_hub,medium|transit_hub|downtown_core|waterfront|near_subway|near_park|near_tourist|near_major_road,"Medium transit hub station near subway, in the downtown core, on the waterfront, near tourist or event venues, near a park or trail and on a major road.",Queens Quay - Ferry Docks,44,True,Harbour Square Park,128,True,Giant Park Bench,152,True,Bay Street,21,True,True,True,False,20.02,21.3,-1.28,high,low,"Large capacity helps, but downtown commuter demand can change quickly; check alternatives early.",gbfs|osm|ridership,"base metadata (name, lat/lon, capacity, charging) from GBFS station_information; spatial context (nearest subway, park, tourist, major road) from OpenStreetMap Overpass API; ridership stats from Toronto Open Data 2025–2026 annual ZIPs"
8027,Hanlan's Point Ferry Dock,43.6278286673252,-79.38962156604123,39,large,False,False,Fri-Sun 9:00AM-10:00PM,tourist_event,large|tourist_event|waterfront|near_tourist|valet_station,"Large tourist event station valet-served station, on the waterfront and near tourist or event venues.",Queens Quay - Ferry Docks,1796,False,Bathurst Quay Waters Edge,903,False,Ned Hanlan ship,24,True,Lake Shore Boulevard West,1192,False,True,False,False,87.93,75.69,12.24,very_high,medium,"Valet station: extra capacity available Fri-Sun 9:00AM-10:00PM; outside those hours, treated as a regular dock.",gbfs|osm|ridership|valet_page,"base metadata (name, lat/lon, capacity, charging) from GBFS station_information; spatial context (nearest subway, park, tourist, major road) from OpenStreetMap Overpass API; ridership stats from Toronto Open Data 2025–2026 annual ZIPs; valet hours (Fri-Sun 9:00AM-10:00PM) from bikesharetoronto.com/valet-stations/"
8028,Ward's Island Ferry Dock,43.62967431593075,-79.35603447900908,27,large,False,False,Fri-Sun 9:00AM-10:00PM,waterfront,large|waterfront|valet_station,Large waterfront station valet-served station and on the waterfront.,Queens Quay - Ferry Docks,2133,False,Ward's Island Park,368,False,Giant Park Bench,1960,False,Queens Quay East,1882,False,True,False,False,124.13,93.7,30.42,very_high,high,"Valet station: extra capacity available Fri-Sun 9:00AM-10:00PM; outside those hours, treated as a regular dock.",gbfs|osm|ridership|valet_page,"base metadata (name, lat/lon, capacity, charging) from GBFS station_information; spatial context (nearest subway, park, tourist, major road) from OpenStreetMap Overpass API; ridership stats from Toronto Open Data 2025–2026 annual ZIPs; valet hours (Fri-Sun 9:00AM-10:00PM) from bikesharetoronto.com/valet-stations/"
8029,Hanlan's Point Beach,43.61904360581232,-79.39068832406288,47,very_large,False,False,Fri-Sun 9:00AM-10:00PM,waterfront,very_large|waterfront|valet_station,Very large waterfront station valet-served station and on the waterfront.,Queens Quay - Ferry Docks,2697,False,Toronto Island Park,852,False,Old bus,847,False,Lake Shore Boulevard West,2065,False,True,False,False,57.34,57.95,-0.61,very_high,low,"Valet station: extra capacity available Fri-Sun 9:00AM-10:00PM; outside those hours, treated as a regular dock.",gbfs|osm|ridership|valet_page,"base metadata (name, lat/lon, capacity, charging) from GBFS station_information; spatial context (nearest subway, park, tourist, major road) from OpenStreetMap Overpass API; ridership stats from Toronto Open Data 2025–2026 annual ZIPs; valet hours (Fri-Sun 9:00AM-10:00PM) from bikesharetoronto.com/valet-stations/"
8030,Centre Island Ferry Dock,43.622020652213855,-79.37888203400495,35,large,False,False,Fri-Sun 9:00AM-10:00PM,waterfront,large|waterfront|near_park|valet_station,"Large waterfront station valet-served station, on the waterfront and near a park or trail.",Queens Quay - Ferry Docks,2141,False,Toronto Island Park,225,True,William Meany Maze,574,False,Lake Shore Boulevard West,2051,False,True,False,False,201.85,238.93,-37.07,very_high,high,"Valet station: extra capacity available Fri-Sun 9:00AM-10:00PM; outside those hours, treated as a regular dock.",gbfs|osm|ridership|valet_page,"base metadata (name, lat/lon, capacity, charging) from GBFS station_information; spatial context (nearest subway, park, tourist, major road) from OpenStreetMap Overpass API; ridership stats from Toronto Open Data 2025–2026 annual ZIPs; valet hours (Fri-Sun 9:00AM-10:00PM) from bikesharetoronto.com/valet-stations/"
8031,Ancaster Rd / Spalding Rd,43.73359486358252,-79.46651489022999,15,small,False,False,,park_trail,small|park_trail|near_park,Small park trail station near a park or trail.,Passenger PU/DO,1202,False,Ancaster Park,86,True,The Basketweave,3231,False,Wilson Avenue,308,False,False,False,True,0.39,0.41,-0.02,low,low,"Small residential or park-adjacent station; if full, alternatives may be farther away.",gbfs|osm|ridership,"base metadata (name, lat/lon, capacity, charging) from GBFS station_information; spatial context (nearest subway, park, tourist, major road) from OpenStreetMap Overpass API; ridership stats from Toronto Open Data 2025–2026 annual ZIPs"
8032,Roding St / Nash Dr,43.72885964584396,-79.49202997658232,15,small,False,False,,park_trail,small|park_trail|near_park,Small park trail station near a park or trail.,Vitti Street,2922,False,Roding Park,161,True,The Basketweave,1355,False,Wilson Avenue,477,False,False,False,True,0.55,0.52,0.03,medium,low,"Small residential or park-adjacent station; if full, alternatives may be farther away.",gbfs|osm|ridership,"base metadata (name, lat/lon, capacity, charging) from GBFS station_information; spatial context (nearest subway, park, tourist, major road) from OpenStreetMap Overpass API; ridership stats from Toronto Open Data 2025–2026 annual ZIPs"
8033,Ridge Rd / Wilson Ave ,43.723786959308256,-79.49416269814759,19,medium,False,False,,residential,medium|residential|near_major_road,Medium residential station on a major road.,Vitti Street,3510,False,,316,False,The Basketweave,799,False,Wilson Avenue,20,True,False,False,True,0.21,0.17,0.04,low,low,"Small residential or park-adjacent station; if full, alternatives may be farther away.",gbfs|osm|ridership,"base metadata (name, lat/lon, capacity, charging) from GBFS station_information; spatial context (nearest subway, park, tourist, major road) from OpenStreetMap Overpass API; ridership stats from Toronto Open Data 2025–2026 annual ZIPs"
8034,Exbury Rd / Jane St,43.729522486553826,-79.5101425092621,15,small,False,False,,park_trail,small|park_trail|near_park|near_major_road,Small park trail station near a park or trail and on a major road.,Jane and Finch,3143,False,Belmar Park,250,True,The Basketweave,1438,False,Jane Street,44,True,False,False,True,0.4,0.36,0.04,low,low,"Small residential or park-adjacent station; if full, alternatives may be farther away.",gbfs|osm|ridership,"base metadata (name, lat/lon, capacity, charging) from GBFS station_information; spatial context (nearest subway, park, tourist, major road) from OpenStreetMap Overpass API; ridership stats from Toronto Open Data 2025–2026 annual ZIPs"
8035,Dubray Ave / Wilson Ave,43.728617628977695,-79.47800122943039,19,medium,False,False,,park_trail,medium|park_trail|near_park|near_major_road,Medium park trail station near a park or trail and on a major road.,Passenger PU/DO,2216,False,Dubary Parkette,127,True,The Basketweave,2155,False,Wilson Avenue,67,True,False,False,True,0.74,0.69,0.05,medium,low,"Small residential or park-adjacent station; if full, alternatives may be farther away.",gbfs|osm|ridership,"base metadata (name, lat/lon, capacity, charging) from GBFS station_information; spatial context (nearest subway, park, tourist, major road) from OpenStreetMap Overpass API; ridership stats from Toronto Open Data 2025–2026 annual ZIPs"
8036,Jane St / Sheppard Ave W,43.73901341370186,-79.51286317927207,19,medium,False,False,,park_trail,medium|park_trail|near_park|near_major_road,Medium park trail station near a park or trail and on a major road.,Jane and Finch,2065,False,Reading Sprouts Garden,234,True,The Basketweave,2480,False,Jane Street,23,True,False,False,True,0.15,0.09,0.06,low,low,"Small residential or park-adjacent station; if full, alternatives may be farther away.",gbfs|osm|ridership,"base metadata (name, lat/lon, capacity, charging) from GBFS station_information; spatial context (nearest subway, park, tourist, major road) from OpenStreetMap Overpass API; ridership stats from Toronto Open Data 2025–2026 annual ZIPs"
8037,Bathurst St / Sheppard Ave W,43.7551762288098,-79.43812182651081,15,small,False,False,,residential,small|residential|near_major_road,Small residential station on a major road.,Passenger PU/DO,1992,False,,317,False,Fire Hose Tower,2631,False,Bathurst Street,26,True,False,False,True,1.29,1.29,-0.0,medium,low,"Small residential or park-adjacent station; if full, alternatives may be farther away.",gbfs|osm|ridership,"base metadata (name, lat/lon, capacity, charging) from GBFS station_information; spatial context (nearest subway, park, tourist, major road) from OpenStreetMap Overpass API; ridership stats from Toronto Open Data 2025–2026 annual ZIPs"
8038,Finch Ave E / Upper Don Recreational Trail ,43.78893788312306,-79.37488868750592,11,small,False,False,,residential,small|residential|near_major_road,Small residential station on a major road.,Sheppard Avenue Entrance,2092,False,East Don Parkland,603,False,John Mckenzie House,3507,False,Finch Avenue East,48,True,False,False,True,0.88,0.85,0.03,medium,low,"Small residential or park-adjacent station; if full, alternatives may be farther away.",gbfs|osm|ridership,"base metadata (name, lat/lon, capacity, charging) from GBFS station_information; spatial context (nearest subway, park, tourist, major road) from OpenStreetMap Overpass API; ridership stats from Toronto Open Data 2025–2026 annual ZIPs"
8039,Ruddington Dr / Finch Recreational Trail,43.789781888844246,-79.38988621716194,19,medium,False,False,,park_trail,medium|park_trail|near_park,Medium park trail station near a park or trail.,Pemberton Av Entrance,2182,False,Ruddington Park,288,True,John Mckenzie House,2656,False,Bayview Avenue,257,False,False,False,True,0.89,0.9,-0.02,medium,low,"Small residential or park-adjacent station; if full, alternatives may be farther away.",gbfs|osm|ridership,"base metadata (name, lat/lon, capacity, charging) from GBFS station_information; spatial context (nearest subway, park, tourist, major road) from OpenStreetMap Overpass API; ridership stats from Toronto Open Data 2025–2026 annual ZIPs"
8040,Old Cummer GO Station,43.79442338280241,-79.36925879507179,23,medium,False,False,,suburban_node,medium|suburban_node|near_major_road,Medium suburban node station on a major road.,Leslie St,2601,False,Willesden Park,522,False,St. Mark's Coptic Museum,3534,False,Leslie Street,60,True,False,False,True,1.08,1.01,0.08,medium,low,Suburban or lower-demand area; alternatives may require a longer detour.,gbfs|osm|ridership,"base metadata (name, lat/lon, capacity, charging) from GBFS station_information; spatial context (nearest subway, park, tourist, major road) from OpenStreetMap Overpass API; ridership stats from Toronto Open Data 2025–2026 annual ZIPs"
8041,Wilmington Ave / Kennard Ave,43.76115848103729,-79.4560000049282,11,small,False,False,,park_trail,small|park_trail|near_park,Small park trail station near a park or trail.,Sheppard West - North Side,1284,False,Irving W Chapley Park,101,True,Fire Hose Tower,3691,False,Dufferin Street,726,False,False,False,True,0.43,0.44,-0.02,low,low,"Small residential or park-adjacent station; if full, alternatives may be farther away.",gbfs|osm|ridership,"base metadata (name, lat/lon, capacity, charging) from GBFS station_information; spatial context (nearest subway, park, tourist, major road) from OpenStreetMap Overpass API; ridership stats from Toronto Open Data 2025–2026 annual ZIPs"
8042,Fairview Mall Dr / Fairview Mall Dr E,43.77967215439899,-79.3429500491085,19,medium,False,False,,park_trail,medium|park_trail|near_park,Medium park trail station near a park or trail.,Sheppard Avenue - North Entrance,474,False,Allenbury Park,78,True,Lol Art School,1707,False,Sheppard Avenue East,390,False,False,False,True,0.49,0.52,-0.03,medium,low,"Small residential or park-adjacent station; if full, alternatives may be farther away.",gbfs|osm|ridership,"base metadata (name, lat/lon, capacity, charging) from GBFS station_information; spatial context (nearest subway, park, tourist, major road) from OpenStreetMap Overpass API; ridership stats from Toronto Open Data 2025–2026 annual ZIPs"
8043,Birchmount Rd / The Meadoway,43.73893212110537,-79.28118032582971,15,small,False,False,,residential,small|residential|near_major_road,Small residential station on a major road.,Passenger Pick Up and Drop Off,1538,False,Ionview Park,470,False,Bell Estate,3696,False,Birchmount Road,29,True,False,False,True,0.46,0.45,0.01,medium,low,"Small residential or park-adjacent station; if full, alternatives may be farther away.",gbfs|osm|ridership,"base metadata (name, lat/lon, capacity, charging) from GBFS station_information; spatial context (nearest subway, park, tourist, major road) from OpenStreetMap Overpass API; ridership stats from Toronto Open Data 2025–2026 annual ZIPs"
8044,Scarborough Village Park,43.74715113437855,-79.21450235913849,11,small,False,False,,park_trail,small|park_trail|near_park,Small park trail station near a park or trail.,GO Station Entrance,4178,False,,136,True,The Wishing Well,1749,False,Eglinton Avenue East,316,False,False,False,True,0.08,0.08,0.01,low,low,"Small residential or park-adjacent station; if full, alternatives may be farther away.",gbfs|osm|ridership,"base metadata (name, lat/lon, capacity, charging) from GBFS station_information; spatial context (nearest subway, park, tourist, major road) from OpenStreetMap Overpass API; ridership stats from Toronto Open Data 2025–2026 annual ZIPs"
8045,Prudential Dr / Midland Ave,43.74956621257908,-79.26572190926208,15,small,False,False,,park_trail,small|park_trail|near_park,Small park trail station near a park or trail.,GO Station Entrance,1876,False,Arsandco Park,230,True,Bell Estate,4926,False,Midland Avenue,97,False,False,False,True,0.43,0.44,-0.01,low,low,"Small residential or park-adjacent station; if full, alternatives may be farther away.",gbfs|osm|ridership,"base metadata (name, lat/lon, capacity, charging) from GBFS station_information; spatial context (nearest subway, park, tourist, major road) from OpenStreetMap Overpass API; ridership stats from Toronto Open Data 2025–2026 annual ZIPs"
8046,Markham Rd / Cougar Crt,43.744988965771036,-79.21944366329879,11,small,False,False,,residential,small|residential|near_major_road,Small residential station on a major road.,GO Station Entrance,3720,False,Bakerton Parkette,327,False,The Wishing Well,2177,False,Markham Road,20,True,False,False,True,0.25,0.24,0.01,low,low,"Small residential or park-adjacent station; if full, alternatives may be farther away.",gbfs|osm|ridership,"base metadata (name, lat/lon, capacity, charging) from GBFS station_information; spatial context (nearest subway, park, tourist, major road) from OpenStreetMap Overpass API; ridership stats from Toronto Open Data 2025–2026 annual ZIPs"
8047,Lawrence Ave E / Overture Rd,43.76564053924766,-79.19961493121338,11,small,False,False,,park_trail,small|park_trail|near_park|near_major_road,Small park trail station near a park or trail and on a major road.,GO Station Entrance,6235,False,,192,True,The Wishing Well,1966,False,Lawrence Avenue East,23,True,False,False,True,0.33,0.31,0.02,low,low,"Small residential or park-adjacent station; if full, alternatives may be farther away.",gbfs|osm|ridership,"base metadata (name, lat/lon, capacity, charging) from GBFS station_information; spatial context (nearest subway, park, tourist, major road) from OpenStreetMap Overpass API; ridership stats from Toronto Open Data 2025–2026 annual ZIPs"
8048,Morningside Ave / Kingston Rd,43.769079266710015,-79.18711363068849,15,small,False,False,,residential,small|residential|near_major_road,Small residential station on a major road.,GO Station Entrance,7279,False,St. Margaret's Parkette,469,False,The Rock Walk,1733,False,Morningside Avenue,66,True,False,False,True,0.42,0.38,0.04,low,low,"Small residential or park-adjacent station; if full, alternatives may be farther away.",gbfs|osm|ridership,"base metadata (name, lat/lon, capacity, charging) from GBFS station_information; spatial context (nearest subway, park, tourist, major road) from OpenStreetMap Overpass API; ridership stats from Toronto Open Data 2025–2026 annual ZIPs"
8049,YZD,43.7368015,-79.4687878,19,medium,False,False,,park_trail,medium|park_trail|near_park,Medium park trail station near a park or trail.,Passenger PU/DO,1409,False,,188,True,The Basketweave,3285,False,Wilson Avenue,704,False,False,False,True,0.23,0.23,-0.01,low,low,"Small residential or park-adjacent station; if full, alternatives may be farther away.",gbfs|osm|ridership,"base metadata (name, lat/lon, capacity, charging) from GBFS station_information; spatial context (nearest subway, park, tourist, major road) from OpenStreetMap Overpass API; ridership stats from Toronto Open Data 2025–2026 annual ZIPs"
8050,Wilson Ave / Transit Rd (TTC Subway Station),43.733458993753736,-79.45338806896149,23,medium,False,False,,suburban_node,medium|suburban_node|near_subway|near_major_road,Medium suburban node station near subway and on a major road.,Passenger PU/DO,175,True,Tippet Park,450,False,C.W. Jefferys house,4017,False,Wilson Avenue,30,True,False,False,True,1.27,1.33,-0.07,medium,low,Suburban or lower-demand area; alternatives may require a longer detour.,gbfs|osm|ridership,"base metadata (name, lat/lon, capacity, charging) from GBFS station_information; spatial context (nearest subway, park, tourist, major road) from OpenStreetMap Overpass API; ridership stats from Toronto Open Data 2025–2026 annual ZIPs"
8051,Homewood Ave / Wellesley St E - SMART,43.666978011780685,-79.37594518686855,12,small,False,False,,park_trail,small|park_trail|downtown_core|near_park,Small park trail station in the downtown core and near a park or trail.,Sherbourne Street,585,False,Wellesley - Magill Park,69,True,Allan Gardens Conservatory,592,False,Jarvis Street,207,False,False,True,False,15.95,17.13,-1.17,high,low,"Small residential or park-adjacent station; if full, alternatives may be farther away.",gbfs|osm|ridership,"base metadata (name, lat/lon, capacity, charging) from GBFS station_information; spatial context (nearest subway, park, tourist, major road) from OpenStreetMap Overpass API; ridership stats from Toronto Open Data 2025–2026 annual ZIPs"
8052,Warden Ave / The Meadoway,43.735547813563755,-79.2905190837737,11,small,False,False,,residential,small|residential|near_major_road,Small residential station on a major road.,Passenger Pick Up and Drop Off,2114,False,Wexford Park,530,False,Bell Estate,3497,False,Warden Avenue,27,True,False,False,True,0.48,0.45,0.03,medium,low,"Small residential or park-adjacent station; if full, alternatives may be farther away.",gbfs|osm|ridership,"base metadata (name, lat/lon, capacity, charging) from GBFS station_information; spatial context (nearest subway, park, tourist, major road) from OpenStreetMap Overpass API; ridership stats from Toronto Open Data 2025–2026 annual ZIPs"
8053,Galloway Rd / Kingston Rd ,43.76247244509665,-79.19469250674761,17,medium,False,False,,park_trail,medium|park_trail|near_park|near_major_road,Medium park trail station near a park or trail and on a major road.,GO Station Entrance,6371,False,,68,True,The Wishing Well,1544,False,Kingston Road,35,True,False,False,True,0.18,0.16,0.02,low,low,"Small residential or park-adjacent station; if full, alternatives may be farther away.",gbfs|osm|ridership,"base metadata (name, lat/lon, capacity, charging) from GBFS station_information; spatial context (nearest subway, park, tourist, major road) from OpenStreetMap Overpass API; ridership stats from Toronto Open Data 2025–2026 annual ZIPs"
8054,Sheppard Ave E / Brian Dr,43.7751833232896,-79.33044338101735,19,medium,False,False,,park_trail,medium|park_trail|near_park|near_major_road,Medium park trail station near a park or trail and on a major road.,Sheppard Avenue - North Entrance,1186,False,Atria North Park,145,True,Lol Art School,658,False,Sheppard Avenue East,22,True,False,False,True,0.78,0.84,-0.06,medium,low,"Small residential or park-adjacent station; if full, alternatives may be farther away.",gbfs|osm|ridership,"base metadata (name, lat/lon, capacity, charging) from GBFS station_information; spatial context (nearest subway, park, tourist, major road) from OpenStreetMap Overpass API; ridership stats from Toronto Open Data 2025–2026 annual ZIPs"
8055,Sheppard Ave E / Willowdale Ave ,43.76411174298419,-79.39833699652739,11,small,False,False,,park_trail,small|park_trail|near_park|near_major_road,Small park trail station near a park or trail and on a major road.,Bayview Av - West,861,False,,173,True,Fire Hose Tower,1155,False,Sheppard Avenue East,53,True,False,False,True,1.05,1.06,-0.01,medium,low,"Small residential or park-adjacent station; if full, alternatives may be farther away.",gbfs|osm|ridership,"base metadata (name, lat/lon, capacity, charging) from GBFS station_information; spatial context (nearest subway, park, tourist, major road) from OpenStreetMap Overpass API; ridership stats from Toronto Open Data 2025–2026 annual ZIPs"
8056,Parkway Forest Dr / Forest Manor Rd (North),43.77470557954765,-79.34275329457512,19,medium,False,False,,residential,medium|residential|near_subway,Medium residential station near subway.,Sheppard Avenue - North Entrance,227,True,Parkway Forest Park,340,False,Lol Art School,1647,False,Sheppard Avenue East,135,False,False,False,True,0.95,0.98,-0.03,medium,low,"Small residential or park-adjacent station; if full, alternatives may be farther away.",gbfs|osm|ridership,"base metadata (name, lat/lon, capacity, charging) from GBFS station_information; spatial context (nearest subway, park, tourist, major road) from OpenStreetMap Overpass API; ridership stats from Toronto Open Data 2025–2026 annual ZIPs"
8057,Parkway Forest Dr / Forest Manor Rd (South),43.769529687223894,-79.34338171403495,19,medium,False,False,,park_trail,medium|park_trail|near_park,Medium park trail station near a park or trail.,Sheppard Avenue - South Entrance,660,False,Parkway Forest Park,244,True,Lol Art School,1837,False,Don Mills Road,244,False,False,False,True,0.77,0.77,0.0,medium,low,"Small residential or park-adjacent station; if full, alternatives may be farther away.",gbfs|osm|ridership,"base metadata (name, lat/lon, capacity, charging) from GBFS station_information; spatial context (nearest subway, park, tourist, major road) from OpenStreetMap Overpass API; ridership stats from Toronto Open Data 2025–2026 annual ZIPs"
8058,Maxome Ave / Finch Hydro Corridor,43.78611619378111,-79.40039054088744,19,medium,False,False,,residential,medium|residential,Medium residential station.,Pemberton Av Entrance,1245,False,Newtonbrook Park,396,False,John Mckenzie House,1836,False,Finch Avenue East,322,False,False,False,True,0.59,0.7,-0.11,medium,low,"Small residential or park-adjacent station; if full, alternatives may be farther away.",gbfs|osm|ridership,"base metadata (name, lat/lon, capacity, charging) from GBFS station_information; spatial context (nearest subway, park, tourist, major road) from OpenStreetMap Overpass API; ridership stats from Toronto Open Data 2025–2026 annual ZIPs"
8059,Ionview Rd / Eglinton Ave E,43.73170279350989,-79.27149201786922,11,small,False,False,,park_trail,small|park_trail|near_park|near_major_road,Small park trail station near a park or trail and on a major road.,Passenger Pick Up and Drop Off,546,False,Eglinton Ravine Park,234,True,Bell Estate,2892,False,Eglinton Avenue East,19,True,False,False,True,0.79,0.77,0.01,medium,low,"Small residential or park-adjacent station; if full, alternatives may be farther away.",gbfs|osm|ridership,"base metadata (name, lat/lon, capacity, charging) from GBFS station_information; spatial context (nearest subway, park, tourist, major road) from OpenStreetMap Overpass API; ridership stats from Toronto Open Data 2025–2026 annual ZIPs"
8060,Gilder Dr / Midland Ave,43.7365986,-79.2578451,15,small,False,False,,park_trail,small|park_trail|near_park,Small park trail station near a park or trail.,GO Station Entrance,565,False,Glen Ravine Park,237,True,Bell Estate,3713,False,Midland Avenue,91,False,False,False,True,0.44,0.44,0.0,medium,low,"Small residential or park-adjacent station; if full, alternatives may be farther away.",gbfs|osm|ridership,"base metadata (name, lat/lon, capacity, charging) from GBFS station_information; spatial context (nearest subway, park, tourist, major road) from OpenStreetMap Overpass API; ridership stats from Toronto Open Data 2025–2026 annual ZIPs"
8061,Stansbury Cr / Midland Ave,43.742513527508905,-79.26124310383767,11,small,False,False,,residential,small|residential|near_major_road,Small residential station on a major road.,GO Station Entrance,1080,False,,553,False,Bell Estate,4241,False,Midland Avenue,20,True,False,False,True,0.27,0.24,0.03,low,low,"Small residential or park-adjacent station; if full, alternatives may be farther away.",gbfs|osm|ridership,"base metadata (name, lat/lon, capacity, charging) from GBFS station_information; spatial context (nearest subway, park, tourist, major road) from OpenStreetMap Overpass API; ridership stats from Toronto Open Data 2025–2026 annual ZIPs"
8062,Bay St / King St W,43.64837534148549,-79.3799828091115,23,medium,False,False,,transit_hub,medium|transit_hub|downtown_core|near_subway|near_park|near_tourist|near_major_road,"Medium transit hub station near subway, in the downtown core, near tourist or event venues, near a park or trail and on a major road.",Yonge / King Southwest corner,157,True,The Pasture,207,True,Design Exchange,71,True,King Street West,39,True,False,True,False,8.49,10.05,-1.56,medium,low,"Large capacity helps, but downtown commuter demand can change quickly; check alternatives early.",gbfs|osm|ridership,"base metadata (name, lat/lon, capacity, charging) from GBFS station_information; spatial context (nearest subway, park, tourist, major road) from OpenStreetMap Overpass API; ridership stats from Toronto Open Data 2025–2026 annual ZIPs"
8063,Maida Vale Park,43.73310396818645,-79.27702819926358,11,small,False,False,,park_trail,small|park_trail|near_park,Small park trail station near a park or trail.,Passenger Pick Up and Drop Off,1000,False,Maidavale Park,95,True,Bell Estate,3026,False,Birchmount Road,151,False,False,False,True,0.27,0.27,0.01,low,low,"Small residential or park-adjacent station; if full, alternatives may be farther away.",gbfs|osm|ridership,"base metadata (name, lat/lon, capacity, charging) from GBFS station_information; spatial context (nearest subway, park, tourist, major road) from OpenStreetMap Overpass API; ridership stats from Toronto Open Data 2025–2026 annual ZIPs"
8064,Kennedy Rd / Bertrand Ave,43.73746176713744,-79.26995937672586,11,small,False,False,,park_trail,small|park_trail|near_park|near_major_road,Small park trail station near a park or trail and on a major road.,Kennedy,750,False,Treverton Park,191,True,Bell Estate,3543,False,Kennedy Road,14,True,False,False,True,0.07,0.09,-0.01,low,low,"Small residential or park-adjacent station; if full, alternatives may be farther away.",gbfs|osm|ridership,"base metadata (name, lat/lon, capacity, charging) from GBFS station_information; spatial context (nearest subway, park, tourist, major road) from OpenStreetMap Overpass API; ridership stats from Toronto Open Data 2025–2026 annual ZIPs"
8065,Brockley Dr / Lawrence Ave E,43.752354851176584,-79.26279658857231,11,small,False,False,,residential,small|residential|near_major_road,Small residential station on a major road.,GO Station Entrance,2169,False,,521,False,P. C. Ho Theatre,5248,False,Lawrence Avenue East,37,True,False,False,True,0.3,0.29,0.02,low,low,"Small residential or park-adjacent station; if full, alternatives may be farther away.",gbfs|osm|ridership,"base metadata (name, lat/lon, capacity, charging) from GBFS station_information; spatial context (nearest subway, park, tourist, major road) from OpenStreetMap Overpass API; ridership stats from Toronto Open Data 2025–2026 annual ZIPs"
8066,Danforth Rd / Savarin St,43.74307247062562,-79.24531812219966,15,small,False,False,,park_trail,small|park_trail|near_park|near_major_road,Small park trail station near a park or trail and on a major road.,GO Station Entrance,1794,False,,285,True,The Wishing Well,4262,False,Danforth Road,26,True,False,False,True,0.3,0.28,0.02,low,low,"Small residential or park-adjacent station; if full, alternatives may be farther away.",gbfs|osm|ridership,"base metadata (name, lat/lon, capacity, charging) from GBFS station_information; spatial context (nearest subway, park, tourist, major road) from OpenStreetMap Overpass API; ridership stats from Toronto Open Data 2025–2026 annual ZIPs"
8070,Centre Island,43.61851569484422,-79.3730330079146,31,large,False,False,Fri-Sun 9:00AM-10:00PM,tourist_event,large|tourist_event|waterfront|near_tourist|valet_station,"Large tourist event station valet-served station, on the waterfront and near tourist or event venues.",Queens Quay - Ferry Docks,2549,False,Centre Island Park,501,False,William Meany Maze,167,True,Bay Street,2539,False,True,False,False,82.12,84.09,-1.97,very_high,medium,"Valet station: extra capacity available Fri-Sun 9:00AM-10:00PM; outside those hours, treated as a regular dock.",gbfs|osm|ridership|valet_page,"base metadata (name, lat/lon, capacity, charging) from GBFS station_information; spatial context (nearest subway, park, tourist, major road) from OpenStreetMap Overpass API; ridership stats from Toronto Open Data 2025–2026 annual ZIPs; valet hours (Fri-Sun 9:00AM-10:00PM) from bikesharetoronto.com/valet-stations/"
8073,Finch Ave E / Midland Ave,43.80356565011367,-79.28669605472409,14,small,False,False,,residential,small|residential|near_major_road,Small residential station on a major road.,Sheppard Avenue - North Entrance,5624,False,Alexmuir Park,716,False,Kao Ying Art Gallery,1348,False,Finch Avenue East,18,True,False,False,True,0.2,0.21,-0.01,low,low,"Small residential or park-adjacent station; if full, alternatives may be farther away.",gbfs|osm|ridership,"base metadata (name, lat/lon, capacity, charging) from GBFS station_information; spatial context (nearest subway, park, tourist, major road) from OpenStreetMap Overpass API; ridership stats from Toronto Open Data 2025–2026 annual ZIPs"
8074,Huntingwood Dr / Midland Ave,43.79690348659038,-79.28376281529815,11,small,False,False,,residential,small|residential|near_major_road,Small residential station on a major road.,Sheppard Avenue - North Entrance,5464,False,,411,False,Kao Ying Art Gallery,2119,False,Midland Avenue,31,True,False,False,True,0.17,0.2,-0.02,low,low,"Small residential or park-adjacent station; if full, alternatives may be farther away.",gbfs|osm|ridership,"base metadata (name, lat/lon, capacity, charging) from GBFS station_information; spatial context (nearest subway, park, tourist, major road) from OpenStreetMap Overpass API; ridership stats from Toronto Open Data 2025–2026 annual ZIPs"
8075,Marine Parade Dr / Humber Bay Shores Park Trl,43.626461825093834,-79.47675102302073,19,medium,False,False,,waterfront,medium|waterfront|near_park,Medium waterfront station on the waterfront and near a park or trail.,Bloor St W,2636,False,Palace Pier Park,166,True,Lakeshore Arts,1660,False,Lake Shore Boulevard West,206,False,True,False,False,14.28,13.5,0.78,high,low,Waterfront station; expect higher demand on warm-weather weekends.,gbfs|osm|ridership,"base metadata (name, lat/lon, capacity, charging) from GBFS station_information; spatial context (nearest subway, park, tourist, major road) from OpenStreetMap Overpass API; ridership stats from Toronto Open Data 2025–2026 annual ZIPs"
8076,Warden Ave / Huntingwood Dr,43.78571682234873,-79.31081039604902,11,small,False,False,,residential,small|residential|near_major_road,Small residential station on a major road.,Sheppard Avenue - North Entrance,2975,False,Bridlewood Park,386,False,Lol Art School,1424,False,Warden Avenue,28,True,False,False,True,0.26,0.32,-0.06,low,low,"Small residential or park-adjacent station; if full, alternatives may be farther away.",gbfs|osm|ridership,"base metadata (name, lat/lon, capacity, charging) from GBFS station_information; spatial context (nearest subway, park, tourist, major road) from OpenStreetMap Overpass API; ridership stats from Toronto Open Data 2025–2026 annual ZIPs"
8077,Silver Springs Blvd / Birchmount Rd,43.800737007917,-79.30671242148874,11,small,False,False,,residential,small|residential|near_major_road,Small residential station on a major road.,Sheppard Avenue - North Entrance,4156,False,L'Amoureaux Park,419,False,Kao Ying Art Gallery,1810,False,Birchmount Road,28,True,False,False,True,0.39,0.38,0.01,low,low,"Small residential or park-adjacent station; if full, alternatives may be farther away.",gbfs|osm|ridership,"base metadata (name, lat/lon, capacity, charging) from GBFS station_information; spatial context (nearest subway, park, tourist, major road) from OpenStreetMap Overpass API; ridership stats from Toronto Open Data 2025–2026 annual ZIPs"
8078,Victoria Park Ave / Patrick Blvd ,43.7777592874974,-79.32390892420574,15,small,False,False,,tourist_event,small|tourist_event|near_tourist|near_major_road,Small tourist event station near tourist or event venues and on a major road.,Sheppard Avenue - North Entrance,1724,False,Hickorynut Parkette,350,False,Lol Art School,237,True,Victoria Park Avenue,21,True,False,False,False,0.26,0.31,-0.05,low,low,Tourist or event-area station; demand may spike around weekends and events.,gbfs|osm|ridership,"base metadata (name, lat/lon, capacity, charging) from GBFS station_information; spatial context (nearest subway, park, tourist, major road) from OpenStreetMap Overpass API; ridership stats from Toronto Open Data 2025–2026 annual ZIPs"
8079,Aurora Ct / Bridletowne Cir,43.79283961726625,-79.31685173498637,11,small,False,False,,park_trail,small|park_trail|near_park,Small park trail station near a park or trail.,Sheppard Avenue - North Entrance,2966,False,Collingsbrook Parkette,261,True,Lol Art School,1927,False,Warden Avenue,206,False,False,False,True,0.36,0.36,0.0,low,low,"Small residential or park-adjacent station; if full, alternatives may be farther away.",gbfs|osm|ridership,"base metadata (name, lat/lon, capacity, charging) from GBFS station_information; spatial context (nearest subway, park, tourist, major road) from OpenStreetMap Overpass API; ridership stats from Toronto Open Data 2025–2026 annual ZIPs"
8080,Bay Mills Blvd / Birchmount Ave,43.78342986112393,-79.29955890113074,15,small,False,False,,residential,small|residential|near_major_road,Small residential station on a major road.,Sheppard Avenue - North Entrance,3762,False,Stephen Leacock Park,444,False,Lol Art School,2007,False,Birchmount Road,25,True,False,False,True,0.31,0.33,-0.02,low,low,"Small residential or park-adjacent station; if full, alternatives may be farther away.",gbfs|osm|ridership,"base metadata (name, lat/lon, capacity, charging) from GBFS station_information; spatial context (nearest subway, park, tourist, major road) from OpenStreetMap Overpass API; ridership stats from Toronto Open Data 2025–2026 annual ZIPs"
8081,Bridlewood Park,43.78402991418279,-79.31629774014742,11,small,False,False,,park_trail,small|park_trail|near_park,Small park trail station near a park or trail.,Sheppard Avenue - North Entrance,2497,False,Bridlewood Park,98,True,Lol Art School,1019,False,Warden Avenue,460,False,False,False,True,0.26,0.3,-0.04,low,low,"Small residential or park-adjacent station; if full, alternatives may be farther away.",gbfs|osm|ridership,"base metadata (name, lat/lon, capacity, charging) from GBFS station_information; spatial context (nearest subway, park, tourist, major road) from OpenStreetMap Overpass API; ridership stats from Toronto Open Data 2025–2026 annual ZIPs"
8082,Village Green Square,43.77826306735535,-79.28174956176564,15,small,False,False,,park_trail,small|park_trail|near_park,Small park trail station near a park or trail.,Sheppard Avenue - North Entrance,5102,False,Metrogate Park,64,True,Lol Art School,3267,False,Kennedy Road,318,False,False,False,True,0.32,0.31,0.0,low,low,"Small residential or park-adjacent station; if full, alternatives may be farther away.",gbfs|osm|ridership,"base metadata (name, lat/lon, capacity, charging) from GBFS station_information; spatial context (nearest subway, park, tourist, major road) from OpenStreetMap Overpass API; ridership stats from Toronto Open Data 2025–2026 annual ZIPs"
8083,Eastview Park,43.759071409320356,-79.18945281711036,11,small,False,False,,park_trail,small|park_trail|near_park,Small park trail station near a park or trail.,GO Station Entrance,6559,False,,146,True,The Wishing Well,1190,False,Kingston Road,529,False,False,False,True,0.16,0.16,0.0,low,low,"Small residential or park-adjacent station; if full, alternatives may be farther away.",gbfs|osm|ridership,"base metadata (name, lat/lon, capacity, charging) from GBFS station_information; spatial context (nearest subway, park, tourist, major road) from OpenStreetMap Overpass API; ridership stats from Toronto Open Data 2025–2026 annual ZIPs"
8084,Grenville St / Yonge St ,43.662029346625715,-79.38360958402289,14,small,False,False,,transit_hub,small|transit_hub|downtown_core|near_subway|near_park|near_tourist|near_major_road,"Small transit hub station near subway, in the downtown core, near tourist or event venues, near a park or trail and on a major road.",Yonge / Carlton Northeast Corner,92,True,Alexander Street Parkette,164,True,Police Museum & Discovery Centre,159,True,Yonge Street,20,True,False,True,False,26.5,30.54,-4.04,very_high,low,"Large capacity helps, but downtown commuter demand can change quickly; check alternatives early.",gbfs|osm|ridership,"base metadata (name, lat/lon, capacity, charging) from GBFS station_information; spatial context (nearest subway, park, tourist, major road) from OpenStreetMap Overpass API; ridership stats from Toronto Open Data 2025–2026 annual ZIPs"
8085,Lawrence Ave W / Bathurst St,43.71901032217961,-79.43009089116728,11,small,False,False,,residential,small|residential|near_major_road,Small residential station on a major road.,Lawrence West,1182,False,Dell Park,369,False,C.W. Jefferys house,3557,False,Lawrence Avenue West,22,True,False,False,True,0.54,0.54,0.0,medium,low,"Small residential or park-adjacent station; if full, alternatives may be farther away.",gbfs|osm|ridership,"base metadata (name, lat/lon, capacity, charging) from GBFS station_information; spatial context (nearest subway, park, tourist, major road) from OpenStreetMap Overpass API; ridership stats from Toronto Open Data 2025–2026 annual ZIPs"
8086,Lawrence Ave W / Dufferin St,43.714317848363905,-79.45414485709222,15,small,False,False,,park_trail,small|park_trail|near_park|near_major_road,Small park trail station near a park or trail and on a major road.,"Lawrence Av W, North Entrance",815,False,Dane Parkette,195,True,Little House,3389,False,Lawrence Avenue West,22,True,False,False,True,0.95,0.96,-0.01,medium,low,"Small residential or park-adjacent station; if full, alternatives may be farther away.",gbfs|osm|ridership,"base metadata (name, lat/lon, capacity, charging) from GBFS station_information; spatial context (nearest subway, park, tourist, major road) from OpenStreetMap Overpass API; ridership stats from Toronto Open Data 2025–2026 annual ZIPs"
8087,Front St E / Cooperage St,43.65296378015573,-79.35711048354281,19,medium,False,False,,tourist_event,medium|tourist_event|near_park|near_tourist,Medium tourist event station near tourist or event venues and near a park or trail.,Yonge / King Southeast corner,1681,False,Percy Park,243,True,Distillery District,348,True,Eastern Avenue,151,False,False,False,False,24.62,27.05,-2.43,high,low,Tourist or event-area station; demand may spike around weekends and events.,gbfs|osm|ridership,"base metadata (name, lat/lon, capacity, charging) from GBFS station_information; spatial context (nearest subway, park, tourist, major road) from OpenStreetMap Overpass API; ridership stats from Toronto Open Data 2025–2026 annual ZIPs"
8088,Lawrence Ave W / Renfield St,43.70402998554811,-79.4988335075738,11,small,False,False,,park_trail,small|park_trail|near_park|near_major_road,Small park trail station near a park or trail and on a major road.,,1993,False,,198,True,The Basketweave,1614,False,Lawrence Avenue West,45,True,False,False,True,0.13,0.11,0.02,low,low,"Small residential or park-adjacent station; if full, alternatives may be farther away.",gbfs|osm|ridership,"base metadata (name, lat/lon, capacity, charging) from GBFS station_information; spatial context (nearest subway, park, tourist, major road) from OpenStreetMap Overpass API; ridership stats from Toronto Open Data 2025–2026 annual ZIPs"
8089,Lawrence Ave W / Pine St,43.70177452503352,-79.50850451132469,15,small,False,False,,park_trail,small|park_trail|near_park|near_major_road,Small park trail station near a park or trail and on a major road.,Mount Dennis Station Main Entrance,2257,False,,107,True,Urban Arts,1758,False,Lawrence Avenue West,27,True,False,False,True,0.13,0.14,-0.02,low,low,"Small residential or park-adjacent station; if full, alternatives may be farther away.",gbfs|osm|ridership,"base metadata (name, lat/lon, capacity, charging) from GBFS station_information; spatial context (nearest subway, park, tourist, major road) from OpenStreetMap Overpass API; ridership stats from Toronto Open Data 2025–2026 annual ZIPs"
8090,Church St / Cypress St,43.706385752681484,-79.51671697675717,15,small,False,False,,park_trail,small|park_trail|near_park,Small park trail station near a park or trail.,Mount Dennis Station Main Entrance,3089,False,Elm Park,33,True,The Basketweave,1853,False,Weston Road,633,False,False,False,True,0.14,0.16,-0.01,low,low,"Small residential or park-adjacent station; if full, alternatives may be farther away.",gbfs|osm|ridership,"base metadata (name, lat/lon, capacity, charging) from GBFS station_information; spatial context (nearest subway, park, tourist, major road) from OpenStreetMap Overpass API; ridership stats from Toronto Open Data 2025–2026 annual ZIPs"
8091,Rockcliffe Blvd / Alliance Ave,43.67651939727437,-79.48942027086547,11,small,False,False,,park_trail,small|park_trail|near_park,Small park trail station near a park or trail.,Mount Dennis Station Main Entrance,1230,False,Black Creek Park West,249,True,Urban Arts,1498,False,Jane Street,492,False,False,False,True,0.49,0.48,0.01,medium,low,"Small residential or park-adjacent station; if full, alternatives may be farther away.",gbfs|osm|ridership,"base metadata (name, lat/lon, capacity, charging) from GBFS station_information; spatial context (nearest subway, park, tourist, major road) from OpenStreetMap Overpass API; ridership stats from Toronto Open Data 2025–2026 annual ZIPs"
8092,Jane St / Woolner Ave (Woolner Park),43.67119618326082,-79.49337217955949,15,small,False,False,,park_trail,small|park_trail|near_park|near_major_road,Small park trail station near a park or trail and on a major road.,Mount Dennis Station Main Entrance,1862,False,Woolner Park,84,True,Duck pond,1700,False,Jane Street,14,True,False,False,True,0.61,0.65,-0.05,medium,low,"Small residential or park-adjacent station; if full, alternatives may be farther away.",gbfs|osm|ridership,"base metadata (name, lat/lon, capacity, charging) from GBFS station_information; spatial context (nearest subway, park, tourist, major road) from OpenStreetMap Overpass API; ridership stats from Toronto Open Data 2025–2026 annual ZIPs"
8093,Jane St / Spenvalley Dr,43.740937072210514,-79.51338882645875,15,small,False,False,,park_trail,small|park_trail|near_park|near_major_road,Small park trail station near a park or trail and on a major road.,Jane and Finch,1847,False,,199,True,The Basketweave,2694,False,Jane Street,22,True,False,False,True,0.09,0.06,0.03,low,low,"Small residential or park-adjacent station; if full, alternatives may be farther away.",gbfs|osm|ridership,"base metadata (name, lat/lon, capacity, charging) from GBFS station_information; spatial context (nearest subway, park, tourist, major road) from OpenStreetMap Overpass API; ridership stats from Toronto Open Data 2025–2026 annual ZIPs"
8094,Baycrest Ave / Bathurst St,43.72966526118746,-79.4324727837474,19,medium,False,False,,residential,medium|residential|near_major_road,Medium residential station on a major road.,Yorkdale Mall,1318,False,Elijah Park,392,False,C.W. Jefferys house,2771,False,Bathurst Street,26,True,False,False,True,0.42,0.43,-0.01,low,low,"Small residential or park-adjacent station; if full, alternatives may be farther away.",gbfs|osm|ridership,"base metadata (name, lat/lon, capacity, charging) from GBFS station_information; spatial context (nearest subway, park, tourist, major road) from OpenStreetMap Overpass API; ridership stats from Toronto Open Data 2025–2026 annual ZIPs"
8095,Weston Rd / Gaydon Ave,43.720581848570575,-79.53729089399313,11,small,False,False,,residential,small|residential|near_major_road,Small residential station on a major road.,Milvan Rumike,3483,False,Louise Russo Park,314,False,The Basketweave,2938,False,Weston Road,16,True,False,False,True,0.06,0.06,0.0,low,low,"Small residential or park-adjacent station; if full, alternatives may be farther away.",gbfs|osm|ridership,"base metadata (name, lat/lon, capacity, charging) from GBFS station_information; spatial context (nearest subway, park, tourist, major road) from OpenStreetMap Overpass API; ridership stats from Toronto Open Data 2025–2026 annual ZIPs"
8096,Commissioners St / Bouchette St,43.65026890973696,-79.34072579882069,20,medium,False,False,,park_trail,medium|park_trail|near_park,Medium park trail station near a park or trail.,Yonge / King Southeast corner,2949,False,McCleary Park,295,True,Distillery District,1508,False,Lake Shore Boulevard East,328,False,False,False,True,4.69,4.53,0.16,medium,low,"Small residential or park-adjacent station; if full, alternatives may be farther away.",gbfs|osm|ridership,"base metadata (name, lat/lon, capacity, charging) from GBFS station_information; spatial context (nearest subway, park, tourist, major road) from OpenStreetMap Overpass API; ridership stats from Toronto Open Data 2025–2026 annual ZIPs"
8099,Jane St / Milo Park Gt,43.76610505781775,-79.51987577480911,11,small,False,False,,park_trail,small|park_trail|near_park|near_major_road,Small park trail station near a park or trail and on a major road.,Jane and Finch,999,False,,128,True,The Basketweave,5513,False,Jane Street,21,True,False,False,True,0.14,0.12,0.02,low,low,"Small residential or park-adjacent station; if full, alternatives may be farther away.",gbfs|osm|ridership,"base metadata (name, lat/lon, capacity, charging) from GBFS station_information; spatial context (nearest subway, park, tourist, major road) from OpenStreetMap Overpass API; ridership stats from Toronto Open Data 2025–2026 annual ZIPs"
8101,Pape Ave / Hopedale Ave,43.69651434782748,-79.35001867455148,15,small,False,False,,park_trail,small|park_trail|near_park|near_major_road,Small park trail station near a park or trail and on a major road.,Pape,1890,False,Arthur Dyson Parkette,17,True,Todmorden Mills,1430,False,Pape Avenue,19,True,False,False,True,1.1,1.25,-0.16,medium,low,"Small residential or park-adjacent station; if full, alternatives may be farther away.",gbfs|osm|ridership,"base metadata (name, lat/lon, capacity, charging) from GBFS station_information; spatial context (nearest subway, park, tourist, major road) from OpenStreetMap Overpass API; ridership stats from Toronto Open Data 2025–2026 annual ZIPs"
8102,Sheppard Ave W / Magellan Dr,43.73973760710352,-79.50986836326231,15,small,False,False,,park_trail,small|park_trail|near_park|near_major_road,Small park trail station near a park or trail and on a major road.,Jane and Finch,2048,False,Reading Sprouts Garden,36,True,The Basketweave,2474,False,Sheppard Avenue West,18,True,False,False,True,0.1,0.1,0.0,low,low,"Small residential or park-adjacent station; if full, alternatives may be farther away.",gbfs|osm|ridership,"base metadata (name, lat/lon, capacity, charging) from GBFS station_information; spatial context (nearest subway, park, tourist, major road) from OpenStreetMap Overpass API; ridership stats from Toronto Open Data 2025–2026 annual ZIPs"
8104,Toronto Public Library - Agincourt,43.785521175652185,-79.29353421246093,15,small,False,False,,park_trail,small|park_trail|near_park,Small park trail station near a park or trail.,Sheppard Avenue - North Entrance,4288,False,Ron Watson Park,134,True,Lol Art School,2543,False,Kennedy Road,321,False,False,False,True,0.3,0.3,-0.01,low,low,"Small residential or park-adjacent station; if full, alternatives may be farther away.",gbfs|osm|ridership,"base metadata (name, lat/lon, capacity, charging) from GBFS station_information; spatial context (nearest subway, park, tourist, major road) from OpenStreetMap Overpass API; ridership stats from Toronto Open Data 2025–2026 annual ZIPs"
8105,Kennedy Rd / Finch Recreational Trail,43.8104818757924,-79.30130778609832,15,small,False,False,,residential,small|residential|near_major_road,Small residential station on a major road.,Sheppard Avenue - North Entrance,5229,False,L'Amoreaux Park,567,False,Kao Ying Art Gallery,705,False,Kennedy Road,16,True,False,False,True,0.14,0.17,-0.02,low,low,"Small residential or park-adjacent station; if full, alternatives may be farther away.",gbfs|osm|ridership,"base metadata (name, lat/lon, capacity, charging) from GBFS station_information; spatial context (nearest subway, park, tourist, major road) from OpenStreetMap Overpass API; ridership stats from Toronto Open Data 2025–2026 annual ZIPs"
8106,Memorial Park Ave / Kimbourne Ave ,43.69089523584503,-79.33452042883253,11,small,False,False,,park_trail,small|park_trail|near_park,Small park trail station near a park or trail.,Greenwood,988,False,Dieppe Park,114,True,Create Art Studio,1471,False,Coxwell Avenue,606,False,False,False,True,0.73,0.82,-0.09,medium,low,"Small residential or park-adjacent station; if full, alternatives may be farther away.",gbfs|osm|ridership,"base metadata (name, lat/lon, capacity, charging) from GBFS station_information; spatial context (nearest subway, park, tourist, major road) from OpenStreetMap Overpass API; ridership stats from Toronto Open Data 2025–2026 annual ZIPs"
8107,Pitfield Rd / McCowan Rd,43.787452441118305,-79.25768393212577,15,small,False,False,,residential,small|residential|near_major_road,Small residential station on a major road.,GO Station Entrance,6085,False,,523,False,P. C. Ho Theatre,2088,False,McCowan Road,28,True,False,False,True,0.1,0.09,0.01,low,low,"Small residential or park-adjacent station; if full, alternatives may be farther away.",gbfs|osm|ridership,"base metadata (name, lat/lon, capacity, charging) from GBFS station_information; spatial context (nearest subway, park, tourist, major road) from OpenStreetMap Overpass API; ridership stats from Toronto Open Data 2025–2026 annual ZIPs"
8108,Agincourt Recreation Centre,43.78809358412675,-79.2763071018949,15,small,False,False,,park_trail,small|park_trail|near_park,Small park trail station near a park or trail.,Sheppard Avenue - North Entrance,5699,False,Agincourt Park,108,True,Kao Ying Art Gallery,3260,False,Sheppard Avenue East,238,False,False,False,True,0.14,0.14,0.0,low,low,"Small residential or park-adjacent station; if full, alternatives may be farther away.",gbfs|osm|ridership,"base metadata (name, lat/lon, capacity, charging) from GBFS station_information; spatial context (nearest subway, park, tourist, major road) from OpenStreetMap Overpass API; ridership stats from Toronto Open Data 2025–2026 annual ZIPs"
8109,Brimley Rd / E Highland Creek Trail,43.79692798263339,-79.27287064947943,11,small,False,False,,residential,small|residential|near_major_road,Small residential station on a major road.,Sheppard Avenue - North Entrance,6266,False,,580,False,Kao Ying Art Gallery,2594,False,Brimley Road,44,True,False,False,True,0.11,0.13,-0.01,low,low,"Small residential or park-adjacent station; if full, alternatives may be farther away.",gbfs|osm|ridership,"base metadata (name, lat/lon, capacity, charging) from GBFS station_information; spatial context (nearest subway, park, tourist, major road) from OpenStreetMap Overpass API; ridership stats from Toronto Open Data 2025–2026 annual ZIPs"
8110,Midland Ave / Finch Recreational Trail,43.812642480301804,-79.29119588067526,15,small,False,False,,tourist_event,small|tourist_event|near_tourist|near_major_road,Small tourist event station near tourist or event venues and on a major road.,Sheppard Avenue - North Entrance,5969,False,Port Royal Park,649,False,Kao Ying Art Gallery,317,True,Midland Avenue,10,True,False,False,False,0.43,0.45,-0.02,low,low,Tourist or event-area station; demand may spike around weekends and events.,gbfs|osm|ridership,"base metadata (name, lat/lon, capacity, charging) from GBFS station_information; spatial context (nearest subway, park, tourist, major road) from OpenStreetMap Overpass API; ridership stats from Toronto Open Data 2025–2026 annual ZIPs"
8111,Brimwood Blvd / North Scarborough Green Loop,43.81173535662744,-79.27828762810728,11,small,False,False,,park_trail,small|park_trail|near_park,Small park trail station near a park or trail.,Sheppard Avenue - North Entrance,6698,False,,163,True,Kao Ying Art Gallery,1322,False,Brimley Road,137,False,False,False,True,0.18,0.2,-0.03,low,low,"Small residential or park-adjacent station; if full, alternatives may be farther away.",gbfs|osm|ridership,"base metadata (name, lat/lon, capacity, charging) from GBFS station_information; spatial context (nearest subway, park, tourist, major road) from OpenStreetMap Overpass API; ridership stats from Toronto Open Data 2025–2026 annual ZIPs"
8112,Bernadine St / Brimley Rd,43.76852698845291,-79.26050105123433,11,small,False,False,,park_trail,small|park_trail|near_park|near_major_road,Small park trail station near a park or trail and on a major road.,GO Station Entrance,3971,False,,272,True,P. C. Ho Theatre,3613,False,Brimley Road,33,True,False,False,True,0.32,0.34,-0.02,low,low,"Small residential or park-adjacent station; if full, alternatives may be farther away.",gbfs|osm|ridership,"base metadata (name, lat/lon, capacity, charging) from GBFS station_information; spatial context (nearest subway, park, tourist, major road) from OpenStreetMap Overpass API; ridership stats from Toronto Open Data 2025–2026 annual ZIPs"
8113,Leslie Lookout Park,43.65392406360629,-79.32435874788511,23,medium,False,False,,park_trail,medium|park_trail|near_park,Medium park trail station near a park or trail.,Donlands Avenue,3196,False,Leslie Lookout Park,29,True,Tchotchke House (Crazy Doll House),1363,False,Lake Shore Boulevard East,638,False,False,False,True,2.02,1.82,0.2,medium,low,"Small residential or park-adjacent station; if full, alternatives may be farther away.",gbfs|osm|ridership,"base metadata (name, lat/lon, capacity, charging) from GBFS station_information; spatial context (nearest subway, park, tourist, major road) from OpenStreetMap Overpass API; ridership stats from Toronto Open Data 2025–2026 annual ZIPs"
8114,Dulverton Rd / Birchmount Rd,43.748506992042074,-79.28465703552484,11,small,False,False,,residential,small|residential|near_major_road,Small residential station on a major road.,Passenger Pick Up and Drop Off,2446,False,,393,False,Lol Art School,4297,False,Birchmount Road,45,True,False,False,True,0.16,0.14,0.02,low,low,"Small residential or park-adjacent station; if full, alternatives may be farther away.",gbfs|osm|ridership,"base metadata (name, lat/lon, capacity, charging) from GBFS station_information; spatial context (nearest subway, park, tourist, major road) from OpenStreetMap Overpass API; ridership stats from Toronto Open Data 2025–2026 annual ZIPs"
8115,Lawrence Ave E / Burnview Cres,43.75649500418185,-79.2404361110925,11,small,False,False,,park_trail,small|park_trail|near_park|near_major_road,Small park trail station near a park or trail and on a major road.,GO Station Entrance,3175,False,Bendale Park,297,True,The Wishing Well,3922,False,Lawrence Avenue East,27,True,False,False,True,0.17,0.16,0.01,low,low,"Small residential or park-adjacent station; if full, alternatives may be farther away.",gbfs|osm|ridership,"base metadata (name, lat/lon, capacity, charging) from GBFS station_information; spatial context (nearest subway, park, tourist, major road) from OpenStreetMap Overpass API; ridership stats from Toronto Open Data 2025–2026 annual ZIPs"
8117,Valparaiso Ave / Lawrence Ave E,43.75496828707341,-79.24674141852182,15,small,False,False,,residential,small|residential|near_major_road,Small residential station on a major road.,GO Station Entrance,2770,False,Bendale Park,304,False,The Wishing Well,4387,False,Lawrence Avenue East,34,True,False,False,True,0.06,0.08,-0.02,low,low,"Small residential or park-adjacent station; if full, alternatives may be farther away.",gbfs|osm|ridership,"base metadata (name, lat/lon, capacity, charging) from GBFS station_information; spatial context (nearest subway, park, tourist, major road) from OpenStreetMap Overpass API; ridership stats from Toronto Open Data 2025–2026 annual ZIPs"
8119,Thistletown Community Centre,43.73532955204532,-79.56176488600637,11,small,False,False,,park_trail,small|park_trail|near_park|near_major_road,Small park trail station near a park or trail and on a major road.,Rowntree Mills,1329,False,Thistletown Park,239,True,The Basketweave,5242,False,Albion Road,24,True,False,False,True,0.06,0.07,-0.01,low,low,"Small residential or park-adjacent station; if full, alternatives may be farther away.",gbfs|osm|ridership,"base metadata (name, lat/lon, capacity, charging) from GBFS station_information; spatial context (nearest subway, park, tourist, major road) from OpenStreetMap Overpass API; ridership stats from Toronto Open Data 2025–2026 annual ZIPs"
8120,Albion Rd / Kipling Ave (Albion Arena),43.73988873921296,-79.58264019846865,11,small,False,False,,park_trail,small|park_trail|near_park|near_major_road,Small park trail station near a park or trail and on a major road.,Mount Olive,401,False,Albion Arena,55,True,Malton Sign,5120,False,Albion Road,25,True,False,False,True,0.06,0.1,-0.03,low,low,"Small residential or park-adjacent station; if full, alternatives may be farther away.",gbfs|osm|ridership,"base metadata (name, lat/lon, capacity, charging) from GBFS station_information; spatial context (nearest subway, park, tourist, major road) from OpenStreetMap Overpass API; ridership stats from Toronto Open Data 2025–2026 annual ZIPs"
8122, Silverstone Dr / Stevenson Rd ,43.74471689392311,-79.58816609716355,15,small,False,False,,park_trail,small|park_trail|near_subway|near_park,Small park trail station near subway and near a park or trail.,Stevenson,207,True,Highfield Park,118,True,Malton Sign,5146,False,Finch Avenue West,182,False,False,False,True,0.14,0.14,-0.01,low,low,"Small residential or park-adjacent station; if full, alternatives may be farther away.",gbfs|osm|ridership,"base metadata (name, lat/lon, capacity, charging) from GBFS station_information; spatial context (nearest subway, park, tourist, major road) from OpenStreetMap Overpass API; ridership stats from Toronto Open Data 2025–2026 annual ZIPs"
8123,Martin Grove Rd / Lexington Ave,43.74448185287679,-79.59565568532118,11,small,False,False,,park_trail,small|park_trail|near_park|near_major_road,Small park trail station near a park or trail and on a major road.,Albion,638,False,,183,True,Malton Sign,4724,False,Martin Grove Road,29,True,False,False,True,0.14,0.15,-0.0,low,low,"Small residential or park-adjacent station; if full, alternatives may be farther away.",gbfs|osm|ridership,"base metadata (name, lat/lon, capacity, charging) from GBFS station_information; spatial context (nearest subway, park, tourist, major road) from OpenStreetMap Overpass API; ridership stats from Toronto Open Data 2025–2026 annual ZIPs"
8125,John Garland Blvd / Jamestown Cres,43.7323610923901,-79.5866111181751,15,small,False,False,,park_trail,small|park_trail|near_park,Small park trail station near a park or trail.,Martin Grove,661,False,Garland Park,276,True,Malton Sign,4380,False,Martin Grove Road,220,False,False,False,True,0.1,0.13,-0.03,low,low,"Small residential or park-adjacent station; if full, alternatives may be farther away.",gbfs|osm|ridership,"base metadata (name, lat/lon, capacity, charging) from GBFS station_information; spatial context (nearest subway, park, tourist, major road) from OpenStreetMap Overpass API; ridership stats from Toronto Open Data 2025–2026 annual ZIPs"
8128,Queen’s Plate Dr / Rexdale Blvd,43.719562027836545,-79.60346425086402,11,small,False,False,,residential,small|residential|near_major_road,Small residential station on a major road.,Humber College,1161,False,Janda Park,600,False,Malton Sign,2529,False,Rexdale Boulevard,32,True,False,False,True,0.17,0.18,-0.01,low,low,"Small residential or park-adjacent station; if full, alternatives may be farther away.",gbfs|osm|ridership,"base metadata (name, lat/lon, capacity, charging) from GBFS station_information; spatial context (nearest subway, park, tourist, major road) from OpenStreetMap Overpass API; ridership stats from Toronto Open Data 2025–2026 annual ZIPs"
8129,Don Mills Rd / Barber Greene Rd,43.72728197307125,-79.34098463425687,11,small,False,False,,residential,small|residential|near_major_road,Small residential station on a major road.,Don Valley,671,False,,335,False,Water Feature,864,False,Don Mills Road,41,True,False,False,True,0.53,0.56,-0.03,medium,low,"Small residential or park-adjacent station; if full, alternatives may be farther away.",gbfs|osm|ridership,"base metadata (name, lat/lon, capacity, charging) from GBFS station_information; spatial context (nearest subway, park, tourist, major road) from OpenStreetMap Overpass API; ridership stats from Toronto Open Data 2025–2026 annual ZIPs"
8130,Gateway Blvd (South) / Don Mills Rd,43.70998509187834,-79.33389898527636,11,small,False,False,,residential,small|residential|near_major_road,Small residential station on a major road.,Don Valley,1202,False,Flemingdon Park,324,False,Water Feature,2862,False,Don Mills Road,33,True,False,False,True,0.68,0.73,-0.06,medium,low,"Small residential or park-adjacent station; if full, alternatives may be farther away.",gbfs|osm|ridership,"base metadata (name, lat/lon, capacity, charging) from GBFS station_information; spatial context (nearest subway, park, tourist, major road) from OpenStreetMap Overpass API; ridership stats from Toronto Open Data 2025–2026 annual ZIPs"
8131,Rochefort Dr / Don Mills Rd,43.71800535395266,-79.33740368053896,11,small,False,False,,residential,small|residential|near_subway|near_major_road,Small residential station near subway and on a major road.,Don Valley,274,True,Ferrand Drive Park,423,False,Water Feature,1927,False,Don Mills Road,49,True,False,False,True,0.35,0.36,-0.01,low,low,"Small residential or park-adjacent station; if full, alternatives may be farther away.",gbfs|osm|ridership,"base metadata (name, lat/lon, capacity, charging) from GBFS station_information; spatial context (nearest subway, park, tourist, major road) from OpenStreetMap Overpass API; ridership stats from Toronto Open Data 2025–2026 annual ZIPs"
8133,Aga Khan Museum and Park (Wynford Dr),43.72571668907797,-79.33296483679571,15,small,False,False,,park_trail,small|park_trail|near_park,Small park trail station near a park or trail.,Don Valley,541,False,,52,True,Water Feature,1398,False,Eglinton Avenue East,342,False,False,False,True,0.21,0.22,-0.02,low,low,"Small residential or park-adjacent station; if full, alternatives may be farther away.",gbfs|osm|ridership,"base metadata (name, lat/lon, capacity, charging) from GBFS station_information; spatial context (nearest subway, park, tourist, major road) from OpenStreetMap Overpass API; ridership stats from Toronto Open Data 2025–2026 annual ZIPs"
8134,Eglinton Ave E / Sloane Ave,43.72617147922369,-79.31308996409402,11,small,False,False,,residential,small|residential|near_major_road,Small residential station on a major road.,Don Valley,1972,False,Academy Soccer Field,370,False,Water Feature,2773,False,Eglinton Avenue East,31,True,False,False,True,0.25,0.25,-0.0,low,low,"Small residential or park-adjacent station; if full, alternatives may be farther away.",gbfs|osm|ridership,"base metadata (name, lat/lon, capacity, charging) from GBFS station_information; spatial context (nearest subway, park, tourist, major road) from OpenStreetMap Overpass API; ridership stats from Toronto Open Data 2025–2026 annual ZIPs"
8137,95 Beecroft Rd,43.76384867039627,-79.41393612096745,31,large,True,False,,park_trail,large|park_trail|near_subway|near_park|charging_station,Large park trail station near subway and near a park or trail.,Harlandale Av Entrance,254,True,York Cemetery and Recreational Park,232,True,Fire Hose Tower,582,False,Yonge Street,185,False,False,False,True,0.01,0.03,-0.02,low,low,"Small residential or park-adjacent station; if full, alternatives may be farther away.",gbfs|osm|ridership,"base metadata (name, lat/lon, capacity, charging) from GBFS station_information; spatial context (nearest subway, park, tourist, major road) from OpenStreetMap Overpass API; ridership stats from Toronto Open Data 2025–2026 annual ZIPs"
8138,Scarborough Town Centre,43.773745972544056,-79.25521611970132,23,medium,False,False,,park_trail,medium|park_trail|near_park,Medium park trail station near a park or trail.,GO Station Entrance,4586,False,,65,True,P. C. Ho Theatre,2894,False,Ellesmere Road,245,False,False,False,True,0.0,0.1,-0.1,low,low,"Small residential or park-adjacent station; if full, alternatives may be farther away.",gbfs|osm|ridership,"base metadata (name, lat/lon, capacity, charging) from GBFS station_information; spatial context (nearest subway, park, tourist, major road) from OpenStreetMap Overpass API; ridership stats from Toronto Open Data 2025–2026 annual ZIPs"
8139,Knob Hill Park,43.7439055200841,-79.25119821735181,11,small,False,False,,residential,small|residential,Small residential station.,GO Station Entrance,1533,False,,709,False,Bell Estate,4673,False,Brimley Road,83,False,False,False,True,0.15,0.18,-0.03,low,low,"Small residential or park-adjacent station; if full, alternatives may be farther away.",gbfs|osm|ridership,"base metadata (name, lat/lon, capacity, charging) from GBFS station_information; spatial context (nearest subway, park, tourist, major road) from OpenStreetMap Overpass API; ridership stats from Toronto Open Data 2025–2026 annual ZIPs"
8141,Brimley Rd / Brimorton Dr,43.76552300893413,-79.25948526995919,11,small,False,False,,park_trail,small|park_trail|near_park|near_major_road,Small park trail station near a park or trail and on a major road.,GO Station Entrance,3642,False,Birkdale Ravine,248,True,P. C. Ho Theatre,3841,False,Brimley Road,35,True,False,False,True,0.13,0.12,0.01,low,low,"Small residential or park-adjacent station; if full, alternatives may be farther away.",gbfs|osm|ridership,"base metadata (name, lat/lon, capacity, charging) from GBFS station_information; spatial context (nearest subway, park, tourist, major road) from OpenStreetMap Overpass API; ridership stats from Toronto Open Data 2025–2026 annual ZIPs"
8142,Kitchener Rd / Kingston Rd,43.76675330423266,-79.18970074932972,11,small,False,False,,park_trail,small|park_trail|near_park,Small park trail station near a park or trail.,GO Station Entrance,6963,False,St. Margaret's Parkette,240,True,The Rock Walk,1998,False,Kingston Road,80,False,False,False,True,0.02,0.02,0.01,low,low,"Small residential or park-adjacent station; if full, alternatives may be farther away.",gbfs|osm|ridership,"base metadata (name, lat/lon, capacity, charging) from GBFS station_information; spatial context (nearest subway, park, tourist, major road) from OpenStreetMap Overpass API; ridership stats from Toronto Open Data 2025–2026 annual ZIPs"
8144,James Gardens,43.670884247284015,-79.51381165484777,11,small,False,False,,tourist_event,small|tourist_event|near_park|near_tourist,Small tourist event station near tourist or event venues and near a park or trail.,Grenview Boulevard,2502,False,James Gardens,126,True,Duck pond,56,True,Royal York Road,607,False,False,False,False,0.2,0.25,-0.04,low,low,Tourist or event-area station; demand may spike around weekends and events.,gbfs|osm|ridership,"base metadata (name, lat/lon, capacity, charging) from GBFS station_information; spatial context (nearest subway, park, tourist, major road) from OpenStreetMap Overpass API; ridership stats from Toronto Open Data 2025–2026 annual ZIPs"
8147,Widmer St / Adelaide St W (South),43.64729988133681,-79.39131309705574,8,tiny,False,False,,tourist_event,tiny|tourist_event|downtown_core|near_tourist|near_major_road,"Tiny tourist event station in the downtown core, near tourist or event venues and on a major road.",University / King Southwest corner (on King),502,False,St. Patrick's Square,381,False,OCAD Graduate Gallery,299,True,Adelaide Street West,55,True,False,True,False,4.67,6.62,-1.95,medium,low,Tourist or event-area station; demand may spike around weekends and events.,gbfs|osm|ridership,"base metadata (name, lat/lon, capacity, charging) from GBFS station_information; spatial context (nearest subway, park, tourist, major road) from OpenStreetMap Overpass API; ridership stats from Toronto Open Data 2025–2026 annual ZIPs"
8148,Simcoe St / Wellington St W (North) 2,43.64624614286341,-79.38548851901436,4,tiny,False,False,,transit_hub,tiny|transit_hub|downtown_core|near_subway|near_park|near_tourist,"Tiny transit hub station near subway, in the downtown core, near tourist or event venues and near a park or trail.",University / King Southwest corner (on University),145,True,Simcoe Park,201,True,CBC Museum,267,True,University Avenue,111,False,False,True,False,1.41,1.68,-0.27,medium,low,"Large capacity helps, but downtown commuter demand can change quickly; check alternatives early.",gbfs|osm|ridership,"base metadata (name, lat/lon, capacity, charging) from GBFS station_information; spatial context (nearest subway, park, tourist, major road) from OpenStreetMap Overpass API; ridership stats from Toronto Open Data 2025–2026 annual ZIPs"
8149,Danforth Rd / St Clair Ave E,43.717162385558574,-79.25956718831114,11,small,False,False,,residential,small|residential|near_major_road,Small residential station on a major road.,Passenger Pick Up and Drop Off,1689,False,Natal Park,508,False,Bell Estate,1821,False,Danforth Road,11,True,False,False,True,0.14,0.14,-0.01,low,low,"Small residential or park-adjacent station; if full, alternatives may be farther away.",gbfs|osm|ridership,"base metadata (name, lat/lon, capacity, charging) from GBFS station_information; spatial context (nearest subway, park, tourist, major road) from OpenStreetMap Overpass API; ridership stats from Toronto Open Data 2025–2026 annual ZIPs"
8150,Birchmount Rd / Eglinton Ave E,43.72932260399524,-79.27798753256445,11,small,False,False,,residential,small|residential|near_major_road,Small residential station on a major road.,Passenger Pick Up and Drop Off,1106,False,Maidavale Park,356,False,Bell Estate,2609,False,Birchmount Road,21,True,False,False,True,0.21,0.27,-0.06,low,low,"Small residential or park-adjacent station; if full, alternatives may be farther away.",gbfs|osm|ridership,"base metadata (name, lat/lon, capacity, charging) from GBFS station_information; spatial context (nearest subway, park, tourist, major road) from OpenStreetMap Overpass API; ridership stats from Toronto Open Data 2025–2026 annual ZIPs"
8151,Corvette Ave / Kennedy Rd,43.725446237972726,-79.26476852179107,11,small,False,False,,park_trail,small|park_trail|near_park|near_major_road,Small park trail station near a park or trail and on a major road.,Passenger Pick Up and Drop Off,717,False,Farlinger Ravine,259,True,Bell Estate,2354,False,Kennedy Road,24,True,False,False,True,0.16,0.22,-0.06,low,low,"Small residential or park-adjacent station; if full, alternatives may be farther away.",gbfs|osm|ridership,"base metadata (name, lat/lon, capacity, charging) from GBFS station_information; spatial context (nearest subway, park, tourist, major road) from OpenStreetMap Overpass API; ridership stats from Toronto Open Data 2025–2026 annual ZIPs"
8152,Surrey Pl / Dr. Emily Stowe Way - SMART,43.661042840168236,-79.38796630132087,16,medium,False,False,,transit_hub,medium|transit_hub|downtown_core|near_subway|near_park|near_tourist|near_major_road,"Medium transit hub station near subway, in the downtown core, near tourist or event venues, near a park or trail and on a major road.",MaRS Discovery District,133,True,,183,True,Insulin: Toronto’s Gift to the World,115,True,College Street,74,True,False,True,False,5.35,7.72,-2.37,medium,low,"Large capacity helps, but downtown commuter demand can change quickly; check alternatives early.",gbfs|osm|ridership,"base metadata (name, lat/lon, capacity, charging) from GBFS station_information; spatial context (nearest subway, park, tourist, major road) from OpenStreetMap Overpass API; ridership stats from Toronto Open Data 2025–2026 annual ZIPs"
8153,Neilson Rd / Ellesmere Rd,43.78234921092259,-79.2047336995471,19,medium,False,False,,residential,medium|residential|near_major_road,Medium residential station on a major road.,GO Station Entrance,7203,False,,575,False,The Rock Walk,1395,False,Ellesmere Road,27,True,False,False,True,0.01,0.02,-0.01,low,low,"Small residential or park-adjacent station; if full, alternatives may be farther away.",gbfs|osm|ridership,"base metadata (name, lat/lon, capacity, charging) from GBFS station_information; spatial context (nearest subway, park, tourist, major road) from OpenStreetMap Overpass API; ridership stats from Toronto Open Data 2025–2026 annual ZIPs"
8154,Mornelle Ct / Ellesmere Rd,43.78528,-79.195423,11,small,False,False,,park_trail,small|park_trail|near_park|near_major_road,Small park trail station near a park or trail and on a major road.,GO Station Entrance,7943,False,Mornelle Commons,228,True,The Rock Walk,628,False,Ellesmere Road,46,True,False,False,True,0.0,0.0,-0.0,low,low,"Small residential or park-adjacent station; if full, alternatives may be farther away.",gbfs|osm|ridership,"base metadata (name, lat/lon, capacity, charging) from GBFS station_information; spatial context (nearest subway, park, tourist, major road) from OpenStreetMap Overpass API; ridership stats from Toronto Open Data 2025–2026 annual ZIPs"
8155,Ellesmere Rd / Scarborough Golf Club Rd ,43.77881462058817,-79.22174099253999,15,small,False,False,,residential,small|residential|near_major_road,Small residential station on a major road.,GO Station Entrance,6074,False,Heather Heights Woods,331,False,P. C. Ho Theatre,1996,False,Ellesmere Road,18,True,False,False,True,0.01,0.01,0.0,low,low,"Small residential or park-adjacent station; if full, alternatives may be farther away.",gbfs|osm|ridership,"base metadata (name, lat/lon, capacity, charging) from GBFS station_information; spatial context (nearest subway, park, tourist, major road) from OpenStreetMap Overpass API; ridership stats from Toronto Open Data 2025–2026 annual ZIPs"
8156,Scarborough Golf Club Rd / Lawrence Ave E ,43.76118061398553,-79.21603818763963,11,small,False,False,,residential,small|residential|near_major_road,Small residential station on a major road.,GO Station Entrance,4889,False,Curran Hall Ravine,642,False,The Wishing Well,2327,False,Lawrence Avenue East,67,True,False,False,True,0.01,0.01,-0.01,low,low,"Small residential or park-adjacent station; if full, alternatives may be farther away.",gbfs|osm|ridership,"base metadata (name, lat/lon, capacity, charging) from GBFS station_information; spatial context (nearest subway, park, tourist, major road) from OpenStreetMap Overpass API; ridership stats from Toronto Open Data 2025–2026 annual ZIPs"
8157,Confederation Dr / Greencrest Cr,43.75779584940286,-79.22294337682595,15,small,False,False,,residential,small|residential,Small residential station.,GO Station Entrance,4223,False,,331,False,The Wishing Well,2624,False,Markham Road,132,False,False,False,True,0.02,0.04,-0.02,low,low,"Small residential or park-adjacent station; if full, alternatives may be farther away.",gbfs|osm|ridership,"base metadata (name, lat/lon, capacity, charging) from GBFS station_information; spatial context (nearest subway, park, tourist, major road) from OpenStreetMap Overpass API; ridership stats from Toronto Open Data 2025–2026 annual ZIPs"
8158,Livonia Pl / Neilson Rd,43.785550120556366,-79.20591707832195,11,small,False,False,,residential,small|residential|near_major_road,Small residential station on a major road.,GO Station Entrance,7420,False,,441,False,The Rock Walk,1470,False,Neilson Road,26,True,False,False,True,0.0,0.01,-0.0,low,low,"Small residential or park-adjacent station; if full, alternatives may be farther away.",gbfs|osm|ridership,"base metadata (name, lat/lon, capacity, charging) from GBFS station_information; spatial context (nearest subway, park, tourist, major road) from OpenStreetMap Overpass API; ridership stats from Toronto Open Data 2025–2026 annual ZIPs"
8159,Lawrence Ave E / Orton Park Rd,43.76383904974962,-79.20559912616176,15,small,False,False,,residential,small|residential|near_major_road,Small residential station on a major road.,GO Station Entrance,5730,False,Highland Creek Community Park,413,False,The Wishing Well,1976,False,Lawrence Avenue East,18,True,False,False,True,0.0,0.01,-0.0,low,low,"Small residential or park-adjacent station; if full, alternatives may be farther away.",gbfs|osm|ridership,"base metadata (name, lat/lon, capacity, charging) from GBFS station_information; spatial context (nearest subway, park, tourist, major road) from OpenStreetMap Overpass API; ridership stats from Toronto Open Data 2025–2026 annual ZIPs"
8160,Lawrence Ave E / Mossbank Dr,43.76270616161094,-79.2109974581985,15,small,False,False,,residential,small|residential|near_major_road,Small residential station on a major road.,GO Station Entrance,5310,False,Curran Hall Ravine,419,False,The Wishing Well,2138,False,Lawrence Avenue East,21,True,False,False,True,0.01,0.02,-0.0,low,low,"Small residential or park-adjacent station; if full, alternatives may be farther away.",gbfs|osm|ridership,"base metadata (name, lat/lon, capacity, charging) from GBFS station_information; spatial context (nearest subway, park, tourist, major road) from OpenStreetMap Overpass API; ridership stats from Toronto Open Data 2025–2026 annual ZIPs"
8161,Victoria Park Ave / The Meadoway,43.729021982297084,-79.30424284705222,15,small,False,False,,park_trail,small|park_trail|near_park|near_major_road,Small park trail station near a park or trail and on a major road.,Don Valley,2743,False,,210,True,Water Feature,3384,False,Victoria Park Avenue,30,True,False,False,True,0.05,0.06,-0.01,low,low,"Small residential or park-adjacent station; if full, alternatives may be farther away.",gbfs|osm|ridership,"base metadata (name, lat/lon, capacity, charging) from GBFS station_information; spatial context (nearest subway, park, tourist, major road) from OpenStreetMap Overpass API; ridership stats from Toronto Open Data 2025–2026 annual ZIPs"
8162,Dan Leckie Way / Fort York Blvd,43.63920233699084,-79.39776922113043,27,large,False,False,,tourist_event,large|tourist_event|downtown_core|near_park|near_tourist,"Large tourist event station in the downtown core, near tourist or event venues and near a park or trail.",University / King Southwest corner (on King),1379,False,Canoe Landing Park,101,True,The Ground Floor: Jumblies Theatre,82,True,Lake Shore Boulevard West,182,False,False,True,False,2.49,3.71,-1.22,medium,low,Tourist or event-area station; demand may spike around weekends and events.,gbfs|osm|ridership,"base metadata (name, lat/lon, capacity, charging) from GBFS station_information; spatial context (nearest subway, park, tourist, major road) from OpenStreetMap Overpass API; ridership stats from Toronto Open Data 2025–2026 annual ZIPs"
8163,Strachan Ave / Ordnance St,43.63917310056043,-79.4105682457256,23,medium,False,False,,tourist_event,medium|tourist_event|downtown_core|near_park|near_tourist,"Medium tourist event station in the downtown core, near tourist or event venues and near a park or trail.",University / King Southwest corner (on King),2252,False,Gateway Park,109,True,The Queen's York Rangers Museum,333,True,King Street West,339,False,False,True,False,4.81,7.64,-2.83,medium,low,Tourist or event-area station; demand may spike around weekends and events.,gbfs|osm|ridership,"base metadata (name, lat/lon, capacity, charging) from GBFS station_information; spatial context (nearest subway, park, tourist, major road) from OpenStreetMap Overpass API; ridership stats from Toronto Open Data 2025–2026 annual ZIPs"
8164,Keelegate Dr / Keele St,43.73310385263487,-79.48330471638467,19,medium,False,False,,residential,medium|residential|near_major_road,Medium residential station on a major road.,Vitti Street,2286,False,,315,False,The Basketweave,2153,False,Keele Street,23,True,False,False,True,0.06,0.08,-0.01,low,low,"Small residential or park-adjacent station; if full, alternatives may be farther away.",gbfs|osm|ridership,"base metadata (name, lat/lon, capacity, charging) from GBFS station_information; spatial context (nearest subway, park, tourist, major road) from OpenStreetMap Overpass API; ridership stats from Toronto Open Data 2025–2026 annual ZIPs"
8165,Ranee Ave / Flemington Rd (North),43.72349197485778,-79.44824247361579,11,small,False,False,,park_trail,small|park_trail|near_subway|near_park,Small park trail station near subway and near a park or trail.,Ranee Avenue North,77,True,Yorkdale Park,67,True,C.W. Jefferys house,4188,False,Dufferin Street,677,False,False,False,True,0.18,0.19,-0.01,low,low,"Small residential or park-adjacent station; if full, alternatives may be farther away.",gbfs|osm|ridership,"base metadata (name, lat/lon, capacity, charging) from GBFS station_information; spatial context (nearest subway, park, tourist, major road) from OpenStreetMap Overpass API; ridership stats from Toronto Open Data 2025–2026 annual ZIPs"
8166,Lawrence East Station,43.74966205290483,-79.27192193930078,11,small,False,False,,park_trail,small|park_trail|near_park|near_major_road,Small park trail station near a park or trail and on a major road.,GO Station Entrance,2015,False,,165,True,Bell Estate,4877,False,Lawrence Avenue East,47,True,False,False,True,0.02,0.01,0.01,low,low,"Small residential or park-adjacent station; if full, alternatives may be farther away.",gbfs|osm|ridership,"base metadata (name, lat/lon, capacity, charging) from GBFS station_information; spatial context (nearest subway, park, tourist, major road) from OpenStreetMap Overpass API; ridership stats from Toronto Open Data 2025–2026 annual ZIPs"
8167,Woburn Ave / Avenue Rd,43.72545280998933,-79.41648817539286,15,small,False,False,,park_trail,small|park_trail|near_park|near_major_road,Small park trail station near a park or trail and on a major road.,Bedford Entrance,1103,False,Brookdale Park,205,True,C.W. Jefferys house,2431,False,Avenue Road,31,True,False,False,True,0.09,0.1,-0.01,low,low,"Small residential or park-adjacent station; if full, alternatives may be farther away.",gbfs|osm|ridership,"base metadata (name, lat/lon, capacity, charging) from GBFS station_information; spatial context (nearest subway, park, tourist, major road) from OpenStreetMap Overpass API; ridership stats from Toronto Open Data 2025–2026 annual ZIPs"
8168,Portland St / Front St W,43.641634085638955,-79.3987894305286,11,small,False,False,,tourist_event,small|tourist_event|downtown_core|near_park|near_tourist|near_major_road,"Small tourist event station in the downtown core, near tourist or event venues, near a park or trail and on a major road.",University / King Southwest corner (on King),1283,False,Draper Park,131,True,The Ground Floor: Jumblies Theatre,246,True,Front Street West,29,True,False,True,False,1.68,2.75,-1.06,medium,low,Tourist or event-area station; demand may spike around weekends and events.,gbfs|osm|ridership,"base metadata (name, lat/lon, capacity, charging) from GBFS station_information; spatial context (nearest subway, park, tourist, major road) from OpenStreetMap Overpass API; ridership stats from Toronto Open Data 2025–2026 annual ZIPs"
8169,William Cragg Dr / Jane St,43.72254631047244,-79.50861414468879,15,small,False,False,,park_trail,small|park_trail|near_park|near_major_road,Small park trail station near a park or trail and on a major road.,Norfinch Oakdale,3919,False,,46,True,The Basketweave,771,False,Jane Street,32,True,False,False,True,0.02,0.02,0.01,low,low,"Small residential or park-adjacent station; if full, alternatives may be farther away.",gbfs|osm|ridership,"base metadata (name, lat/lon, capacity, charging) from GBFS station_information; spatial context (nearest subway, park, tourist, major road) from OpenStreetMap Overpass API; ridership stats from Toronto Open Data 2025–2026 annual ZIPs"
8170,Munition St / Commissioners St,43.64652927223706,-79.35032977085585,15,small,False,False,,park_trail,small|park_trail|near_park,Small park trail station near a park or trail.,Yonge / King Southeast corner,2194,False,Biidaasige Park,195,True,Distillery District,849,False,Lake Shore Boulevard East,319,False,False,False,True,0.45,0.53,-0.08,medium,low,"Small residential or park-adjacent station; if full, alternatives may be farther away.",gbfs|osm|ridership,"base metadata (name, lat/lon, capacity, charging) from GBFS station_information; spatial context (nearest subway, park, tourist, major road) from OpenStreetMap Overpass API; ridership stats from Toronto Open Data 2025–2026 annual ZIPs"
8171, Grafton Ave / Roncesvalles Ave,43.639598669893616,-79.44621279276677,23,medium,False,False,,park_trail,medium|park_trail|near_park,Medium park trail station near a park or trail.,Dundas St West,2004,False,Grafton Avenue Park,20,True,Colborne Lodge,1112,False,The Queensway,95,False,False,False,True,1.25,1.78,-0.53,medium,low,"Small residential or park-adjacent station; if full, alternatives may be farther away.",gbfs|osm|ridership,"base metadata (name, lat/lon, capacity, charging) from GBFS station_information; spatial context (nearest subway, park, tourist, major road) from OpenStreetMap Overpass API; ridership stats from Toronto Open Data 2025–2026 annual ZIPs"
8172,Silverthorn Ave / Pryor Ave,43.67485699930531,-79.46019152027287,23,medium,False,False,,park_trail,medium|park_trail|near_park|near_major_road,Medium park trail station near a park or trail and on a major road.,Dundas West,2074,False,S.A.D.R.A. Park,82,True,MUSE Arts Creative Labs,540,False,St. Clair Avenue West,66,True,False,False,True,0.21,0.54,-0.33,low,low,"Small residential or park-adjacent station; if full, alternatives may be farther away.",gbfs|osm|ridership,"base metadata (name, lat/lon, capacity, charging) from GBFS station_information; spatial context (nearest subway, park, tourist, major road) from OpenStreetMap Overpass API; ridership stats from Toronto Open Data 2025–2026 annual ZIPs"
8173,St. Clair Ave W / Poplar Plains Rd,43.68600191952118,-79.40395327728031,11,small,False,False,,park_trail,small|park_trail|near_park|near_major_road,Small park trail station near a park or trail and on a major road.,1 St Clair Av East Entrance (Scotia Bank),842,False,Glenn Gould Park,168,True,Spadina Museum,854,False,St. Clair Avenue West,13,True,False,False,True,0.24,0.71,-0.47,low,low,"Small residential or park-adjacent station; if full, alternatives may be farther away.",gbfs|osm|ridership,"base metadata (name, lat/lon, capacity, charging) from GBFS station_information; spatial context (nearest subway, park, tourist, major road) from OpenStreetMap Overpass API; ridership stats from Toronto Open Data 2025–2026 annual ZIPs"
8174,Wellington St E / Church St,43.64864454643048,-79.37419421546784,19,medium,False,False,,transit_hub,medium|transit_hub|downtown_core|near_subway|near_park|near_tourist|near_major_road,"Medium transit hub station near subway, in the downtown core, near tourist or event venues, near a park or trail and on a major road.",Yonge / King Southeast corner,261,True,Berczy Park,108,True,The Market Gallery,199,True,Wellington Street East,11,True,False,True,False,0.65,0.9,-0.25,medium,low,"Large capacity helps, but downtown commuter demand can change quickly; check alternatives early.",gbfs|osm|ridership,"base metadata (name, lat/lon, capacity, charging) from GBFS station_information; spatial context (nearest subway, park, tourist, major road) from OpenStreetMap Overpass API; ridership stats from Toronto Open Data 2025–2026 annual ZIPs"
8175,Simcoe St / Wellington St W (North) 3,43.646226683295296,-79.38553477700628,23,medium,False,False,,transit_hub,medium|transit_hub|downtown_core|near_subway|near_park|near_tourist,"Medium transit hub station near subway, in the downtown core, near tourist or event venues and near a park or trail.",University / King Southwest corner (on University),148,True,Simcoe Park,198,True,CBC Museum,263,True,University Avenue,115,False,False,True,False,0.59,0.92,-0.33,medium,low,"Large capacity helps, but downtown commuter demand can change quickly; check alternatives early.",gbfs|osm|ridership,"base metadata (name, lat/lon, capacity, charging) from GBFS station_information; spatial context (nearest subway, park, tourist, major road) from OpenStreetMap Overpass API; ridership stats from Toronto Open Data 2025–2026 annual ZIPs"
8176,9 Willingdon Blvd,43.64834720075349,-79.51003768899298,39,large,True,False,,suburban_node,large|suburban_node|near_subway|near_major_road|charging_station,Large suburban node station near subway and on a major road.,Royal York,103,True,Birchview Boulevard Parkette,434,False,MABELLEarts Pavilion,1514,False,Bloor Street West,71,True,False,False,True,0.09,0.12,-0.03,low,low,Suburban or lower-demand area; alternatives may require a longer detour.,gbfs|osm|ridership,"base metadata (name, lat/lon, capacity, charging) from GBFS station_information; spatial context (nearest subway, park, tourist, major road) from OpenStreetMap Overpass API; ridership stats from Toronto Open Data 2025–2026 annual ZIPs"
8177,Linkwood Ln / Spanbridge Rd,43.7125731080812,-79.32449549150107,11,small,False,False,,park_trail,small|park_trail|near_park,Small park trail station near a park or trail.,Don Valley,1424,False,Flemingdon Park,248,True,Water Feature,2954,False,Overlea Boulevard,838,False,False,False,True,0.02,0.03,-0.01,low,low,"Small residential or park-adjacent station; if full, alternatives may be farther away.",gbfs|osm|ridership,"base metadata (name, lat/lon, capacity, charging) from GBFS station_information; spatial context (nearest subway, park, tourist, major road) from OpenStreetMap Overpass API; ridership stats from Toronto Open Data 2025–2026 annual ZIPs"
8178,Agincourt GO Station,43.78605668943663,-79.28503072723657,23,medium,False,False,,suburban_node,medium|suburban_node,Medium suburban node station.,Sheppard Avenue - North Entrance,4965,False,Collingwood Park,422,False,Lol Art School,3197,False,Sheppard Avenue East,222,False,False,False,True,0.05,0.09,-0.05,low,low,Suburban or lower-demand area; alternatives may require a longer detour.,gbfs|osm|ridership,"base metadata (name, lat/lon, capacity, charging) from GBFS station_information; spatial context (nearest subway, park, tourist, major road) from OpenStreetMap Overpass API; ridership stats from Toronto Open Data 2025–2026 annual ZIPs"
8179,McCowan Rd / Brimorton Dr,43.765737540515055,-79.24922926555814,11,small,False,False,,residential,small|residential|near_major_road,Small residential station on a major road.,GO Station Entrance,3811,False,Amberdale Ravine,425,False,P. C. Ho Theatre,3444,False,McCowan Road,19,True,False,False,True,0.0,0.01,-0.01,low,low,"Small residential or park-adjacent station; if full, alternatives may be farther away.",gbfs|osm|ridership,"base metadata (name, lat/lon, capacity, charging) from GBFS station_information; spatial context (nearest subway, park, tourist, major road) from OpenStreetMap Overpass API; ridership stats from Toronto Open Data 2025–2026 annual ZIPs"
8180,Osler Playground (Argyle St),43.64640117586531,-79.42195180747304,15,small,False,False,,tourist_event,small|tourist_event|near_park|near_tourist,Small tourist event station near tourist or event venues and near a park or trail.,Delaware Avenue,1800,False,Osler Park,49,True,Koffler Gallery,365,True,Queen Street West,317,False,False,False,False,0.7,1.56,-0.86,medium,low,Tourist or event-area station; demand may spike around weekends and events.,gbfs|osm|ridership,"base metadata (name, lat/lon, capacity, charging) from GBFS station_information; spatial context (nearest subway, park, tourist, major road) from OpenStreetMap Overpass API; ridership stats from Toronto Open Data 2025–2026 annual ZIPs"
8181,Cherry St / Commissioners St,43.64483932280588,-79.35330371862767,31,large,False,False,,suburban_node,large|suburban_node,Large suburban node station.,Queens Quay - Ferry Docks,1937,False,Jennifer Kateryna Koval's'kyj Park,453,False,Distillery District,788,False,Lake Shore Boulevard East,381,False,False,False,True,0.3,0.75,-0.46,low,low,Suburban or lower-demand area; alternatives may require a longer detour.,gbfs|osm|ridership,"base metadata (name, lat/lon, capacity, charging) from GBFS station_information; spatial context (nearest subway, park, tourist, major road) from OpenStreetMap Overpass API; ridership stats from Toronto Open Data 2025–2026 annual ZIPs"
8182,Biidaasige Park (11 Munition St),43.64621864215001,-79.3500485188435,23,medium,False,False,,park_trail,medium|park_trail|near_park,Medium park trail station near a park or trail.,Yonge / King Southeast corner,2221,False,Biidaasige Park,171,True,Distillery District,886,False,Lake Shore Boulevard East,358,False,False,False,True,0.1,0.27,-0.17,low,low,"Small residential or park-adjacent station; if full, alternatives may be farther away.",gbfs|osm|ridership,"base metadata (name, lat/lon, capacity, charging) from GBFS station_information; spatial context (nearest subway, park, tourist, major road) from OpenStreetMap Overpass API; ridership stats from Toronto Open Data 2025–2026 annual ZIPs"
8183,Dufferin St / King St W ,43.6391706,-79.4272676,23,medium,False,False,,park_trail,medium|park_trail|near_park|near_major_road,Medium park trail station near a park or trail and on a major road.,Russett Avenue - E,2405,False,Dufferin-King Park,134,True,Museum of Television,440,False,Dufferin Street,19,True,False,False,True,0.79,2.09,-1.3,medium,low,"Small residential or park-adjacent station; if full, alternatives may be farther away.",gbfs|osm|ridership,"base metadata (name, lat/lon, capacity, charging) from GBFS station_information; spatial context (nearest subway, park, tourist, major road) from OpenStreetMap Overpass API; ridership stats from Toronto Open Data 2025–2026 annual ZIPs"
8184,Antibes Dr / Bathurst St,43.78133435761008,-79.44592470500392,15,small,False,False,,park_trail,small|park_trail|near_park|near_major_road,Small park trail station near a park or trail and on a major road.,Finch PPUDO Entrance,2337,False,Don Lake Parkette,35,True,John Mckenzie House,2970,False,Bathurst Street,76,True,False,False,True,0.01,0.04,-0.03,low,low,"Small residential or park-adjacent station; if full, alternatives may be farther away.",gbfs|osm|ridership,"base metadata (name, lat/lon, capacity, charging) from GBFS station_information; spatial context (nearest subway, park, tourist, major road) from OpenStreetMap Overpass API; ridership stats from Toronto Open Data 2025–2026 annual ZIPs"
8185,Laird Crosstown Station,43.71362626097812,-79.36373329276721,11,small,False,False,,residential,small|residential|near_subway|near_major_road,Small residential station near subway and on a major road.,Laird,30,True,Serena Gundy Park,590,False,4CATS Art Studio,1651,False,Eglinton Avenue East,50,True,False,False,True,0.06,0.2,-0.14,low,low,"Small residential or park-adjacent station; if full, alternatives may be farther away.",gbfs|osm|ridership,"base metadata (name, lat/lon, capacity, charging) from GBFS station_information; spatial context (nearest subway, park, tourist, major road) from OpenStreetMap Overpass API; ridership stats from Toronto Open Data 2025–2026 annual ZIPs"
8187,Glen Rd / Bloor St,43.67208795610631,-79.37490138634823,15,small,True,False,,park_trail,small|park_trail|near_subway|near_park|near_major_road|charging_station,"Small park trail station near subway, near a park or trail and on a major road.",Glen Road,16,True,Dr. Gordon Chong park,163,True,TD Gallery,955,False,Bloor Street East,29,True,False,False,True,0.0,0.11,-0.11,low,low,"Small residential or park-adjacent station; if full, alternatives may be farther away.",gbfs|osm|ridership,"base metadata (name, lat/lon, capacity, charging) from GBFS station_information; spatial context (nearest subway, park, tourist, major road) from OpenStreetMap Overpass API; ridership stats from Toronto Open Data 2025–2026 annual ZIPs"
8188,16 John St,43.70133600868564,-79.51748388371117,23,medium,True,False,,park_trail,medium|park_trail|near_park|charging_station,Medium park trail station near a park or trail.,Mount Dennis Station Main Entrance,2791,False,Memorial Park,251,True,Urban Arts,2250,False,Weston Road,85,False,False,False,True,0.0,0.04,-0.04,low,low,"Small residential or park-adjacent station; if full, alternatives may be farther away.",gbfs|osm|ridership,"base metadata (name, lat/lon, capacity, charging) from GBFS station_information; spatial context (nearest subway, park, tourist, major road) from OpenStreetMap Overpass API; ridership stats from Toronto Open Data 2025–2026 annual ZIPs"
8189,25 St. Mary St ,43.66756931923832,-79.38749409709389,15,small,False,False,,transit_hub,small|transit_hub|downtown_core|near_subway|near_park,"Small transit hub station near subway, in the downtown core and near a park or trail.",,249,True,Clover Hill Park,198,True,TD Gallery,454,False,Bay Street,83,False,False,True,False,0.12,1.13,-1.01,low,low,"Large capacity helps, but downtown commuter demand can change quickly; check alternatives early.",gbfs|osm|ridership,"base metadata (name, lat/lon, capacity, charging) from GBFS station_information; spatial context (nearest subway, park, tourist, major road) from OpenStreetMap Overpass API; ridership stats from Toronto Open Data 2025–2026 annual ZIPs"
8190,1651 Queen St E,43.66669198937586,-79.31437376868756,27,large,False,False,,park_trail,large|park_trail|near_park|near_major_road,Large park trail station near a park or trail and on a major road.,Coxwell,2063,False,Orchard Park,217,True,Tchotchke House (Crazy Doll House),1711,False,Queen Street East,43,True,False,False,True,0.01,0.15,-0.14,low,low,"Small residential or park-adjacent station; if full, alternatives may be farther away.",gbfs|osm|ridership,"base metadata (name, lat/lon, capacity, charging) from GBFS station_information; spatial context (nearest subway, park, tourist, major road) from OpenStreetMap Overpass API; ridership stats from Toronto Open Data 2025–2026 annual ZIPs"
8191,1141 Eastern Ave,43.665673582957965,-79.31439299262264,23,medium,True,False,,park_trail,medium|park_trail|near_park|near_major_road|charging_station,Medium park trail station near a park or trail and on a major road.,Coxwell,2169,False,Woodbine Park,151,True,Tchotchke House (Crazy Doll House),1689,False,Eastern Avenue,34,True,False,False,True,0.0,0.03,-0.03,low,low,"Small residential or park-adjacent station; if full, alternatives may be farther away.",gbfs|osm|ridership,"base metadata (name, lat/lon, capacity, charging) from GBFS station_information; spatial context (nearest subway, park, tourist, major road) from OpenStreetMap Overpass API; ridership stats from Toronto Open Data 2025–2026 annual ZIPs"
8193,7 Norton Ave,43.678447025558754,-79.4435206024222,27,large,True,False,,park_trail,large|park_trail|near_park|near_major_road|charging_station,Large park trail station near a park or trail and on a major road.,,1968,False,Santa Chiara Parkette,188,True,Little House,732,False,Dufferin Street,27,True,False,False,True,0.0,0.25,-0.25,low,low,"Small residential or park-adjacent station; if full, alternatives may be farther away.",gbfs|osm|ridership,"base metadata (name, lat/lon, capacity, charging) from GBFS station_information; spatial context (nearest subway, park, tourist, major road) from OpenStreetMap Overpass API; ridership stats from Toronto Open Data 2025–2026 annual ZIPs"
8194,125 Burnaby Blvd,43.7044000151485,-79.4121238869451,23,medium,True,False,,suburban_node,medium|suburban_node|near_subway|near_major_road|charging_station,Medium suburban node station near subway and on a major road.,,268,True,Robert Bateman Parkette,387,False,The Al Green Gallery / Green Family Companies,1675,False,Eglinton Avenue West,63,True,False,False,True,,,,unknown,unknown,Suburban or lower-demand area; alternatives may require a longer detour.,gbfs|osm,"base metadata (name, lat/lon, capacity, charging) from GBFS station_information; spatial context (nearest subway, park, tourist, major road) from OpenStreetMap Overpass API; no ridership data for this station — historical columns are unknown"
8196,737 Rhodes Ave,43.68278848714901,-79.32448180823623,19,medium,True,False,,park_trail,medium|park_trail|near_subway|near_park|near_major_road|charging_station,"Medium park trail station near subway, near a park or trail and on a major road.",Coxwell,191,True,Robertson Parkette,41,True,Create Art Studio,491,False,Danforth Avenue,50,True,False,False,True,,,,unknown,unknown,"Small residential or park-adjacent station; if full, alternatives may be farther away.",gbfs|osm,"base metadata (name, lat/lon, capacity, charging) from GBFS station_information; spatial context (nearest subway, park, tourist, major road) from OpenStreetMap Overpass API; no ridership data for this station — historical columns are unknown"
8197,10 Kingsdale Ave,43.770480011641,-79.41237750881618,31,large,True,False,,tourist_event,large|tourist_event|near_subway|near_park|near_tourist|near_major_road|charging_station,"Large tourist event station near subway, near tourist or event venues, near a park or trail and on a major road.",North York Centre,201,True,Mckenzie Parkette,191,True,John Mckenzie House,151,True,Yonge Street,63,True,False,False,False,,,,unknown,unknown,Tourist or event-area station; demand may spike around weekends and events.,gbfs|osm,"base metadata (name, lat/lon, capacity, charging) from GBFS station_information; spatial context (nearest subway, park, tourist, major road) from OpenStreetMap Overpass API; no ridership data for this station — historical columns are unknown"
8198,100 Grangeway Ave ,43.775225388885474,-79.24994292036793,39,large,True,False,,park_trail,large|park_trail|near_park|charging_station,Large park trail station near a park or trail.,GO Station Entrance,4820,False,,198,True,P. C. Ho Theatre,2520,False,Progress Avenue,161,False,False,False,True,,,,unknown,unknown,"Small residential or park-adjacent station; if full, alternatives may be farther away.",gbfs|osm,"base metadata (name, lat/lon, capacity, charging) from GBFS station_information; spatial context (nearest subway, park, tourist, major road) from OpenStreetMap Overpass API; no ridership data for this station — historical columns are unknown"
8199,7 Bartlett Ave,43.660919101372016,-79.4329477668115,23,medium,True,False,,park_trail,medium|park_trail|near_subway|near_park|near_major_road|charging_station,"Medium park trail station near subway, near a park or trail and on a major road.",Dufferin Street - East,205,True,Salem Parkette,143,True,Adventure Alley Toronto,1103,False,Bloor Street West,55,True,False,False,True,0.0,0.31,-0.31,low,low,"Small residential or park-adjacent station; if full, alternatives may be farther away.",gbfs|osm|ridership,"base metadata (name, lat/lon, capacity, charging) from GBFS station_information; spatial context (nearest subway, park, tourist, major road) from OpenStreetMap Overpass API; ridership stats from Toronto Open Data 2025–2026 annual ZIPs"
8200,14 Fuller Ave,43.640651590737,-79.43948578399291,23,medium,True,False,,park_trail,medium|park_trail|near_park|near_major_road|charging_station,Medium park trail station near a park or trail and on a major road.,Lansdowne Avenue,2062,False,Albert Crosland Park,35,True,XPACE Cultural Centre,1107,False,Queen Street West,68,True,False,False,True,0.0,0.1,-0.1,low,low,"Small residential or park-adjacent station; if full, alternatives may be farther away.",gbfs|osm|ridership,"base metadata (name, lat/lon, capacity, charging) from GBFS station_information; spatial context (nearest subway, park, tourist, major road) from OpenStreetMap Overpass API; ridership stats from Toronto Open Data 2025–2026 annual ZIPs"
8201,Falmouth Ave / Eglinton Ave E,43.735217,-79.252903,11,small,False,False,,residential,small|residential|near_major_road,Small residential station on a major road.,GO Station Entrance,821,False,Kitchener Park,368,False,Bell Estate,3752,False,Eglinton Avenue East,45,True,False,False,True,0.0,0.05,-0.05,low,low,"Small residential or park-adjacent station; if full, alternatives may be farther away.",gbfs|osm|ridership,"base metadata (name, lat/lon, capacity, charging) from GBFS station_information; spatial context (nearest subway, park, tourist, major road) from OpenStreetMap Overpass API; ridership stats from Toronto Open Data 2025–2026 annual ZIPs"
8202,Corporate Dr / Lee Centre Dr,43.781009,-79.245315,19,medium,False,False,,park_trail,medium|park_trail|near_park,Medium park trail station near a park or trail.,GO Station Entrance,5532,False,Lee Center Park,100,True,P. C. Ho Theatre,1778,False,Progress Avenue,145,False,False,False,True,0.0,0.01,-0.01,low,low,"Small residential or park-adjacent station; if full, alternatives may be farther away.",gbfs|osm|ridership,"base metadata (name, lat/lon, capacity, charging) from GBFS station_information; spatial context (nearest subway, park, tourist, major road) from OpenStreetMap Overpass API; ridership stats from Toronto Open Data 2025–2026 annual ZIPs"
8203,Greenbrae Parkette,43.760466,-79.22981,11,small,False,False,,park_trail,small|park_trail|near_park,Small park trail station near a park or trail.,GO Station Entrance,4045,False,Greenbrae Parkette,48,True,The Wishing Well,3248,False,Lawrence Avenue East,180,False,False,False,True,,,,unknown,unknown,"Small residential or park-adjacent station; if full, alternatives may be farther away.",gbfs|osm,"base metadata (name, lat/lon, capacity, charging) from GBFS station_information; spatial context (nearest subway, park, tourist, major road) from OpenStreetMap Overpass API; no ridership data for this station — historical columns are unknown"
8204,Cedarbrae Mall,43.756854,-79.229425,11,small,False,False,,residential,small|residential,Small residential station.,GO Station Entrance,3771,False,Cedarbrook Park,331,False,The Wishing Well,3078,False,Lawrence Avenue East,226,False,False,False,True,,,,unknown,unknown,"Small residential or park-adjacent station; if full, alternatives may be farther away.",gbfs|osm,"base metadata (name, lat/lon, capacity, charging) from GBFS station_information; spatial context (nearest subway, park, tourist, major road) from OpenStreetMap Overpass API; no ridership data for this station — historical columns are unknown"
8205,Markham Rd / Blakemanor Blvd,43.750777,-79.221929,15,small,False,False,,residential,small|residential|near_major_road,Small residential station on a major road.,GO Station Entrance,3827,False,,406,False,The Wishing Well,2350,False,Markham Road,20,True,False,False,True,0.0,0.01,-0.01,low,low,"Small residential or park-adjacent station; if full, alternatives may be farther away.",gbfs|osm|ridership,"base metadata (name, lat/lon, capacity, charging) from GBFS station_information; spatial context (nearest subway, park, tourist, major road) from OpenStreetMap Overpass API; ridership stats from Toronto Open Data 2025–2026 annual ZIPs"
8206,Richmond St E / Yonge St (2),43.65185,-79.378675,17,medium,False,False,,transit_hub,medium|transit_hub|downtown_core|near_subway|near_park|near_tourist|near_major_road,"Medium transit hub station near subway, in the downtown core, near tourist or event venues, near a park or trail and on a major road.",Entrance from One Queen Street East (via PATH),70,True,,124,True,Canada's Theatre Museum,139,True,Yonge Street,27,True,False,True,False,0.0,3.01,-3.01,low,low,"Large capacity helps, but downtown commuter demand can change quickly; check alternatives early.",gbfs|osm|ridership,"base metadata (name, lat/lon, capacity, charging) from GBFS station_information; spatial context (nearest subway, park, tourist, major road) from OpenStreetMap Overpass API; ridership stats from Toronto Open Data 2025–2026 annual ZIPs"
8207,45 Trudelle St,43.739541,-79.242943,8,tiny,False,False,,park_trail,tiny|park_trail|near_park,Tiny park trail station near a park or trail.,GO Station Entrance,1745,False,Trudelle Street Park,72,True,The Wishing Well,4152,False,Eglinton Avenue East,183,False,False,False,True,0.0,0.01,-0.01,low,low,"Small residential or park-adjacent station; if full, alternatives may be farther away.",gbfs|osm|ridership,"base metadata (name, lat/lon, capacity, charging) from GBFS station_information; spatial context (nearest subway, park, tourist, major road) from OpenStreetMap Overpass API; ridership stats from Toronto Open Data 2025–2026 annual ZIPs"
8208,Surrey Ave / Victoria Park Ave,43.736392,-79.307179,11,small,False,False,,residential,small|residential|near_major_road,Small residential station on a major road.,Don Valley,2888,False,Sweeney Drive,724,False,Water Feature,3107,False,Victoria Park Avenue,22,True,False,False,True,0.0,0.01,-0.01,low,low,"Small residential or park-adjacent station; if full, alternatives may be farther away.",gbfs|osm|ridership,"base metadata (name, lat/lon, capacity, charging) from GBFS station_information; spatial context (nearest subway, park, tourist, major road) from OpenStreetMap Overpass API; ridership stats from Toronto Open Data 2025–2026 annual ZIPs"
8210,Brimorton Dr / Orton Park Rd,43.771483,-79.209087,11,small,False,False,,residential,small|residential,Small residential station.,GO Station Entrance,6076,False,Curran Hall Ravine,633,False,The Rock Walk,2260,False,Lawrence Avenue East,866,False,False,False,True,0.0,0.01,-0.01,low,low,"Small residential or park-adjacent station; if full, alternatives may be farther away.",gbfs|osm|ridership,"base metadata (name, lat/lon, capacity, charging) from GBFS station_information; spatial context (nearest subway, park, tourist, major road) from OpenStreetMap Overpass API; ridership stats from Toronto Open Data 2025–2026 annual ZIPs"
8211,Guildwood Pkwy / Kingston Rd,43.749521,-79.205383,11,small,False,False,,park_trail,small|park_trail|near_park|near_major_road,Small park trail station near a park or trail and on a major road.,GO Station Entrance,4955,False,Rowatson Park,284,True,The Wishing Well,1013,False,Kingston Road,42,True,False,False,True,,,,unknown,unknown,"Small residential or park-adjacent station; if full, alternatives may be farther away.",gbfs|osm,"base metadata (name, lat/lon, capacity, charging) from GBFS station_information; spatial context (nearest subway, park, tourist, major road) from OpenStreetMap Overpass API; no ridership data for this station — historical columns are unknown"
8212,9 Emerson Ave,43.659363,-79.440758,25,medium,True,False,,park_trail,medium|park_trail|near_subway|near_park|near_major_road|charging_station,"Medium park trail station near subway, near a park or trail and on a major road.",Emerson Avenue (Lansdowne Station),34,True,Susan Tibaldi Parkette,112,True,213 Sterling Road,613,False,Bloor Street West,64,True,False,False,True,0.0,0.01,-0.01,low,low,"Small residential or park-adjacent station; if full, alternatives may be farther away.",gbfs|osm|ridership,"base metadata (name, lat/lon, capacity, charging) from GBFS station_information; spatial context (nearest subway, park, tourist, major road) from OpenStreetMap Overpass API; ridership stats from Toronto Open Data 2025–2026 annual ZIPs"
8213,Yonge St / College St,43.66086,-79.38298,17,medium,False,False,,transit_hub,medium|transit_hub|downtown_core|near_subway|near_park|near_tourist|near_major_road,"Medium transit hub station near subway, in the downtown core, near tourist or event venues, near a park or trail and on a major road.",College,27,True,Joseph Sheard Parkette,107,True,Police Museum & Discovery Centre,177,True,Yonge Street,14,True,False,True,False,0.0,2.84,-2.84,low,low,"Large capacity helps, but downtown commuter demand can change quickly; check alternatives early.",gbfs|osm|ridership,"base metadata (name, lat/lon, capacity, charging) from GBFS station_information; spatial context (nearest subway, park, tourist, major road) from OpenStreetMap Overpass API; ridership stats from Toronto Open Data 2025–2026 annual ZIPs"
8214,Lansdowne Ave / Dupont St,43.666364,-79.446404,11,small,False,False,,tourist_event,small|tourist_event|near_tourist|near_major_road,Small tourist event station near tourist or event venues and on a major road.,Wade Avenue,846,False,Campbell Avenue Park,342,False,Adventure Alley Toronto,265,True,Dupont Street,41,True,False,False,False,0.0,0.51,-0.51,low,low,Tourist or event-area station; demand may spike around weekends and events.,gbfs|osm|ridership,"base metadata (name, lat/lon, capacity, charging) from GBFS station_information; spatial context (nearest subway, park, tourist, major road) from OpenStreetMap Overpass API; ridership stats from Toronto Open Data 2025–2026 annual ZIPs"
8215,Dundas St W / McCaul St,43.654501,-79.390868,17,medium,False,False,,transit_hub,medium|transit_hub|downtown_core|near_subway|near_park|near_tourist|near_major_road,"Medium transit hub station near subway, in the downtown core, near tourist or event venues, near a park or trail and on a major road.","University / Dundas, Northwest corner",177,True,,207,True,Toronto bicycle tour,124,True,Dundas Street West,26,True,False,True,False,0.0,3.2,-3.2,low,low,"Large capacity helps, but downtown commuter demand can change quickly; check alternatives early.",gbfs|osm|ridership,"base metadata (name, lat/lon, capacity, charging) from GBFS station_information; spatial context (nearest subway, park, tourist, major road) from OpenStreetMap Overpass API; ridership stats from Toronto Open Data 2025–2026 annual ZIPs"
8216,Davenport Rd / Dovercourt Rd,43.674139,-79.435611,14,small,False,False,,residential,small|residential,Small residential station.,Delaware Avenue,1482,False,Mount Royal Parkette,371,False,Adventure Alley Toronto,981,False,Dufferin Street,450,False,False,False,True,0.0,0.44,-0.44,low,low,"Small residential or park-adjacent station; if full, alternatives may be farther away.",gbfs|osm|ridership,"base metadata (name, lat/lon, capacity, charging) from GBFS station_information; spatial context (nearest subway, park, tourist, major road) from OpenStreetMap Overpass API; ridership stats from Toronto Open Data 2025–2026 annual ZIPs"
8217,Lawrence Ave E / Don Mills Rd ,43.736889,-79.344278,14,small,False,False,,tourist_event,small|tourist_event|near_park|near_tourist|near_major_road,"Small tourist event station near tourist or event venues, near a park or trail and on a major road.",Don Valley,1772,False,Macklin Hancock Park,123,True,Water Feature,315,True,Lawrence Avenue East,11,True,False,False,False,0.0,0.07,-0.07,low,low,Tourist or event-area station; demand may spike around weekends and events.,gbfs|osm|ridership,"base metadata (name, lat/lon, capacity, charging) from GBFS station_information; spatial context (nearest subway, park, tourist, major road) from OpenStreetMap Overpass API; ridership stats from Toronto Open Data 2025–2026 annual ZIPs"
8218,Bessarion Rd / Sheppard Ave E,43.76871888265407,-79.376777001695,11,small,False,False,,park_trail,small|park_trail|near_subway|near_park|near_major_road,"Small park trail station near subway, near a park or trail and on a major road.",Bessarion,49,True,Bessarion Parkette,30,True,Fire Hose Tower,2767,False,Sheppard Avenue East,54,True,False,False,True,0.0,0.16,-0.16,low,low,"Small residential or park-adjacent station; if full, alternatives may be farther away.",gbfs|osm|ridership,"base metadata (name, lat/lon, capacity, charging) from GBFS station_information; spatial context (nearest subway, park, tourist, major road) from OpenStreetMap Overpass API; ridership stats from Toronto Open Data 2025–2026 annual ZIPs"
8219,Kennedy Station,43.73247551087058,-79.26598673158625,19,medium,False,False,,residential,medium|residential|near_subway|near_major_road,Medium residential station near subway and on a major road.,Passenger Pick Up and Drop Off,122,True,,412,False,Bell Estate,3063,False,Eglinton Avenue East,34,True,False,False,True,0.0,0.05,-0.05,low,low,"Small residential or park-adjacent station; if full, alternatives may be farther away.",gbfs|osm|ridership,"base metadata (name, lat/lon, capacity, charging) from GBFS station_information; spatial context (nearest subway, park, tourist, major road) from OpenStreetMap Overpass API; ridership stats from Toronto Open Data 2025–2026 annual ZIPs"
8220,Heron Park Community Centre,43.768848570994756,-79.17571035393466,11,small,False,False,,park_trail,small|park_trail|near_park,Small park trail station near a park or trail.,GO Station Entrance,8045,False,,134,True,The Rock Walk,2002,False,Lawrence Avenue East,202,False,False,False,True,0.0,0.01,-0.01,low,low,"Small residential or park-adjacent station; if full, alternatives may be farther away.",gbfs|osm|ridership,"base metadata (name, lat/lon, capacity, charging) from GBFS station_information; spatial context (nearest subway, park, tourist, major road) from OpenStreetMap Overpass API; ridership stats from Toronto Open Data 2025–2026 annual ZIPs"
8221,Ling Rd / Lawrence Ave E,43.76891198976495,-79.18287811987008,11,small,False,False,,residential,small|residential|near_major_road,Small residential station on a major road.,GO Station Entrance,7555,False,,453,False,The Rock Walk,1792,False,Lawrence Avenue East,28,True,False,False,True,0.0,0.01,-0.01,low,low,"Small residential or park-adjacent station; if full, alternatives may be farther away.",gbfs|osm|ridership,"base metadata (name, lat/lon, capacity, charging) from GBFS station_information; spatial context (nearest subway, park, tourist, major road) from OpenStreetMap Overpass API; ridership stats from Toronto Open Data 2025–2026 annual ZIPs"
8224,439 Wellington St W,43.64346671199668,-79.39673989325408,19,medium,False,False,,park_trail,medium|park_trail|downtown_core|near_park,Medium park trail station in the downtown core and near a park or trail.,University / King Southwest corner (on King),1041,False,Draper Park,133,True,The Ground Floor: Jumblies Theatre,478,False,Front Street West,157,False,False,True,False,0.0,3.28,-3.28,low,low,"Small residential or park-adjacent station; if full, alternatives may be farther away.",gbfs|osm|ridership,"base metadata (name, lat/lon, capacity, charging) from GBFS station_information; spatial context (nearest subway, park, tourist, major road) from OpenStreetMap Overpass API; ridership stats from Toronto Open Data 2025–2026 annual ZIPs"
8225,Ellesmere Rd / Highland Creek Trail,43.780934365003716,-79.21293395482314,11,small,False,False,,park_trail,small|park_trail|near_park,Small park trail station near a park or trail.,GO Station Entrance,6670,False,Botany Hill Park,290,True,The Rock Walk,2072,False,Ellesmere Road,96,False,False,False,True,,,,unknown,unknown,"Small residential or park-adjacent station; if full, alternatives may be farther away.",gbfs|osm,"base metadata (name, lat/lon, capacity, charging) from GBFS station_information; spatial context (nearest subway, park, tourist, major road) from OpenStreetMap Overpass API; no ridership data for this station — historical columns are unknown"
8226,O'Connor Dr / Dohme Ave,43.71035274393168,-79.30935797004291,15,small,False,False,,park_trail,small|park_trail|near_park|near_major_road,Small park trail station near a park or trail and on a major road.,Crescent Town Bridge,2318,False,Topham Park,237,True,Bell Estate,2725,False,O'Connor Drive,16,True,False,False,True,0.0,0.02,-0.02,low,low,"Small residential or park-adjacent station; if full, alternatives may be farther away.",gbfs|osm|ridership,"base metadata (name, lat/lon, capacity, charging) from GBFS station_information; spatial context (nearest subway, park, tourist, major road) from OpenStreetMap Overpass API; ridership stats from Toronto Open Data 2025–2026 annual ZIPs"
8227,Keele St / Ewart Ave,43.686644232677544,-79.47341272645575,11,small,False,False,,park_trail,small|park_trail|near_park|near_major_road,Small park trail station near a park or trail and on a major road.,Keelesdale,438,False,Silverthorn Parkette,212,True,Urban Arts,1754,False,Keele Street,16,True,False,False,True,0.0,0.01,-0.01,low,low,"Small residential or park-adjacent station; if full, alternatives may be farther away.",gbfs|osm|ridership,"base metadata (name, lat/lon, capacity, charging) from GBFS station_information; spatial context (nearest subway, park, tourist, major road) from OpenStreetMap Overpass API; ridership stats from Toronto Open Data 2025–2026 annual ZIPs"
8228,Centre Island Beach,43.61514239375064,-79.37632791355173,39,large,False,False,Fri-Sun 9:00AM-10:00PM,tourist_event,large|tourist_event|waterfront|near_park|near_tourist|valet_station,"Large tourist event station valet-served station, on the waterfront, near tourist or event venues and near a park or trail.",Queens Quay - Ferry Docks,2903,False,Centre Island Park,77,True,William Meany Maze,316,True,Lake Shore Boulevard West,2843,False,True,False,False,,,,unknown,unknown,"Valet station: extra capacity available Fri-Sun 9:00AM-10:00PM; outside those hours, treated as a regular dock.",gbfs|osm|valet_page,"base metadata (name, lat/lon, capacity, charging) from GBFS station_information; spatial context (nearest subway, park, tourist, major road) from OpenStreetMap Overpass API; no ridership data for this station — historical columns are unknown; valet hours (Fri-Sun 9:00AM-10:00PM) from bikesharetoronto.com/valet-stations/"
8229,Hanlan's Point Beach (Entrance 5),43.61569890857279,-79.38920546846151,35,large,False,False,Fri-Sun 9:00AM-10:00PM,waterfront,large|waterfront|valet_station,Large waterfront station valet-served station and on the waterfront.,Queens Quay - Ferry Docks,3001,False,Toronto Island Park,881,False,Old bus,489,False,Lake Shore Boulevard West,2454,False,True,False,False,,,,unknown,unknown,"Valet station: extra capacity available Fri-Sun 9:00AM-10:00PM; outside those hours, treated as a regular dock.",gbfs|osm|valet_page,"base metadata (name, lat/lon, capacity, charging) from GBFS station_information; spatial context (nearest subway, park, tourist, major road) from OpenStreetMap Overpass API; no ridership data for this station — historical columns are unknown; valet hours (Fri-Sun 9:00AM-10:00PM) from bikesharetoronto.com/valet-stations/"
8230,Aitken Place Park,43.64476743239936,-79.36228409257174,39,large,False,False,,park_trail,large|park_trail|downtown_core|near_park,Large park trail station in the downtown core and near a park or trail.,Queens Quay - Ferry Docks,1233,False,,17,True,Distillery District,660,False,Queens Quay East,172,False,False,True,False,,,,unknown,unknown,"Small residential or park-adjacent station; if full, alternatives may be farther away.",gbfs|osm,"base metadata (name, lat/lon, capacity, charging) from GBFS station_information; spatial context (nearest subway, park, tourist, major road) from OpenStreetMap Overpass API; no ridership data for this station — historical columns are unknown"
8232,Fort York Blvd/ Iannuzzi St,43.6382,-79.401824,23,medium,False,False,,tourist_event,medium|tourist_event|downtown_core|near_park|near_tourist,"Medium tourist event station in the downtown core, near tourist or event venues and near a park or trail.",University / King Southwest corner (on King),1701,False,June Callwood Park,236,True,8-Inch Shell Gun (No. 406),104,True,Bathurst Street,115,False,False,True,False,,,,unknown,unknown,Tourist or event-area station; demand may spike around weekends and events.,gbfs|osm,"base metadata (name, lat/lon, capacity, charging) from GBFS station_information; spatial context (nearest subway, park, tourist, major road) from OpenStreetMap Overpass API; no ridership data for this station — historical columns are unknown"
8233,King St W / University Ave (2),43.647644,-79.385235,7,tiny,False,False,,transit_hub,tiny|transit_hub|downtown_core|near_subway|near_park|near_tourist|near_major_road,"Tiny transit hub station near subway, in the downtown core, near tourist or event venues, near a park or trail and on a major road.",Entrance from Roy Thomson Hall (via PATH),16,True,The Pasture,245,True,TD Gallery of Indigenous Art,343,True,King Street West,20,True,False,True,False,,,,unknown,unknown,"Large capacity helps, but downtown commuter demand can change quickly; check alternatives early.",gbfs|osm,"base metadata (name, lat/lon, capacity, charging) from GBFS station_information; spatial context (nearest subway, park, tourist, major road) from OpenStreetMap Overpass API; no ridership data for this station — historical columns are unknown"
